Age at Diagnosis,Type of Breast Surgery,Cancer Type,Cancer Type Detailed,Cellularity,Chemotherapy,Pam50 + Claudin-low subtype,Cohort,ER status measured by IHC,ER Status,Neoplasm Histologic Grade,HER2 status measured by SNP6,HER2 Status,Tumor Other Histologic Subtype,Hormone Therapy,Inferred Menopausal State,Integrative Cluster,Primary Tumor Laterality,Lymph nodes examined positive,Mutation Count,Nottingham prognostic index,Oncotree Code,Overall Survival (Months),Overall Survival Status,PR Status,Radio Therapy,Relapse Free Status (Months),Relapse Free Status,Sex,3-Gene classifier subtype,Tumor Size,Tumor Stage,Patient's Vital Status
75.65,1,0,2,0,0,6,1.0,1,1,3.0,2,0,0,1,0,4,1,10.0,5.0,6.044,2,140.5,1,0,1,138.65,0,0,2,22.0,2.0,2
43.19,0,0,2,0,0,2,1.0,1,1,3.0,2,0,0,1,1,4,1,0.0,2.0,4.02,2,84.63333333,1,1,1,83.52,0,0,0,10.0,1.0,2
48.87,1,0,2,0,1,3,1.0,1,1,2.0,2,0,0,1,1,3,1,1.0,2.0,4.03,2,163.7,0,1,0,151.28,1,0,1,15.0,2.0,0
47.68,1,0,5,2,1,3,1.0,1,1,2.0,2,0,4,1,1,10,1,3.0,1.0,4.05,6,164.93333330000002,1,1,1,162.76,0,0,1,25.0,2.0,2
76.97,1,0,5,0,1,3,1.0,1,1,3.0,2,0,4,1,0,10,1,8.0,2.0,6.08,6,41.36666667,0,1,1,18.55,1,0,0,40.0,2.0,0
78.77,1,0,2,2,0,3,1.0,1,1,3.0,2,0,0,1,0,8,0,0.0,4.0,4.062,2,7.8,0,1,1,2.89,1,0,0,31.0,4.0,0
56.45,0,0,2,2,1,3,1.0,1,1,2.0,1,0,0,1,0,3,1,1.0,4.0,4.02,2,164.33333330000002,1,1,1,162.17,0,0,1,10.0,2.0,2
70.0,1,0,3,0,1,5,1.0,0,0,3.0,2,0,1,0,0,5,0,0.0,5.0,6.13,3,22.4,0,0,1,11.74,1,0,2,65.0,3.0,0
89.08,0,0,5,2,0,6,1.0,1,1,2.0,2,0,4,1,0,3,0,1.0,1.0,4.058,6,99.53333333,0,0,1,98.22,0,0,1,29.0,2.0,1
76.24,1,0,2,0,0,2,1.0,1,1,3.0,2,0,0,1,0,9,0,11.0,5.0,6.68,2,116.46666670000002,0,1,1,126.32,1,0,1,34.0,2.0,2
86.41,0,0,2,2,0,3,1.0,1,1,3.0,0,0,0,1,0,10,1,1.0,4.0,5.032,2,36.56666667,0,0,1,36.09,0,0,0,16.0,2.0,1
84.22,1,0,3,0,0,1,1.0,0,1,2.0,1,0,1,0,0,3,0,0.0,5.0,3.056,3,36.26666667,0,0,0,35.79,1,0,0,28.0,2.0,0
85.49,1,0,2,2,0,2,1.0,1,1,2.0,2,0,0,1,0,3,0,0.0,1.0,3.044,2,132.03333329999998,0,1,1,123.32,1,0,1,22.0,4.0,0
70.91,0,0,2,0,0,3,1.0,1,1,1.0,0,0,0,1,0,4,0,0.0,3.0,2.042,2,163.5333333,1,1,1,161.38,0,0,1,21.0,1.0,2
45.27,1,0,2,0,1,6,1.0,0,0,3.0,2,0,0,0,1,5,1,3.0,5.0,5.038,2,164.9,1,1,1,105.99,1,0,1,19.0,2.0,2
83.02,1,0,2,0,0,2,1.0,1,1,3.0,0,1,0,1,0,6,0,24.0,2.0,6.072,2,14.13333333,0,1,1,13.36,1,0,1,36.0,2.0,1
51.46,0,0,2,1,1,6,1.0,1,1,2.0,0,1,0,1,0,4,0,1.0,5.0,4.05,2,103.8333333,1,1,1,102.47,0,0,1,25.0,2.0,2
44.64,0,0,5,2,1,5,1.0,1,1,2.0,2,0,4,1,1,9,1,3.0,5.0,4.066,6,75.33333333,1,1,1,74.34,0,0,1,33.0,2.0,2
70.02,0,0,2,0,0,3,1.0,1,1,2.0,2,0,0,1,0,8,1,0.0,5.0,3.0460000000000003,2,161.06666669999998,1,0,1,158.95,0,0,1,23.0,2.0,2
66.91,1,0,2,2,0,3,1.0,1,1,3.0,0,0,0,1,0,1,1,0.0,3.0,4.072,2,160.3,1,1,1,119.84,1,0,1,36.0,2.0,2
62.62,1,0,5,0,0,3,1.0,1,1,2.0,2,0,4,1,0,0,1,0.0,4.0,3.0580000000000003,6,62.86666667,1,1,0,62.04,0,0,1,29.0,1.0,2
75.58,1,0,2,0,0,2,1.0,1,1,3.0,2,0,0,1,0,9,0,0.0,5.0,4.034,2,160.9,1,1,1,158.78,0,0,0,17.0,1.0,2
45.43,0,0,2,0,1,3,1.0,1,1,3.0,2,0,0,1,1,1,1,0.0,5.0,4.046,2,140.8666667,1,1,1,139.01,0,0,0,23.0,2.0,2
52.14,1,0,2,0,1,0,1.0,0,0,3.0,2,0,0,0,0,1,1,0.0,3.0,4.034,2,153.9666667,1,0,1,151.94,0,0,1,17.0,1.0,2
69.13,0,0,2,2,0,3,1.0,1,1,2.0,0,0,0,1,0,3,1,0.0,5.0,3.036,2,108.9333333,1,1,0,107.5,0,0,1,18.0,1.0,2
61.49,0,0,2,0,0,3,1.0,1,1,2.0,2,0,0,1,0,8,0,1.0,3.0,4.032,2,157.43333330000002,1,1,1,155.36,0,0,0,16.0,2.0,2
51.01,0,0,2,0,0,2,1.0,1,1,1.0,1,0,7,1,0,3,0,1.0,2.0,3.024,2,103.1333333,1,1,1,101.78,0,0,1,12.0,2.0,2
68.42,1,0,6,0,0,3,1.0,1,1,2.0,2,0,0,1,0,9,0,0.0,5.0,4.1,0,131.0,0,0,1,129.28,0,0,1,50.0,2.0,1
50.42,1,0,2,0,1,1,1.0,0,0,3.0,2,0,0,0,0,1,1,4.0,4.0,6.08,2,28.5,0,0,1,26.28,1,0,1,40.0,2.0,0
49.61,0,0,2,2,0,6,1.0,1,1,2.0,2,0,0,1,1,3,1,0.0,4.0,3.048,2,69.5,1,1,1,68.59,0,0,1,24.0,2.0,2
64.85,0,0,3,2,0,3,1.0,1,1,2.0,2,0,1,1,0,2,1,0.0,2.0,3.026,3,86.06666667,0,1,1,84.93,1,0,1,13.0,1.0,0
43.55,0,0,5,0,0,3,1.0,1,1,3.0,2,0,4,1,1,3,0,1.0,4.0,5.0280000000000005,6,153.2,1,1,1,151.18,0,0,1,14.0,2.0,2
80.5,1,0,2,0,0,3,1.0,1,1,2.0,2,0,0,1,0,9,0,1.0,3.0,4.11,2,49.76666667,0,1,1,49.11,0,0,1,55.0,3.0,1
78.19,1,0,2,0,0,2,1.0,1,1,3.0,2,0,0,1,0,9,0,3.0,2.0,5.06,2,98.7,1,1,1,97.4,0,0,1,30.0,2.0,2
51.58,0,0,2,2,1,3,1.0,1,1,2.0,1,0,0,1,0,4,1,0.0,5.0,3.042,2,132.1,0,1,1,80.43,1,0,1,21.0,2.0,0
68.68,1,0,2,1,1,0,1.0,0,0,3.0,2,0,0,0,0,1,1,0.0,1.0,4.078,2,8.066666667,0,0,1,7.83,1,0,2,39.0,2.0,0
46.89,1,0,3,2,0,5,1.0,1,1,2.0,2,0,1,1,1,9,1,0.0,3.0,3.068,3,148.0333333,1,1,1,33.72,1,0,1,34.0,2.0,2
51.38,1,0,3,0,1,3,1.0,1,1,2.0,2,0,1,1,0,3,1,16.0,4.0,5.08,3,140.7666667,0,1,1,100.66,1,0,0,40.0,2.0,0
49.87,1,0,2,2,1,2,1.0,1,1,1.0,2,0,0,1,1,9,0,5.0,4.0,4.14,2,85.33333333,1,1,1,84.21,0,0,1,70.0,3.0,2
65.59,1,0,2,2,0,3,1.0,1,1,3.0,2,0,0,1,0,0,1,0.0,4.0,4.0360000000000005,2,158.0333333,1,1,0,155.95,0,0,1,18.0,2.0,2
43.15,0,0,2,1,1,6,1.0,1,1,3.0,2,0,0,1,1,4,1,0.0,2.0,4.0360000000000005,2,42.7,0,0,1,22.7,1,0,1,18.0,1.0,0
82.53,1,0,2,0,0,0,1.0,1,1,3.0,0,0,0,0,0,10,0,0.0,7.0,4.09,2,112.4,0,1,0,110.92,0,0,0,45.0,2.0,1
45.73,0,0,6,1,0,6,1.0,1,0,3.0,2,0,0,0,1,3,0,0.0,5.0,2.14,0,157.5,1,0,0,12.17,1,0,1,70.0,0.0,2
54.23,1,0,2,0,0,2,1.0,1,1,1.0,2,0,0,1,0,3,1,0.0,4.0,2.0540000000000003,2,127.1,1,1,0,125.43,0,0,1,27.0,2.0,2
83.89,1,0,3,0,0,2,1.0,1,1,3.0,2,0,1,1,0,3,1,14.0,8.0,6.3,3,39.16666667,0,0,1,25.13,1,0,1,150.0,3.0,0
36.96,1,0,2,1,1,1,1.0,1,0,3.0,0,1,0,1,1,6,1,3.0,5.0,5.034,2,43.16666667,1,0,1,42.6,0,0,3,17.0,2.0,2
48.59,1,0,2,1,0,2,1.0,1,1,2.0,2,0,0,1,1,9,0,0.0,3.0,3.06,2,13.4,1,1,0,13.22,0,0,0,30.0,2.0,2
39.84,1,0,2,2,1,0,1.0,0,0,3.0,2,0,0,0,1,1,0,0.0,5.0,4.05,2,66.73333333,0,0,1,31.74,1,0,2,25.0,2.0,0
42.55,1,0,3,2,1,5,1.0,1,1,2.0,2,0,1,1,1,7,1,1.0,2.0,4.12,3,122.26666670000002,1,1,1,120.66,0,0,0,60.0,3.0,2
60.07,0,0,5,2,0,2,1.0,1,1,2.0,2,0,4,1,0,0,1,1.0,2.0,4.046,6,2.4,1,0,1,2.37,0,0,1,23.0,2.0,2
82.73,1,0,2,0,0,3,1.0,1,1,2.0,0,0,0,1,0,8,0,1.0,2.0,4.046,2,95.86666667,0,0,1,94.61,1,0,0,23.0,2.0,0
72.1,1,0,2,2,0,3,1.0,1,1,3.0,0,1,0,1,0,10,0,1.0,3.0,5.052,2,29.06666667,0,0,1,28.68,1,0,0,26.0,2.0,0
78.73,1,0,2,2,0,2,1.0,1,1,2.0,2,0,0,1,0,9,0,6.0,4.0,5.06,2,152.2,1,0,1,150.2,0,0,1,30.0,2.0,2
58.95,0,0,2,2,0,2,1.0,1,1,1.0,2,0,0,1,0,9,1,1.0,5.0,3.04,2,138.9,1,1,1,137.07,0,0,1,20.0,2.0,2
76.89,1,0,2,2,0,3,1.0,1,1,3.0,2,0,0,1,0,0,1,0.0,8.0,4.05,2,114.23333329999998,0,1,0,25.86,1,0,0,25.0,2.0,1
43.46,0,0,5,1,1,2,1.0,1,1,2.0,2,0,4,1,1,9,0,2.0,1.0,4.1,6,118.2,1,1,1,116.64,0,0,1,50.0,3.0,2
73.98,0,0,5,1,0,3,1.0,1,1,1.0,2,0,4,1,0,9,1,0.0,3.0,2.018,6,1.266666667,1,1,0,1.25,0,0,1,9.0,2.0,2
61.95,1,0,2,2,0,2,1.0,1,1,2.0,2,0,0,1,0,9,1,0.0,5.0,3.07,2,127.6333333,1,1,1,41.18,1,0,1,35.0,2.0,2
52.11,0,0,2,0,1,5,1.0,1,0,2.0,2,0,0,1,0,3,1,1.0,5.0,4.026,2,132.0666667,1,0,1,130.33,0,0,1,13.0,2.0,2
57.4,0,0,2,1,0,6,1.0,1,1,2.0,2,0,0,1,0,3,0,0.0,4.0,3.028,2,137.8,1,1,1,135.99,0,0,1,14.0,1.0,2
63.53,1,0,2,1,1,1,1.0,0,0,3.0,0,1,0,0,0,6,1,4.0,5.0,6.047999999999999,2,38.56666667,0,0,1,38.06,0,0,3,24.0,2.0,1
56.75,1,0,2,1,0,2,1.0,1,1,1.0,0,1,0,1,0,6,0,0.0,5.0,2.0340000000000003,2,153.56666669999998,1,0,0,151.55,0,0,3,17.0,1.0,2
69.16,1,0,2,2,1,2,1.0,1,1,3.0,2,0,0,1,0,9,0,0.0,5.0,4.078,2,66.63333333,0,0,1,63.59,1,0,0,39.0,2.0,0
58.89,0,0,5,2,1,2,1.0,1,1,1.0,2,0,4,1,0,9,0,1.0,3.0,3.16,6,151.0,1,0,1,149.01,0,0,1,80.0,2.0,2
73.11,1,0,2,0,0,3,1.0,1,1,3.0,2,0,0,1,0,9,0,3.0,1.0,5.044,2,12.93333333,0,0,1,11.71,1,0,0,22.0,2.0,0
74.09,1,0,2,2,0,3,1.0,1,1,3.0,2,0,0,1,0,2,0,1.0,5.0,5.07,2,116.6333333,1,1,1,115.1,0,0,0,35.0,2.0,2
72.3,0,0,2,0,0,2,1.0,1,1,2.0,2,0,0,1,0,3,1,0.0,2.0,3.026,2,88.2,1,1,0,87.04,0,0,1,13.0,1.0,2
51.33,0,0,2,2,0,2,1.0,1,1,2.0,1,0,0,1,0,3,0,0.0,2.0,3.036,2,150.56666669999998,1,1,0,148.59,0,0,1,18.0,1.0,2
47.62,0,0,3,2,0,2,1.0,1,1,2.0,2,0,1,1,1,3,1,1.0,1.0,4.06,3,109.2,1,1,1,107.76,0,0,1,30.0,2.0,2
74.07,0,0,2,0,0,3,1.0,1,1,2.0,2,0,0,1,0,9,1,1.0,1.0,4.053999999999999,2,147.93333330000002,1,0,1,145.99,0,0,0,27.0,2.0,2
57.99,1,0,5,2,0,2,1.0,1,1,2.0,1,0,4,0,0,0,1,0.0,5.0,3.032,6,12.4,1,1,0,12.24,0,0,1,16.0,1.0,2
85.39,0,0,2,0,0,2,1.0,1,1,3.0,2,0,0,1,0,10,1,2.0,7.0,5.044,2,54.33333333,0,0,1,53.62,0,0,0,22.0,2.0,1
79.73,0,0,2,0,0,3,1.0,1,1,3.0,2,0,0,1,0,9,0,6.0,5.0,6.0520000000000005,2,152.06666669999998,0,1,1,116.38,1,0,1,26.0,2.0,0
62.4,0,0,3,2,0,2,1.0,1,1,2.0,2,0,1,1,0,3,0,0.0,2.0,3.04,3,147.66666669999998,1,1,1,145.72,0,0,1,20.0,1.0,2
81.0,0,0,2,0,0,3,1.0,1,1,3.0,1,0,0,1,0,0,0,2.0,5.0,5.044,2,122.1666667,0,0,1,120.56,0,0,0,22.0,2.0,1
79.28,1,0,3,0,0,2,1.0,1,1,2.0,2,0,1,1,0,2,1,9.0,2.0,5.0760000000000005,3,51.76666667,0,1,1,50.59,1,0,0,38.0,2.0,0
53.16,1,0,2,0,0,1,1.0,0,0,3.0,0,1,0,0,0,6,0,0.0,3.0,4.038,2,1.766666667,1,0,0,1.74,0,0,3,19.0,1.0,2
77.13,0,0,2,1,0,0,1.0,0,0,3.0,1,0,0,0,0,1,1,0.0,2.0,4.078,2,51.7,0,0,1,51.02,0,0,2,39.0,2.0,1
70.22,1,0,2,0,0,0,1.0,1,1,2.0,2,0,0,1,0,4,0,0.0,11.0,3.04,2,111.2,1,0,0,109.74,0,0,2,20.0,2.0,2
67.7,1,0,2,2,0,3,1.0,1,1,3.0,2,0,0,1,0,2,0,6.0,1.0,6.1,2,49.23333333,0,1,1,47.99,1,0,0,50.0,3.0,0
63.77,1,0,2,0,0,1,1.0,0,0,3.0,0,1,0,0,0,5,1,0.0,8.0,4.024,2,63.03333333,1,0,0,62.2,0,0,3,12.0,1.0,2
67.12,1,0,6,0,0,6,1.0,1,0,3.0,2,0,0,0,0,5,0,0.0,5.0,1.056,0,148.56666669999998,1,0,0,146.61,0,0,2,28.0,2.0,2
62.46,1,0,2,2,0,2,1.0,1,1,2.0,2,0,0,1,0,4,1,0.0,2.0,3.024,2,114.76666670000002,1,0,0,113.26,0,0,1,12.0,1.0,2
62.72,0,0,2,2,0,6,1.0,1,1,1.0,2,0,0,1,0,4,0,0.0,2.0,2.018,2,59.8,1,0,1,59.01,0,0,1,9.0,1.0,2
60.85,0,0,6,1,0,6,1.0,1,1,1.0,2,0,0,0,0,4,0,0.0,5.0,2.004,0,2.866666667,1,0,0,2.83,0,0,1,2.0,0.0,2
71.5,0,0,2,2,0,6,1.0,0,0,3.0,2,0,0,0,0,5,0,0.0,1.0,4.06,2,114.76666670000002,1,0,1,113.26,0,0,2,30.0,2.0,2
50.43,1,0,2,2,1,0,1.0,0,0,3.0,2,0,0,1,0,1,0,0.0,5.0,4.044,2,192.3,1,0,0,40.2,1,0,2,22.0,2.0,2
51.04,1,0,6,1,0,0,1.0,1,0,3.0,0,1,0,0,0,6,0,0.0,5.0,2.046,0,75.3,1,0,0,74.31,0,0,3,23.0,0.0,2
36.66,0,0,6,0,0,5,1.0,1,0,3.0,2,0,0,0,1,5,1,0.0,5.0,1.046,0,143.5333333,1,1,0,141.64,0,0,1,23.0,2.0,2
57.56,0,0,5,0,0,2,1.0,1,1,2.0,2,0,4,1,0,8,0,1.0,5.0,4.0280000000000005,6,55.76666667,1,1,1,55.03,0,0,1,14.0,2.0,2
84.73,0,0,2,0,0,0,1.0,0,0,3.0,2,0,0,0,0,1,0,1.0,14.0,5.053999999999999,2,98.1,0,0,0,96.81,0,0,1,27.0,2.0,1
37.87,1,0,2,0,1,6,1.0,0,0,3.0,2,0,0,0,1,1,0,0.0,4.0,4.032,2,10.83333333,1,0,1,10.69,0,0,2,16.0,2.0,2
53.75,1,0,2,2,1,2,1.0,1,1,3.0,0,1,0,1,0,6,0,22.0,2.0,6.104,2,47.63333333,0,0,1,32.14,1,0,3,52.0,3.0,0
44.98,0,0,2,2,1,2,1.0,1,1,3.0,2,0,0,1,1,4,1,3.0,2.0,5.048,2,104.4,1,1,1,103.03,0,0,1,24.0,2.0,2
76.4,1,0,2,0,0,3,1.0,1,1,3.0,2,0,0,1,0,10,1,2.0,9.0,5.0760000000000005,2,43.1,0,1,1,40.3,1,0,0,38.0,2.0,0
60.26,0,0,2,1,0,6,1.0,1,1,3.0,2,0,0,1,0,4,0,0.0,1.0,4.034,2,122.76666670000002,1,0,1,121.15,0,0,1,17.0,1.0,2
79.28,0,0,3,1,0,5,1.0,1,1,2.0,2,0,1,1,0,4,0,0.0,5.0,3.0780000000000003,3,145.43333330000002,0,1,0,143.52,0,0,1,39.0,2.0,1
83.35,1,0,2,1,0,2,1.0,1,1,1.0,2,0,7,1,0,3,0,1.0,3.0,3.052,2,93.36666667,0,0,1,92.14,0,0,1,26.0,2.0,1
64.57,1,0,5,2,0,5,1.0,1,1,3.0,2,0,4,1,0,4,1,0.0,4.0,4.053999999999999,6,5.433333332999999,1,0,1,5.36,0,0,1,27.0,2.0,2
48.11,1,0,2,1,1,2,1.0,1,1,2.0,2,0,0,1,1,3,1,1.0,7.0,4.04,2,138.1,1,1,1,136.28,0,0,1,20.0,2.0,2
83.99,1,0,2,0,0,3,1.0,1,1,3.0,1,0,0,1,0,8,1,4.0,3.0,6.087999999999999,2,3.766666667,1,1,1,3.72,0,0,0,44.0,2.0,2
59.18,0,0,2,1,1,6,1.0,0,0,3.0,2,0,0,0,0,5,0,0.0,2.0,4.048,2,78.76666667,1,0,1,77.73,0,0,2,24.0,2.0,2
69.51,1,0,2,0,0,2,1.0,1,1,1.0,1,0,7,1,0,7,1,0.0,2.0,2.04,2,72.36666667,1,0,0,71.41,0,0,1,20.0,1.0,2
38.78,1,0,2,2,1,2,1.0,1,1,3.0,2,0,0,1,1,0,1,7.0,1.0,6.072,2,113.4333333,1,1,1,77.53,1,0,0,36.0,2.0,2
85.94,1,0,5,1,0,2,1.0,1,1,2.0,2,0,4,1,0,7,0,2.0,3.0,4.088,6,45.6,0,1,1,45.0,0,0,1,44.0,2.0,1
74.63,0,0,2,0,0,3,1.0,1,1,3.0,2,0,0,1,0,0,0,0.0,3.0,4.042,2,104.4666667,0,1,1,103.09,1,0,1,21.0,2.0,0
56.39,1,0,2,1,1,6,1.0,0,0,3.0,0,0,0,0,0,5,1,7.0,5.0,6.068,2,17.93333333,0,0,1,17.7,1,0,2,34.0,3.0,0
51.69,0,0,2,2,0,2,1.0,1,1,2.0,2,0,0,1,0,9,1,0.0,2.0,3.036,2,62.33333333,1,1,1,61.51,0,0,1,18.0,1.0,2
68.45,0,0,2,2,0,2,1.0,1,1,2.0,2,0,0,1,0,8,0,1.0,3.0,4.042,2,85.96666667,1,1,1,84.84,0,0,1,21.0,2.0,2
68.41,1,0,4,2,0,2,1.0,1,1,2.0,2,0,5,1,0,4,0,0.0,1.0,3.05,4,109.03333329999998,1,1,0,107.6,0,0,1,25.0,2.0,2
76.84,1,0,2,2,0,3,1.0,1,1,3.0,0,0,0,1,0,10,1,0.0,5.0,5.1,2,43.83333333,0,1,1,35.72,1,0,0,50.0,2.0,0
82.65,1,0,3,0,1,1,1.0,1,0,2.0,2,0,1,0,0,3,1,2.0,7.0,4.09,3,31.3,0,0,1,13.82,1,0,1,45.0,2.0,0
57.79,1,0,2,2,1,5,1.0,1,1,3.0,2,0,0,1,0,7,1,6.0,2.0,6.096,2,9.066666667,0,0,1,1.32,1,0,1,48.0,4.0,0
81.02,0,0,2,0,0,0,1.0,0,0,3.0,2,0,0,0,0,1,1,0.0,2.0,4.05,2,15.3,0,0,1,15.1,0,0,1,25.0,2.0,1
62.55,0,0,5,2,0,6,1.0,1,1,1.0,2,0,4,1,0,4,1,0.0,2.0,2.026,6,144.6333333,1,0,1,142.73,0,0,1,13.0,1.0,2
51.54,1,0,2,0,0,3,1.0,1,1,3.0,0,0,0,0,0,3,0,7.0,1.0,6.037999999999999,2,19.0,1,1,0,18.75,0,0,0,19.0,2.0,2
56.45,1,0,2,0,1,2,1.0,1,1,2.0,2,0,0,1,0,3,1,6.0,5.0,5.042,2,91.6,1,1,1,90.39,0,0,1,21.0,2.0,2
75.18,1,0,2,0,0,3,1.0,1,1,3.0,0,0,0,1,0,7,1,21.0,2.0,6.056,2,146.0,1,0,1,92.43,1,0,0,28.0,2.0,2
50.48,1,0,2,0,1,3,1.0,1,1,3.0,2,0,0,1,0,10,0,2.0,2.0,5.048,2,70.73333333,1,1,1,69.8,0,0,0,24.0,2.0,2
43.37,1,0,2,0,1,3,1.0,1,1,3.0,2,0,0,1,1,9,1,4.0,3.0,6.0360000000000005,2,144.7666667,1,1,1,142.86,0,0,0,18.0,2.0,2
57.56,0,0,5,0,0,2,1.0,1,1,3.0,2,0,4,1,0,3,1,1.0,1.0,5.038,6,144.4,1,1,1,142.5,0,0,1,19.0,2.0,2
69.86,1,0,2,2,0,0,1.0,0,0,3.0,2,0,2,0,0,1,1,0.0,1.0,4.0760000000000005,2,130.86666670000002,0,0,1,129.14,1,0,1,38.0,2.0,0
49.5,1,0,2,2,1,0,1.0,0,0,3.0,0,1,0,0,1,6,0,0.0,4.0,4.04,2,125.7,1,0,1,124.05,0,0,3,20.0,1.0,2
46.0,1,0,2,0,1,2,1.0,1,1,3.0,2,0,0,1,1,4,1,1.0,3.0,5.06,2,128.36666670000002,1,1,1,126.68,0,0,0,30.0,2.0,2
86.24,1,0,2,0,1,2,1.0,1,1,3.0,2,0,0,1,0,8,1,1.0,2.0,5.05,2,58.76666667,0,1,1,57.99,0,0,0,25.0,2.0,1
79.38,0,0,2,2,0,2,1.0,1,1,1.0,2,0,0,1,0,3,1,0.0,3.0,2.02,2,24.3,0,0,1,23.91,1,0,1,10.0,1.0,0
53.56,0,0,3,1,0,5,1.0,1,1,2.0,2,0,1,1,0,3,0,0.0,1.0,3.052,3,144.4666667,1,0,1,142.57,0,0,1,26.0,2.0,2
55.02,1,0,2,0,1,6,1.0,0,0,3.0,2,0,2,0,0,1,0,2.0,7.0,5.07,2,141.16666669999998,1,0,1,139.31,0,0,2,35.0,2.0,2
48.13,1,0,5,0,0,2,1.0,1,1,2.0,0,0,4,1,1,9,0,2.0,6.0,4.056,6,173.6333333,1,1,0,171.35,0,0,1,28.0,2.0,2
67.17,1,0,2,2,0,6,1.0,1,1,2.0,2,0,0,1,0,4,1,0.0,5.0,3.006,2,82.36666667,1,0,0,81.28,0,0,2,3.0,1.0,2
63.14,1,0,6,0,0,6,1.0,1,0,2.0,2,0,0,1,0,4,0,0.0,5.0,5.01,0,144.93333330000002,1,0,1,143.03,0,0,1,5.0,3.0,2
42.95,1,0,2,2,0,6,1.0,1,0,3.0,2,0,0,0,1,10,0,13.0,2.0,6.08,2,44.8,0,0,0,44.21,1,0,1,40.0,2.0,0
41.41,0,0,2,0,1,0,1.0,1,0,3.0,2,0,0,0,1,1,0,0.0,4.0,4.053999999999999,2,146.9,1,0,1,144.97,0,0,2,27.0,2.0,2
75.63,1,0,5,0,0,3,1.0,1,1,2.0,2,0,4,1,0,3,1,0.0,11.0,3.08,6,122.2,1,1,1,120.59,0,0,0,40.0,2.0,2
43.39,0,0,2,0,1,3,1.0,1,1,3.0,2,0,0,1,1,0,0,2.0,2.0,5.04,2,131.0666667,1,1,1,129.34,0,0,0,20.0,2.0,2
37.24,1,0,2,0,0,6,1.0,1,0,3.0,0,0,0,0,1,4,1,6.0,1.0,6.04,2,39.83333333,0,0,0,39.31,1,0,3,20.0,2.0,0
77.72,1,0,2,2,0,1,1.0,0,0,3.0,0,0,0,0,0,5,0,7.0,8.0,6.04,2,20.2,0,0,0,19.93,1,0,0,20.0,2.0,0
50.31,0,0,3,0,1,6,1.0,1,1,3.0,2,0,1,1,0,4,1,0.0,6.0,2.04,3,212.7,1,1,1,209.9,0,0,1,20.0,2.0,2
50.45,1,0,2,0,1,2,1.0,1,1,3.0,0,0,0,1,0,4,1,12.0,5.0,6.04,2,81.33333333,0,0,1,43.22,1,0,1,20.0,2.0,0
44.01,1,0,2,2,0,2,1.0,1,1,3.0,2,0,0,1,1,4,1,0.0,8.0,4.05,2,176.7666667,1,1,0,174.44,0,0,1,25.0,2.0,2
59.15,0,0,2,2,0,3,1.0,1,1,2.0,0,1,0,1,0,0,0,0.0,5.0,3.0380000000000003,2,212.2,1,0,0,135.99,1,0,3,19.0,1.0,2
58.21,0,0,2,1,0,2,1.0,1,1,1.0,2,0,0,1,0,9,1,1.0,4.0,3.04,2,57.63333333,1,1,1,56.88,0,0,1,20.0,2.0,2
52.95,0,0,2,0,0,2,1.0,1,1,2.0,2,0,0,1,0,9,0,0.0,4.0,3.048,2,111.8666667,1,1,0,110.39,0,0,1,24.0,1.0,2
63.35,1,0,3,1,0,5,1.0,1,1,1.0,2,0,1,0,0,4,0,1.0,1.0,3.034,3,10.83333333,0,1,0,10.69,1,0,1,17.0,2.0,0
45.5,0,0,5,0,0,2,1.0,1,1,2.0,2,0,4,1,1,8,1,0.0,5.0,3.0380000000000003,6,71.5,1,1,1,70.56,0,0,1,19.0,1.0,2
41.98,1,0,2,0,0,1,1.0,1,0,3.0,0,1,0,0,1,6,0,0.0,2.0,1.07,2,200.3333333,1,0,0,197.7,0,0,3,35.0,0.0,2
71.57,0,0,4,1,0,2,1.0,1,1,3.0,0,0,5,0,0,3,0,0.0,1.0,1.06,4,19.6,1,0,0,19.34,0,0,1,30.0,2.0,2
44.73,0,0,2,0,0,2,1.0,1,1,2.0,2,0,0,0,1,9,1,0.0,3.0,3.028,2,207.6333333,1,1,0,204.9,0,0,1,14.0,1.0,2
77.77,0,0,2,2,0,2,1.0,1,1,2.0,0,0,0,1,0,2,0,0.0,9.0,3.034,2,72.43333333,0,1,0,71.48,0,0,1,17.0,1.0,1
56.27,1,0,5,0,0,3,1.0,1,1,3.0,2,0,4,1,0,9,1,0.0,7.0,3.052,6,94.23333333,0,1,1,92.99,0,0,0,26.0,2.0,1
52.55,0,0,2,1,1,2,1.0,1,1,2.0,2,0,0,1,0,9,0,1.0,3.0,4.04,2,142.56666669999998,0,1,1,127.89,1,0,1,20.0,2.0,0
43.63,1,0,2,2,1,2,1.0,1,1,3.0,0,1,0,1,1,6,1,0.0,1.0,4.053999999999999,2,205.0333333,1,1,1,202.34,0,0,3,27.0,2.0,2
52.19,1,0,2,0,1,6,1.0,0,0,3.0,2,0,0,0,0,1,1,4.0,1.0,6.07,2,193.1666667,1,0,1,190.63,0,0,2,35.0,2.0,2
77.85,0,0,5,0,0,2,1.0,1,1,1.0,2,0,4,1,0,3,1,0.0,2.0,2.092,6,85.56666667,0,1,1,84.44,1,0,1,46.0,3.0,0
55.09,1,0,2,2,0,6,1.0,1,1,3.0,2,0,0,0,0,4,0,0.0,6.0,4.058,2,73.13333333,0,0,0,72.17,1,0,1,29.0,2.0,0
51.25,0,0,2,2,0,3,1.0,1,1,2.0,2,0,0,1,0,9,0,0.0,5.0,3.036,2,199.1,1,1,0,196.48,0,0,1,18.0,1.0,2
53.72,0,0,2,0,1,3,1.0,1,1,2.0,2,0,0,1,0,9,1,1.0,4.0,4.044,2,149.7666667,1,1,1,147.8,0,0,1,22.0,2.0,2
67.83,0,0,2,1,0,5,1.0,1,1,1.0,2,0,0,1,0,4,0,0.0,1.0,2.022,2,149.7333333,1,1,0,147.76,0,0,1,11.0,1.0,2
54.76,0,0,3,0,0,2,1.0,1,1,3.0,2,0,1,1,0,3,1,0.0,13.0,1.028,3,164.7,1,0,0,162.53,0,0,1,14.0,1.0,2
66.75,0,0,2,2,0,2,1.0,1,1,2.0,2,0,0,1,0,4,0,1.0,4.0,4.03,2,185.6,1,1,1,183.16,1,0,1,15.0,2.0,2
45.76,1,0,2,0,1,2,1.0,1,1,3.0,2,0,0,1,1,9,1,0.0,5.0,4.042,2,71.0,1,1,1,70.07,0,0,1,21.0,2.0,2
53.45,0,0,2,0,0,1,1.0,0,0,3.0,0,0,0,0,0,1,1,0.0,2.0,4.022,2,188.3333333,1,0,1,185.86,0,0,2,11.0,1.0,2
69.19,0,0,2,0,0,5,1.0,1,1,2.0,2,0,0,1,0,4,0,0.0,1.0,3.024,2,152.3,1,1,0,150.3,0,0,1,12.0,1.0,2
53.1,0,0,2,0,0,2,1.0,1,1,1.0,2,0,0,1,0,3,1,0.0,3.0,2.0340000000000003,2,200.7,1,1,0,156.68,1,0,1,17.0,1.0,2
57.61,0,0,2,2,1,2,1.0,1,1,2.0,0,0,0,1,0,9,1,0.0,1.0,3.05,2,91.73333333,0,0,1,32.11,1,0,0,25.0,2.0,0
62.7,0,0,2,0,0,2,1.0,1,1,3.0,0,0,0,1,0,8,0,0.0,7.0,4.022,2,86.13333333,1,1,1,85.0,0,0,0,11.0,1.0,2
38.99,1,0,2,0,1,0,1.0,0,0,3.0,0,0,0,0,1,10,0,9.0,2.0,6.0,2,11.86666667,0,0,0,11.71,1,0,2,22.41,3.0,0
78.26,1,0,2,0,0,2,1.0,1,1,3.0,2,0,0,1,0,3,0,0.0,1.0,1.024,2,169.83333330000002,0,1,1,167.6,0,0,1,12.0,1.0,1
63.93,0,0,2,0,0,3,1.0,1,1,1.0,2,0,0,1,0,9,0,6.0,3.0,4.052,2,90.23333333,0,1,1,86.64,1,0,0,26.0,2.0,0
55.44,1,0,2,0,0,1,1.0,1,1,3.0,2,0,0,1,0,8,0,0.0,2.0,4.052,2,182.2666667,0,0,0,179.87,0,0,1,26.0,2.0,1
76.49,1,0,5,2,0,2,1.0,1,1,3.0,2,0,4,1,0,8,0,0.0,1.0,1.054,6,176.0333333,0,1,0,173.72,0,0,1,27.0,1.0,1
83.93,1,0,2,0,0,1,1.0,1,1,3.0,2,0,0,0,0,10,0,1.0,4.0,5.062,2,43.1,0,0,0,42.53,1,0,1,31.0,2.0,0
46.44,0,0,2,2,0,6,1.0,1,0,2.0,2,0,0,1,1,4,1,1.0,2.0,4.042,2,189.1333333,1,0,1,186.64,0,0,2,21.0,2.0,2
84.88,1,0,5,2,0,2,1.0,1,1,3.0,0,0,4,1,0,9,0,0.0,7.0,1.06,6,90.66666667,0,1,1,89.47,0,0,1,30.0,2.0,1
66.54,1,0,2,0,0,3,1.0,1,1,3.0,2,0,0,0,0,10,0,0.0,8.0,4.038,2,28.5,0,1,0,28.13,1,0,1,19.0,4.0,0
45.39,1,0,2,1,1,6,1.0,0,0,3.0,2,0,0,0,1,5,1,2.0,1.0,5.052,2,22.23333333,1,0,1,21.94,0,0,2,26.0,2.0,2
29.98,1,0,2,0,0,3,1.0,1,1,3.0,2,0,0,0,1,1,0,0.0,4.0,4.0280000000000005,2,337.03333330000004,1,1,0,139.64,1,0,0,14.0,2.0,2
55.36,1,0,2,2,0,3,1.0,1,1,3.0,2,0,0,0,0,9,1,8.0,5.0,6.056,2,122.0,0,0,0,120.39,1,0,0,28.0,1.0,0
68.66,1,0,2,2,0,2,1.0,1,1,2.0,2,0,0,1,0,9,1,3.0,6.0,4.05,2,186.5333333,1,0,1,184.08,0,0,1,25.0,2.0,2
61.94,0,0,2,0,0,6,1.0,1,1,1.0,2,0,0,1,0,4,1,0.0,5.0,2.018,2,186.1,1,0,1,183.65,0,0,1,9.0,1.0,2
34.3,1,0,2,2,1,0,1.0,1,0,3.0,2,0,0,0,1,1,0,3.0,2.0,5.106,2,5.833333333,0,0,0,5.76,1,0,2,53.0,3.0,0
69.52,0,0,3,0,0,6,1.0,1,1,1.0,1,0,1,1,0,4,1,0.0,1.0,2.042,3,192.2666667,0,1,1,189.74,0,0,1,21.0,2.0,1
47.64,1,0,2,0,0,5,1.0,1,1,2.0,2,0,0,1,1,8,1,0.0,5.0,3.042,2,172.9,0,1,1,170.63,1,0,1,21.0,2.0,0
52.79,1,1,1,0,0,6,1.0,1,1,3.0,2,0,0,0,0,4,0,0.0,5.0,1.0,7,72.8,1,0,0,71.84,0,0,1,22.41,0.0,2
51.81,0,0,5,1,1,6,1.0,1,1,3.0,2,0,4,1,0,4,1,8.0,1.0,6.0360000000000005,6,194.2333333,1,1,1,175.23,1,0,1,18.0,2.0,2
60.3,1,0,2,0,0,3,1.0,1,1,3.0,2,0,0,0,0,0,1,0.0,5.0,6.066,2,22.03333333,0,0,0,21.74,1,0,0,33.0,4.0,0
51.42,1,1,2,2,0,6,1.0,1,0,3.0,2,0,0,0,0,1,0,0.0,2.0,1.0,2,0.0,1,0,0,0.0,0,0,2,22.41,2.0,2
48.07,1,0,2,0,0,6,1.0,1,1,2.0,2,0,0,0,1,4,0,14.0,4.0,5.056,2,3.366666667,1,1,0,3.32,0,0,2,28.0,2.0,2
62.92,0,0,2,2,0,6,1.0,1,1,3.0,2,0,0,0,0,4,0,0.0,1.0,4.046,2,192.6,1,0,0,190.07,0,0,2,23.0,2.0,2
77.54,0,0,2,0,0,3,1.0,1,1,2.0,2,0,0,0,0,8,0,1.0,2.0,4.038,2,94.73333333,0,0,0,93.49,0,0,0,19.0,2.0,1
55.22,1,0,2,1,1,5,1.0,1,1,2.0,0,1,0,1,0,0,0,25.0,2.0,5.06,2,63.8,0,0,0,62.96,1,0,1,30.0,2.0,0
75.91,1,0,2,0,0,6,1.0,1,0,3.0,2,0,0,1,0,4,1,0.0,5.0,4.04,2,71.6,0,0,1,70.66,0,0,2,20.0,2.0,1
49.92,1,0,2,2,0,2,1.0,1,1,1.0,2,0,0,0,1,9,0,0.0,3.0,2.05,2,199.5333333,1,1,0,196.91,0,0,1,25.0,2.0,2
51.19,0,0,2,2,1,3,1.0,1,1,3.0,0,1,0,1,0,6,1,1.0,1.0,5.052,2,39.2,0,1,0,38.68,1,0,3,26.0,2.0,0
80.34,1,0,2,0,0,1,1.0,0,0,3.0,2,0,0,0,0,10,0,1.0,5.0,5.11,2,49.43333333,0,0,0,48.78,0,0,2,55.0,2.0,1
51.62,1,0,2,0,0,6,1.0,1,1,1.0,2,0,0,1,0,4,1,0.0,5.0,2.026,2,64.36666667,1,0,0,63.52,0,0,2,13.0,1.0,2
46.17,1,0,2,2,1,5,1.0,1,0,2.0,0,0,0,1,1,4,0,0.0,2.0,3.028,2,72.9,1,0,1,71.94,0,0,3,14.0,2.0,2
47.13,0,0,2,2,0,2,1.0,1,1,1.0,1,0,7,1,1,4,0,1.0,4.0,3.018,2,164.5,1,1,0,162.34,0,0,1,9.0,2.0,2
68.83,0,0,6,0,0,0,1.0,1,0,3.0,2,0,0,0,0,1,0,0.0,5.0,1.05,0,188.1333333,1,0,1,185.66,0,0,2,25.0,0.0,2
82.46,1,0,2,2,0,2,1.0,1,1,3.0,2,0,0,1,0,8,0,2.0,3.0,5.046,2,122.7,0,1,1,121.09,0,0,1,23.0,2.0,1
81.53,1,0,3,2,0,2,1.0,1,1,3.0,2,0,1,1,0,3,1,5.0,7.0,6.058,3,84.2,0,0,1,83.09,1,0,1,29.0,2.0,0
47.71,1,0,2,1,0,6,1.0,0,0,3.0,2,0,0,1,1,1,0,0.0,3.0,4.022,2,60.13333333,1,0,0,59.34,0,0,2,11.0,1.0,2
84.85,1,0,2,0,0,3,1.0,1,1,3.0,2,0,0,1,0,7,1,1.0,1.0,5.0280000000000005,2,111.53333329999998,0,1,1,110.07,1,0,1,14.0,2.0,0
60.62,1,0,2,1,1,5,1.0,1,1,3.0,2,0,0,1,0,9,1,6.0,5.0,6.07,2,63.5,0,1,0,62.66,1,0,1,35.0,2.0,0
82.53,1,0,2,0,0,2,1.0,1,1,3.0,2,0,0,1,0,3,0,2.0,21.0,5.07,2,42.96666667,0,1,1,37.99,1,0,0,35.0,2.0,0
41.63,0,0,2,2,1,6,1.0,1,1,3.0,0,1,0,1,1,6,1,6.0,5.0,6.02,2,177.33333330000002,1,0,1,175.0,0,0,3,10.0,2.0,2
51.21,1,0,0,1,0,2,1.0,1,1,1.0,2,0,6,0,0,3,0,0.0,2.0,2.0380000000000003,1,183.2666667,1,0,0,180.86,0,0,1,19.0,1.0,2
89.43,1,0,2,1,0,2,1.0,1,1,1.0,2,0,0,1,0,9,0,1.0,3.0,3.042,2,42.33333333,0,1,0,41.78,0,0,1,21.0,2.0,1
67.38,1,0,2,2,0,2,1.0,1,1,2.0,2,0,0,1,0,3,1,1.0,5.0,4.032,2,185.1666667,1,1,1,182.73,0,0,1,16.0,2.0,2
77.94,1,0,2,0,0,3,1.0,1,1,1.0,2,0,0,1,0,9,0,0.0,5.0,2.094,2,151.16666669999998,0,0,0,149.18,0,0,0,47.0,2.0,1
70.49,1,0,3,2,0,3,1.0,1,1,2.0,2,0,1,1,0,2,1,0.0,5.0,3.0660000000000003,3,169.6,0,1,0,73.88,1,0,0,33.0,2.0,0
55.52,0,0,2,0,0,3,1.0,1,1,3.0,2,0,0,1,0,1,1,1.0,3.0,5.046,2,184.7666667,1,1,0,182.34,0,0,0,23.0,2.0,2
73.48,1,0,2,2,0,1,1.0,0,0,3.0,0,1,0,0,0,6,0,5.0,4.0,6.1,2,4.433333333,0,0,0,4.38,1,0,3,50.0,2.0,0
56.32,1,0,2,2,1,2,1.0,1,1,2.0,0,0,0,1,0,7,1,3.0,5.0,4.1,2,186.2,1,0,1,183.75,0,0,1,50.0,2.0,2
50.82,0,0,2,0,0,0,1.0,0,0,3.0,2,0,0,0,0,1,0,0.0,4.0,4.06,2,182.9,1,0,1,180.49,0,0,2,30.0,2.0,2
76.68,1,0,2,0,0,2,1.0,1,1,3.0,2,0,0,0,0,8,1,0.0,4.0,4.078,2,151.66666669999998,0,1,0,149.67,0,0,1,39.0,2.0,1
58.01,1,0,0,0,0,5,1.0,0,0,3.0,2,0,6,0,0,5,0,0.0,1.0,1.036,1,168.7,1,0,0,166.48,0,0,2,18.0,1.0,2
92.14,1,0,5,2,0,3,1.0,1,1,2.0,0,0,4,1,0,2,0,10.0,4.0,5.064,6,40.7,0,0,1,39.18,1,0,0,32.0,2.0,0
50.98,0,0,5,2,0,2,1.0,1,1,1.0,2,0,4,1,0,3,1,0.0,8.0,2.0340000000000003,6,63.73333333,1,1,1,62.89,0,0,1,17.0,1.0,2
46.86,1,0,2,0,1,2,1.0,1,1,3.0,2,0,0,1,1,9,0,2.0,3.0,5.06,2,174.6333333,1,1,0,172.34,0,0,0,30.0,2.0,2
86.28,1,0,2,0,0,2,1.0,1,1,2.0,2,0,0,1,0,9,1,2.0,11.0,4.05,2,50.53333333,0,0,1,49.87,0,0,1,25.0,2.0,1
47.64,1,0,2,2,1,2,1.0,1,1,3.0,0,0,0,1,1,7,0,6.0,1.0,6.064,2,144.9666667,0,1,1,73.59,1,0,0,32.0,2.0,0
79.34,1,0,2,0,0,3,1.0,1,1,3.0,2,0,0,1,0,1,1,0.0,10.0,4.09,2,177.5333333,1,1,1,175.2,0,0,0,45.0,2.0,2
51.45,1,0,6,0,0,2,1.0,1,1,2.0,2,0,0,1,0,9,0,1.0,9.0,4.24,0,116.46666670000002,0,1,1,191.25,0,0,1,12.0,2.0,2
66.73,1,0,6,2,0,2,1.0,1,1,2.0,2,0,0,1,0,3,1,0.0,5.0,3.05,0,187.9333333,1,1,1,185.46,0,0,1,25.0,2.0,2
69.62,1,0,6,0,0,3,1.0,1,1,3.0,2,0,0,1,0,10,1,2.0,9.0,5.0680000000000005,0,125.6,0,1,1,123.95,1,0,0,34.0,2.0,0
76.84,1,0,2,0,0,2,1.0,1,1,3.0,2,0,0,1,0,9,0,3.0,5.0,5.06,2,116.46666670000002,0,1,1,25.63,0,0,1,30.0,2.0,2
62.81,1,0,7,1,1,6,1.0,1,0,3.0,0,0,3,0,0,1,0,0.0,5.0,1.0,5,26.56666667,0,0,0,26.22,1,0,2,22.41,2.0,0
74.76,1,0,2,0,0,3,1.0,1,1,3.0,2,0,0,1,0,1,1,1.0,1.0,5.044,2,170.6333333,0,1,1,166.78,1,0,0,22.0,2.0,0
90.43,1,0,4,2,0,3,1.0,1,1,2.0,2,0,5,0,0,4,1,0.0,2.0,3.048,4,26.73333333,0,1,0,26.38,0,0,1,24.0,2.0,1
79.97,1,0,2,0,0,0,1.0,1,0,3.0,2,0,0,1,0,1,1,3.0,4.0,5.032,2,164.7333333,1,0,1,162.57,0,0,2,16.0,2.0,2
67.01,1,0,6,2,0,2,1.0,1,1,2.0,2,0,0,1,0,9,0,3.0,2.0,4.052,0,173.9,0,1,1,167.76,1,0,0,26.0,2.0,0
54.96,1,0,3,2,0,5,1.0,1,1,2.0,2,0,1,0,0,3,1,0.0,3.0,3.0580000000000003,3,125.3333333,0,1,0,123.68,1,0,1,29.0,2.0,0
70.51,1,0,2,0,0,5,1.0,1,1,2.0,2,0,0,1,0,7,0,3.0,4.0,4.06,2,91.13333333,0,1,0,86.61,1,0,1,30.0,2.0,0
59.75,0,0,3,2,0,5,1.0,1,1,2.0,2,0,1,1,0,3,1,2.0,2.0,4.058,3,152.93333330000002,1,1,1,150.92,0,0,1,29.0,2.0,2
37.3,1,0,2,2,1,2,1.0,1,1,2.0,2,0,0,1,1,3,1,1.0,6.0,4.056,2,72.66666667,1,1,0,71.71,0,0,1,28.0,2.0,2
32.61,1,0,2,0,0,1,1.0,0,0,3.0,0,1,0,0,1,6,0,5.0,8.0,6.032,2,20.43333333,0,0,0,20.16,1,0,3,16.0,2.0,0
52.24,0,0,2,2,1,6,1.0,1,1,3.0,2,0,0,1,0,4,1,0.0,5.0,4.08,2,205.5666667,0,0,1,182.96,1,0,2,40.0,1.0,0
81.88,1,0,2,0,0,2,1.0,1,1,1.0,2,0,0,1,0,9,0,0.0,3.0,2.044,2,122.7,0,1,1,121.09,0,0,1,22.0,2.0,1
72.26,1,0,2,0,0,3,1.0,1,1,3.0,1,0,0,1,0,3,1,1.0,3.0,5.06,2,146.0333333,0,0,0,144.11,0,0,0,30.0,2.0,1
49.05,1,0,2,0,0,0,1.0,0,0,3.0,2,0,0,0,1,1,0,0.0,8.0,5.16,2,46.06666667,0,0,0,45.46,1,0,1,80.0,2.0,0
69.53,1,0,5,2,0,3,1.0,1,1,3.0,2,0,4,0,0,3,0,0.0,5.0,1.0,6,195.3333333,0,0,0,192.76,0,0,1,22.41,1.0,1
61.32,1,0,2,2,1,6,1.0,1,0,3.0,2,0,0,1,0,4,0,0.0,5.0,4.026,2,55.2,0,0,1,45.79,1,0,2,13.0,1.0,0
86.26,1,0,2,0,0,2,1.0,1,1,2.0,2,0,0,1,0,8,1,6.0,5.0,5.08,2,41.83333333,0,0,1,41.28,0,0,1,40.0,2.0,1
73.01,1,0,2,0,0,6,1.0,0,0,3.0,2,0,0,0,0,5,0,3.0,6.0,5.034,2,11.6,0,0,0,11.45,1,0,2,17.0,2.0,0
58.16,1,0,2,2,0,2,1.0,1,1,2.0,2,0,0,0,0,9,0,0.0,4.0,3.032,2,213.5,1,1,0,210.69,0,0,0,16.0,2.0,2
57.87,1,0,2,2,1,2,1.0,1,1,3.0,0,0,0,1,0,10,1,2.0,14.0,5.052,2,32.86666667,1,1,1,32.43,0,0,0,26.0,2.0,2
44.21,1,0,2,2,0,2,1.0,1,1,2.0,2,0,0,0,1,3,0,0.0,2.0,3.044,2,21.6,1,1,1,21.32,0,0,1,22.0,2.0,2
83.58,1,0,2,0,0,3,1.0,1,1,1.0,2,0,0,1,0,8,0,2.0,6.0,3.1,2,132.5666667,0,1,1,130.82,1,0,0,50.0,2.0,0
40.5,1,0,2,0,0,1,1.0,0,0,3.0,0,1,0,0,1,6,1,41.0,7.0,6.047999999999999,2,15.06666667,0,0,0,14.87,0,0,3,24.0,2.0,1
52.79,1,0,2,0,1,2,1.0,1,1,2.0,2,0,0,1,0,2,0,1.0,6.0,4.0360000000000005,2,47.03333333,0,1,1,46.41,1,0,0,18.0,2.0,0
73.24,1,0,5,0,0,3,1.0,1,1,2.0,2,0,4,0,0,2,1,7.0,22.0,5.134,6,89.9,0,0,0,88.72,1,0,0,67.0,4.0,0
48.67,1,0,2,0,1,2,1.0,1,1,2.0,2,0,0,1,1,4,1,6.0,5.0,5.1,2,176.6,1,0,1,129.8,1,0,1,50.0,3.0,2
76.84,0,0,4,1,0,6,1.0,1,1,2.0,0,1,5,1,0,4,1,0.0,6.0,3.03,4,87.23333333,0,0,1,86.09,1,0,2,15.0,1.0,0
51.74,1,0,5,2,0,2,1.0,1,1,2.0,2,0,4,1,0,9,0,0.0,4.0,3.044,6,64.23333333,1,1,0,63.39,0,0,0,22.0,2.0,2
70.98,0,0,5,2,0,6,1.0,1,1,2.0,2,0,4,1,0,4,1,0.0,2.0,3.018,6,142.43333330000002,1,0,1,140.56,0,0,1,9.0,1.0,2
74.79,1,0,2,0,1,3,1.0,1,1,3.0,2,0,0,1,0,2,0,10.0,3.0,6.062,2,61.9,0,1,1,31.45,1,0,0,31.0,2.0,0
65.47,1,0,3,0,1,3,1.0,1,1,3.0,0,0,1,1,0,0,0,7.0,2.0,6.053999999999999,3,144.33333330000002,1,0,1,139.9,1,0,1,27.0,2.0,2
64.01,1,0,2,2,1,3,1.0,1,1,3.0,2,0,0,1,0,10,0,16.0,1.0,6.093999999999999,2,93.5,0,0,1,92.27,0,0,0,47.0,2.0,1
78.41,1,0,2,2,0,3,1.0,1,1,3.0,0,1,0,1,0,6,1,6.0,1.0,6.044,2,131.13333329999998,1,0,1,129.41,0,0,3,22.0,2.0,2
39.86,0,0,2,0,1,0,1.0,0,0,3.0,2,0,0,1,1,1,1,0.0,1.0,4.0360000000000005,2,62.76666667,0,0,1,46.64,1,0,2,18.0,1.0,0
63.31,0,0,2,0,0,3,1.0,1,1,3.0,0,1,0,1,0,6,0,2.0,2.0,5.048,2,27.0,0,1,1,26.64,1,0,3,24.0,2.0,0
34.68,0,0,2,2,0,3,1.0,1,1,3.0,1,0,0,1,1,0,1,15.0,2.0,6.05,2,1.4333333330000002,1,0,0,1.41,0,0,0,25.0,2.0,2
72.69,1,0,2,0,0,5,1.0,0,1,3.0,2,0,0,0,0,1,1,1.0,3.0,5.046,2,143.16666669999998,1,1,1,141.28,0,0,2,23.0,2.0,2
63.25,0,0,2,2,0,2,1.0,1,1,2.0,2,0,0,1,0,4,1,0.0,2.0,3.024,2,134.3666667,1,1,1,132.6,0,0,1,12.0,1.0,2
57.15,1,0,2,2,1,1,1.0,0,0,3.0,0,1,0,0,0,6,1,2.0,13.0,5.056,2,97.3,0,0,1,96.02,1,0,3,28.0,2.0,0
48.22,0,0,2,0,1,2,1.0,1,1,2.0,2,0,0,1,1,8,1,1.0,5.0,4.058,2,135.66666669999998,1,0,1,117.93,1,0,1,29.0,2.0,2
83.9,0,0,2,0,0,3,1.0,1,1,3.0,2,0,0,1,0,10,1,1.0,4.0,5.05,2,69.33333333,0,1,1,68.42,0,0,0,25.0,2.0,1
33.65,0,0,2,0,1,1,1.0,1,1,3.0,0,1,0,1,1,6,1,0.0,6.0,4.042,2,130.2,1,0,1,128.49,0,0,3,21.0,2.0,2
59.05,0,0,2,2,1,2,1.0,1,1,2.0,2,0,0,1,0,3,1,2.0,3.0,4.044,2,136.4666667,1,0,1,134.67,0,0,1,22.0,2.0,2
65.02,1,0,2,0,0,3,1.0,1,1,3.0,2,0,0,1,0,0,0,0.0,4.0,4.038,2,85.73333333,0,0,0,84.61,1,0,0,19.0,1.0,0
74.58,1,0,2,0,0,3,1.0,1,1,3.0,1,0,0,1,0,9,0,13.0,6.0,6.086,2,61.1,0,1,1,55.26,1,0,0,43.0,2.0,0
66.58,0,0,2,0,1,3,1.0,1,1,3.0,2,0,0,1,0,10,0,11.0,1.0,6.062,2,36.43333333,0,0,1,24.57,1,0,0,31.0,2.0,0
66.83,0,0,2,2,0,2,1.0,1,1,3.0,1,0,0,1,0,10,1,8.0,5.0,6.03,2,138.1333333,1,1,1,121.09,1,0,1,15.0,3.0,2
46.63,1,0,2,1,1,5,1.0,1,1,3.0,0,1,0,1,1,0,0,3.0,3.0,5.056,2,97.56666667,1,0,1,96.28,0,0,1,28.0,2.0,2
46.87,1,0,2,0,1,3,1.0,1,1,3.0,0,1,0,1,1,2,1,19.0,1.0,6.1,2,96.96666667,1,1,1,95.69,0,0,3,50.0,3.0,2
40.68,0,0,2,1,1,6,1.0,1,0,3.0,0,1,0,0,1,6,1,0.0,5.0,6.034,2,72.2,0,0,1,46.02,1,0,3,17.0,2.0,0
61.23,0,0,2,2,1,6,1.0,0,0,3.0,0,1,0,0,0,0,0,15.0,1.0,6.1,2,142.4666667,1,0,1,140.59,0,0,1,50.0,3.0,2
56.28,1,0,2,2,1,5,1.0,1,1,3.0,2,0,0,1,0,0,0,2.0,2.0,5.06,2,38.13333333,0,1,0,8.78,1,0,0,30.0,4.0,0
68.74,1,0,2,1,1,6,1.0,1,1,3.0,2,0,0,1,0,2,0,16.0,3.0,6.106,2,20.83333333,0,1,1,8.65,1,0,0,53.0,3.0,0
56.48,0,0,5,2,0,2,1.0,1,1,2.0,2,0,4,1,0,2,0,0.0,5.0,3.04,6,64.23333333,1,1,1,63.39,0,0,0,20.0,1.0,2
80.38,1,0,2,0,0,1,1.0,0,0,3.0,0,1,0,0,0,6,0,2.0,11.0,5.1,2,29.0,0,0,1,26.48,1,0,3,50.0,2.0,0
56.45,0,0,2,0,1,0,1.0,0,0,3.0,2,0,0,0,0,1,0,0.0,6.0,4.053999999999999,2,60.66666667,1,0,1,59.87,0,0,2,27.0,2.0,2
58.56,0,0,2,0,0,2,1.0,1,1,1.0,2,0,7,1,0,4,1,0.0,3.0,2.022,2,57.23333333,1,1,1,56.48,0,0,1,11.0,1.0,2
56.41,1,0,2,2,0,3,1.0,1,1,3.0,2,0,0,1,0,7,0,19.0,2.0,6.084,2,43.2,0,0,1,37.73,1,0,0,42.0,3.0,0
68.47,1,0,2,1,1,1,1.0,0,0,3.0,2,0,0,0,0,5,0,11.0,2.0,6.09,2,137.1,0,0,1,66.78,1,0,2,45.0,3.0,1
55.28,0,0,2,2,1,6,1.0,0,0,3.0,2,0,0,0,0,1,1,0.0,2.0,4.032,2,22.46666667,0,0,0,18.78,1,0,2,16.0,1.0,0
48.58,0,0,2,0,1,6,1.0,0,0,3.0,2,0,0,0,1,1,1,0.0,2.0,4.04,2,26.26666667,0,0,1,20.39,1,0,2,20.0,1.0,0
73.06,0,0,2,1,0,6,1.0,1,1,1.0,2,0,0,1,0,4,0,0.0,1.0,2.022,2,99.73333333,1,1,1,98.42,0,0,1,11.0,1.0,2
58.96,0,1,1,0,0,6,1.0,1,0,3.0,2,0,0,0,0,5,0,0.0,5.0,2.0,7,141.0,1,0,0,139.14,0,0,2,22.41,1.0,2
60.71,0,0,2,0,0,2,1.0,1,1,3.0,1,0,0,1,0,9,0,1.0,3.0,5.03,2,63.5,1,1,1,62.66,0,0,0,15.0,2.0,2
72.85,0,0,2,0,0,3,1.0,1,1,2.0,2,0,0,1,0,8,0,0.0,5.0,3.032,2,59.06666667,0,1,1,58.29,0,0,0,16.0,1.0,1
69.32,1,0,2,2,1,3,1.0,1,1,3.0,2,0,0,1,0,2,0,17.0,5.0,6.36,2,96.9,0,0,1,31.97,1,0,0,180.0,3.0,0
51.01,1,0,2,2,1,2,1.0,1,1,2.0,2,0,0,1,0,8,0,0.0,5.0,5.093999999999999,2,101.8333333,1,1,1,100.49,0,0,1,47.0,2.0,2
57.41,0,0,3,0,0,2,1.0,1,1,2.0,2,0,1,1,0,3,1,0.0,3.0,3.04,3,63.0,1,1,1,62.17,0,0,1,20.0,1.0,2
54.6,1,0,5,2,1,2,1.0,1,1,2.0,1,0,4,1,0,7,0,1.0,3.0,4.0360000000000005,6,139.16666669999998,1,0,1,137.34,0,0,1,18.0,2.0,2
54.06,0,0,2,0,0,3,1.0,1,1,3.0,2,0,0,1,0,7,1,1.0,1.0,5.038,2,136.16666669999998,1,0,1,134.38,0,0,0,19.0,2.0,2
56.58,0,0,2,0,1,2,1.0,1,1,3.0,2,0,0,1,0,2,0,5.0,3.0,6.093999999999999,2,140.06666669999998,1,1,1,126.97,1,0,0,47.0,2.0,2
72.16,0,0,2,1,0,6,1.0,0,0,3.0,1,0,0,0,0,1,0,0.0,7.0,4.042,2,76.63333333,1,0,1,75.63,0,0,2,21.0,2.0,2
54.22,1,0,2,1,0,1,1.0,1,1,2.0,2,0,0,1,0,8,0,1.0,2.0,4.08,2,6.266666667000001,0,1,1,6.18,1,0,0,40.0,2.0,0
58.72,0,0,2,2,0,1,1.0,1,1,3.0,2,0,0,1,0,10,1,1.0,1.0,5.062,2,102.0666667,1,0,1,100.72,0,0,0,31.0,2.0,2
77.92,1,0,2,0,0,2,1.0,1,1,2.0,2,0,0,1,0,9,1,3.0,3.0,4.042,2,104.3,0,1,1,102.93,0,0,1,21.0,2.0,1
34.92,0,0,2,0,1,6,1.0,0,0,3.0,2,0,0,0,1,1,0,0.0,3.0,4.032,2,76.73333333,1,0,1,75.72,0,0,2,16.0,1.0,2
73.53,1,0,2,1,0,1,1.0,1,1,3.0,0,1,0,1,0,6,0,0.0,7.0,4.048,2,93.0,0,1,0,91.78,0,0,3,24.0,2.0,1
66.72,0,0,2,0,0,2,1.0,1,1,2.0,2,0,0,1,0,9,1,7.0,3.0,5.032,2,33.8,0,1,1,33.36,0,0,1,16.0,2.0,1
71.1,0,0,3,0,0,6,1.0,1,1,2.0,2,0,1,1,0,3,0,0.0,5.0,3.07,3,138.93333330000002,1,1,0,137.11,0,0,1,35.0,2.0,2
44.02,1,0,2,2,1,6,1.0,0,0,3.0,2,0,2,0,1,5,0,22.0,5.0,6.12,2,9.833333333,0,0,1,9.7,1,0,2,60.0,3.0,0
83.17,1,0,2,0,0,2,1.0,1,1,2.0,2,0,0,1,0,3,0,6.0,2.0,5.044,2,24.4,0,1,1,24.08,0,0,1,22.0,2.0,1
50.48,1,0,2,2,1,5,1.0,1,1,2.0,2,0,0,1,0,3,1,2.0,3.0,4.084,2,131.1,1,1,1,129.38,0,0,1,42.0,2.0,2
81.89,1,0,3,2,0,2,1.0,1,1,2.0,2,0,1,1,0,8,0,15.0,1.0,5.042,3,116.1,1,0,1,114.57,0,0,0,21.0,2.0,2
85.21,1,0,2,0,0,2,1.0,1,1,3.0,2,0,0,1,0,10,0,4.0,2.0,6.04,2,55.93333333,1,0,1,55.2,0,0,0,20.0,2.0,2
78.86,1,0,3,0,0,3,1.0,1,1,3.0,0,0,1,1,0,0,1,4.0,3.0,6.08,3,74.46666667,0,1,1,73.49,0,0,0,40.0,2.0,1
63.61,0,0,3,0,0,2,1.0,1,1,2.0,2,0,1,1,0,3,0,2.0,3.0,4.114,3,85.13333333,1,0,1,84.01,0,0,1,57.0,2.0,2
60.07,1,0,2,2,0,6,1.0,1,0,1.0,2,0,0,1,0,4,1,0.0,5.0,2.028,2,105.8,1,0,0,104.41,0,0,2,14.0,2.0,2
69.79,1,0,2,0,1,3,1.0,1,1,3.0,0,1,0,1,0,6,1,2.0,5.0,5.04,2,45.5,0,0,0,23.75,1,0,3,20.0,2.0,0
68.29,1,0,5,0,0,6,1.0,1,0,2.0,2,0,4,1,0,4,0,0.0,5.0,3.008,6,110.53333329999998,1,0,0,109.08,0,0,1,4.0,1.0,2
88.29,0,0,2,2,0,1,1.0,0,0,3.0,2,0,0,0,0,5,0,0.0,2.0,4.026,2,75.5,0,0,1,74.51,0,0,2,13.0,1.0,1
82.17,0,0,5,1,0,3,1.0,1,1,2.0,1,0,4,1,0,4,1,3.0,3.0,4.03,6,90.56666667,1,1,1,89.38,0,0,0,15.0,2.0,2
57.41,1,0,2,0,1,1,1.0,0,0,3.0,0,1,0,0,0,6,0,1.0,1.0,5.05,2,135.16666669999998,1,0,1,133.39,0,0,3,25.0,2.0,2
50.32,1,0,4,0,0,3,1.0,1,1,2.0,2,0,5,1,0,9,0,0.0,1.0,3.03,4,112.1333333,1,1,0,110.66,0,0,0,15.0,1.0,2
56.73,0,0,2,0,1,3,1.0,1,1,3.0,2,0,0,1,0,0,0,1.0,5.0,5.052,2,100.8333333,1,0,1,99.51,0,0,0,26.0,2.0,2
71.58,0,0,2,1,0,6,1.0,1,1,2.0,2,0,0,1,0,4,1,1.0,4.0,4.034,2,103.4666667,0,0,0,102.11,1,0,1,17.0,2.0,0
61.67,1,0,2,0,0,6,1.0,1,1,2.0,2,0,0,1,0,8,0,0.0,2.0,3.052,2,45.03333333,1,1,1,44.44,0,0,1,26.0,2.0,2
49.87,0,0,3,2,0,3,1.0,1,1,2.0,2,0,1,1,1,9,0,18.0,5.0,5.066,3,55.46666667,0,1,1,32.6,1,0,1,33.0,4.0,0
40.07,0,0,2,0,1,2,1.0,1,1,2.0,2,0,0,1,1,8,0,1.0,1.0,4.046,2,132.53333329999998,1,1,1,130.79,0,0,0,23.0,2.0,2
56.96,1,0,2,2,1,6,1.0,0,0,3.0,2,0,0,0,0,1,1,0.0,4.0,4.048,2,72.26666667,1,0,0,71.32,0,0,2,24.0,2.0,2
59.45,1,0,2,0,1,3,1.0,1,1,3.0,0,0,0,1,0,0,0,0.0,5.0,4.026,2,29.23333333,0,1,1,28.16,1,0,0,13.0,2.0,0
54.38,1,0,2,0,1,2,1.0,1,1,1.0,2,0,0,1,0,3,1,2.0,3.0,3.07,2,112.5666667,1,1,1,111.09,0,0,1,35.0,2.0,2
63.2,1,0,2,2,0,2,1.0,1,1,1.0,2,0,0,1,0,9,1,0.0,5.0,2.032,2,50.06666667,1,0,0,49.41,0,0,1,16.0,1.0,2
54.43,0,0,2,2,0,3,1.0,1,1,3.0,0,0,0,1,0,10,0,0.0,3.0,4.046,2,62.8,1,0,1,61.97,0,0,0,23.0,2.0,2
61.11,1,0,2,2,1,1,1.0,1,0,3.0,1,0,0,1,0,2,1,6.0,4.0,6.2,2,43.13333333,0,0,1,16.12,1,0,0,100.0,3.0,0
90.02,0,0,4,2,0,2,1.0,1,1,2.0,2,0,5,1,0,3,1,0.0,5.0,3.04,4,46.83333333,0,1,1,46.22,0,0,1,20.0,1.0,1
56.84,0,0,2,2,0,3,1.0,1,1,2.0,1,0,0,1,0,1,0,0.0,4.0,3.036,2,99.33333333,1,1,1,98.03,0,0,0,18.0,1.0,2
49.28,1,0,2,1,1,5,1.0,1,1,2.0,2,0,0,1,1,4,0,2.0,1.0,4.1,2,134.5,1,1,1,64.21,1,0,1,50.0,2.0,2
85.09,1,0,2,1,0,3,1.0,1,1,3.0,0,0,0,1,0,7,0,2.0,5.0,5.0680000000000005,2,35.6,0,0,1,35.13,0,0,0,34.0,3.0,1
81.44,0,0,3,0,0,6,1.0,1,1,2.0,2,0,1,1,0,4,0,0.0,5.0,3.044,3,114.0,0,1,1,94.61,1,0,1,22.0,2.0,0
60.5,1,0,2,2,0,6,1.0,1,0,3.0,0,1,0,1,0,6,1,0.0,1.0,4.032,2,132.7666667,1,0,1,131.02,0,0,3,16.0,1.0,2
60.48,0,0,2,0,0,2,1.0,1,1,2.0,2,0,0,1,0,4,0,0.0,10.0,3.042,2,120.5666667,0,1,1,118.98,1,0,1,21.0,1.0,0
58.98,1,0,2,1,1,0,1.0,0,0,3.0,1,0,0,0,0,10,1,17.0,2.0,6.026,2,39.3,0,0,1,19.28,1,0,2,13.0,3.0,0
87.18,1,0,2,2,0,3,1.0,1,1,3.0,0,1,0,1,0,6,0,2.0,1.0,5.052,2,28.6,0,0,0,21.58,1,0,3,26.0,2.0,0
33.97,1,0,2,0,1,2,1.0,1,1,2.0,2,0,0,1,1,0,0,4.0,1.0,5.14,2,43.86666667,1,0,1,43.29,0,0,0,70.0,2.0,2
58.35,0,0,2,0,1,1,1.0,0,0,3.0,0,1,0,0,0,6,0,0.0,3.0,4.026,2,105.6,0,0,0,73.45,1,0,3,13.0,1.0,0
60.95,1,0,2,2,1,2,1.0,1,1,3.0,2,0,0,1,0,0,0,4.0,3.0,6.0520000000000005,2,129.6,0,0,1,127.89,0,0,1,26.0,2.0,1
67.94,1,0,2,2,1,3,1.0,1,1,3.0,0,0,0,1,0,7,0,3.0,1.0,5.078,2,131.2666667,1,1,1,129.54,0,0,0,39.0,2.0,2
61.78,0,0,3,0,0,6,1.0,1,0,1.0,1,0,1,1,0,4,0,0.0,4.0,2.03,3,88.23333333,1,0,1,87.07,0,0,1,15.0,1.0,2
76.49,0,0,4,2,0,2,1.0,1,1,2.0,2,0,5,1,0,0,0,0.0,1.0,3.034,4,107.46666670000002,1,1,1,106.05,0,0,0,17.0,1.0,2
59.34,0,0,3,0,0,3,1.0,1,1,3.0,2,0,1,0,0,8,0,0.0,2.0,1.022,3,27.4,1,1,1,27.04,0,0,0,11.0,0.0,2
54.29,1,0,2,0,1,3,1.0,1,1,3.0,2,0,0,1,0,10,1,3.0,2.0,5.16,2,111.1,0,1,1,98.88,1,0,0,80.0,3.0,0
54.15,0,0,2,2,0,2,1.0,1,1,3.0,2,0,0,1,0,10,0,0.0,4.0,4.04,2,130.7,1,1,1,128.98,0,0,0,20.0,1.0,2
54.62,1,0,2,2,1,6,1.0,0,1,3.0,2,0,0,0,0,5,0,0.0,1.0,4.05,2,130.4333333,1,0,1,128.72,0,0,2,25.0,2.0,2
74.02,1,0,2,1,0,6,1.0,1,1,2.0,2,0,0,1,0,3,1,3.0,1.0,4.046,2,132.3,1,1,1,130.56,0,0,1,23.0,2.0,2
33.83,1,0,2,0,1,1,1.0,0,0,3.0,0,1,0,1,1,6,0,0.0,1.0,4.044,2,132.7666667,1,0,1,131.02,0,0,3,22.0,2.0,2
51.86,0,0,2,0,0,2,1.0,1,1,3.0,2,0,0,1,0,10,0,0.0,4.0,4.026,2,94.56666667,1,0,1,93.32,0,0,1,13.0,1.0,2
54.22,0,0,2,0,1,0,1.0,0,0,3.0,2,0,0,0,0,1,0,0.0,2.0,4.038,2,36.4,0,0,1,33.42,1,0,2,19.0,1.0,0
39.53,0,0,2,2,1,5,1.0,0,0,3.0,0,1,0,0,1,6,1,1.0,2.0,5.032,2,24.86666667,0,0,1,15.66,1,0,3,16.0,2.0,0
49.61,1,0,2,0,1,3,1.0,1,1,3.0,2,0,0,1,1,0,0,2.0,2.0,5.042,2,74.46666667,0,1,1,63.45,1,0,0,21.0,2.0,0
38.72,0,0,2,0,1,1,1.0,1,1,3.0,0,1,0,1,1,7,0,3.0,5.0,5.044,2,82.63333333,1,1,1,81.55,0,0,0,22.0,2.0,2
60.78,1,0,5,0,1,2,1.0,1,1,3.0,2,0,4,1,0,10,1,7.0,4.0,6.1,6,36.76666667,0,0,1,33.85,1,0,0,50.0,3.0,0
57.57,1,0,2,0,1,2,1.0,1,1,3.0,2,0,0,1,0,3,0,0.0,1.0,4.064,2,89.96666667,1,1,1,88.78,0,0,1,32.0,2.0,2
57.36,0,0,2,1,0,5,1.0,1,1,2.0,2,0,0,0,0,3,1,0.0,1.0,3.03,2,86.9,1,1,1,85.76,0,0,1,15.0,1.0,2
50.64,1,0,5,0,0,0,1.0,1,1,1.0,2,0,4,1,0,4,0,0.0,5.0,2.05,6,112.9333333,1,1,1,111.45,0,0,2,25.0,2.0,2
41.46,1,0,2,1,1,6,1.0,0,0,3.0,0,0,0,1,1,5,1,0.0,1.0,4.02,2,90.56666667,1,0,0,89.38,0,0,2,10.0,1.0,2
81.9,1,0,2,1,0,2,1.0,1,1,2.0,2,0,0,1,0,4,1,10.0,2.0,5.06,2,101.9666667,1,1,1,100.63,0,0,1,30.0,3.0,2
43.4,1,0,3,0,0,2,1.0,1,1,2.0,2,0,1,1,1,4,1,0.0,2.0,3.06,3,125.8,1,1,1,124.14,0,0,0,30.0,3.0,2
85.21,0,0,5,0,0,3,1.0,1,1,3.0,2,0,4,1,0,9,1,0.0,1.0,4.056,6,81.13333333,0,1,1,80.07,0,0,0,28.0,2.0,1
77.22,1,0,2,2,1,6,1.0,0,0,3.0,2,0,0,0,0,5,0,21.0,2.0,6.08,2,36.63333333,0,0,1,19.57,1,0,2,40.0,3.0,0
63.19,1,0,2,1,1,6,1.0,1,0,3.0,2,0,0,1,0,4,1,7.0,2.0,6.037999999999999,2,71.8,0,0,1,44.08,1,0,2,19.0,2.0,0
60.0,1,0,2,0,1,5,1.0,1,1,1.0,2,0,0,1,0,3,1,4.0,2.0,4.052,2,130.9,1,1,1,129.18,0,0,1,26.0,2.0,2
57.27,0,0,2,0,0,2,1.0,1,1,2.0,0,0,0,1,0,4,1,0.0,7.0,3.0580000000000003,2,73.7,1,1,1,72.73,0,0,1,29.0,2.0,2
50.15,1,0,6,1,0,6,1.0,1,0,2.0,2,0,0,1,0,4,0,0.0,5.0,3.008,0,131.9,1,0,0,130.16,0,0,2,4.0,1.0,2
36.56,0,0,2,0,1,0,1.0,1,0,3.0,2,0,0,0,1,1,1,0.0,1.0,4.044,2,67.46666667,1,0,1,66.58,0,0,2,22.0,2.0,2
48.93,0,0,2,2,1,2,1.0,1,1,3.0,0,0,0,1,1,9,1,0.0,1.0,4.042,2,71.5,1,1,1,70.56,0,0,1,21.0,2.0,2
56.41,0,0,2,1,1,6,1.0,1,0,3.0,2,0,0,1,0,4,0,5.0,5.0,6.06,2,82.1,1,0,1,81.02,0,0,2,30.0,2.0,2
60.77,0,0,2,0,0,2,1.0,1,1,2.0,0,0,0,1,0,8,0,0.0,3.0,3.0460000000000003,2,101.2333333,1,1,1,99.9,0,0,1,23.0,2.0,2
68.16,0,0,2,2,0,2,1.0,1,1,3.0,2,0,0,1,0,3,0,0.0,4.0,4.042,2,130.46666670000002,1,1,1,121.45,1,0,1,21.0,2.0,2
56.38,0,0,2,2,0,2,1.0,1,1,1.0,2,0,0,1,0,4,1,1.0,6.0,3.024,2,60.7,1,1,1,59.9,0,0,1,12.0,2.0,2
60.74,0,0,2,0,1,1,1.0,0,0,3.0,2,0,0,0,0,10,0,1.0,2.0,5.042,2,45.8,0,1,1,29.97,1,0,0,21.0,2.0,0
58.71,0,0,2,2,0,2,1.0,1,1,3.0,2,0,0,1,0,3,1,0.0,1.0,4.0360000000000005,2,23.8,1,1,1,23.49,0,0,1,18.0,1.0,2
42.68,0,0,2,1,0,5,1.0,1,1,2.0,0,0,0,1,1,2,0,0.0,5.0,3.022,2,114.3333333,1,0,0,112.83,0,0,0,11.0,1.0,2
41.48,0,0,2,1,0,0,1.0,1,1,3.0,2,0,0,1,1,3,1,0.0,2.0,4.022,2,115.3,1,1,1,113.78,0,0,0,11.0,1.0,2
71.84,1,0,2,2,0,5,1.0,1,1,3.0,2,0,0,1,0,10,1,1.0,5.0,5.12,2,128.4,1,1,1,126.71,0,0,0,60.0,3.0,2
59.84,1,0,2,2,0,2,1.0,1,1,2.0,2,0,0,1,0,3,0,0.0,3.0,3.062,2,61.7,1,1,1,60.89,0,0,1,31.0,2.0,2
56.74,0,0,2,2,0,2,1.0,1,1,1.0,2,0,0,1,0,10,0,0.0,4.0,2.048,2,121.53333329999998,1,1,1,119.93,0,0,1,24.0,2.0,2
73.39,1,0,2,0,0,2,1.0,1,1,2.0,2,0,0,1,0,10,1,1.0,3.0,4.064,2,117.03333329999998,1,1,1,115.49,0,0,1,32.0,2.0,2
42.89,0,0,6,0,1,3,1.0,1,1,2.0,2,0,0,1,1,3,1,1.0,7.0,4.04,0,13.4,1,1,1,13.22,0,0,0,20.0,2.0,2
62.81,0,0,2,0,1,0,1.0,0,0,3.0,2,0,0,0,0,1,1,0.0,3.0,4.03,2,114.46666670000002,1,0,1,112.96,0,0,2,15.0,1.0,2
47.92,0,0,2,2,0,2,1.0,1,1,2.0,1,0,0,1,1,10,1,0.0,2.0,3.034,2,61.9,1,1,1,61.09,0,0,1,17.0,1.0,2
61.99,1,0,2,2,1,6,1.0,1,1,3.0,1,0,0,1,0,4,1,23.0,1.0,6.13,2,110.96666670000002,1,0,1,109.51,0,0,1,65.0,3.0,2
52.2,1,0,3,0,0,2,1.0,1,1,2.0,2,0,1,1,0,3,1,3.0,4.0,4.06,3,212.2,1,1,1,209.41,0,0,1,30.0,2.0,2
54.08,1,0,6,1,0,1,1.0,0,0,3.0,0,1,0,0,0,6,0,0.0,7.0,2.0,0,2.5,1,0,0,2.47,0,0,1,22.41,0.0,2
40.65,0,0,2,2,1,5,1.0,1,1,3.0,2,0,0,1,1,4,1,0.0,9.0,4.02,2,80.83333333,1,0,0,79.77,0,0,1,10.0,2.0,2
48.47,0,0,2,0,1,0,1.0,0,0,3.0,2,0,0,0,1,5,1,0.0,6.0,4.05,2,65.86666667,1,0,1,65.0,0,0,2,25.0,2.0,2
72.18,0,0,2,0,0,3,1.0,0,1,3.0,2,0,0,0,0,2,0,0.0,7.0,4.03,2,139.6333333,0,1,0,137.8,0,0,0,15.0,2.0,1
73.22,1,0,2,2,0,6,1.0,1,1,2.0,2,0,0,1,0,4,1,2.0,1.0,4.038,2,109.8333333,0,1,1,106.81,1,0,1,19.0,2.0,1
53.64,1,0,2,2,1,2,1.0,1,1,3.0,2,0,0,1,0,2,0,1.0,3.0,5.052,2,193.9666667,1,0,1,175.03,1,0,1,26.0,2.0,2
67.46,1,0,2,0,1,2,1.0,1,1,2.0,2,0,0,1,0,9,1,7.0,7.0,5.05,2,48.53333333,0,1,0,47.89,1,0,0,25.0,4.0,0
60.12,1,0,2,0,1,5,1.0,0,1,3.0,1,0,0,1,0,5,0,0.0,6.0,4.032,2,163.8666667,1,1,1,39.31,1,0,1,16.0,1.0,2
59.07,1,0,2,0,1,3,1.0,0,1,3.0,2,0,0,1,0,10,1,3.0,5.0,5.07,2,143.1333333,0,1,1,64.21,1,0,0,35.0,2.0,0
51.56,1,0,2,1,1,6,1.0,1,1,3.0,2,0,0,1,0,4,1,2.0,12.0,5.034,2,124.1,1,1,1,122.47,0,0,1,17.0,2.0,2
46.66,0,0,2,1,0,2,1.0,1,1,2.0,2,0,0,1,1,9,0,0.0,3.0,3.024,2,199.1333333,1,1,1,159.77,1,0,1,12.0,1.0,2
67.88,0,0,2,0,0,3,1.0,1,1,3.0,2,0,0,1,0,0,1,0.0,2.0,4.04,2,147.3666667,0,0,1,145.43,0,0,0,20.0,1.0,1
59.8,0,0,2,0,1,6,1.0,1,1,1.0,2,0,0,1,0,4,0,1.0,1.0,3.028,2,113.5666667,1,0,1,112.07,0,0,1,14.0,2.0,2
61.89,1,0,2,0,1,2,1.0,1,1,3.0,2,0,0,1,0,10,1,26.0,5.0,6.074,2,24.1,0,1,1,23.65,1,0,0,37.0,2.0,0
64.21,1,0,6,1,0,0,1.0,1,0,3.0,0,1,0,0,0,6,1,0.0,5.0,1.04,0,85.5,0,0,0,84.38,0,0,3,20.0,0.0,1
66.11,0,0,5,0,0,6,1.0,1,0,1.0,2,0,4,1,0,4,0,0.0,5.0,2.024,6,194.5333333,1,0,1,191.97,0,0,2,12.0,1.0,2
38.86,1,0,2,0,1,2,1.0,1,1,3.0,2,0,0,1,1,10,1,0.0,2.0,4.038,2,174.2666667,1,0,1,171.97,0,0,0,19.0,1.0,2
39.3,1,0,2,2,1,5,1.0,1,1,3.0,2,0,0,1,1,0,0,5.0,4.0,6.046,2,48.6,0,1,1,47.96,1,0,0,23.0,2.0,0
45.9,0,0,2,0,0,0,1.0,1,1,3.0,0,0,0,1,1,0,1,0.0,5.0,5.053999999999999,2,154.7666667,1,0,1,152.73,0,0,3,27.0,2.0,2
74.46,1,0,2,1,1,3,1.0,1,1,3.0,2,0,0,1,0,9,0,1.0,3.0,5.104,2,79.33333333,0,1,1,78.29,0,0,1,52.0,3.0,1
83.92,1,0,2,2,0,5,1.0,1,1,3.0,2,0,0,1,0,7,0,6.0,5.0,6.0520000000000005,2,41.16666667,0,0,1,40.63,0,0,0,26.0,2.0,1
51.45,0,0,2,0,1,5,1.0,1,1,2.0,2,0,0,1,0,3,0,0.0,5.0,4.024,2,193.8,1,0,1,191.25,0,0,1,12.0,2.0,2
66.73,1,0,6,0,0,2,1.0,1,1,2.0,2,0,0,1,0,9,0,0.0,2.0,4.48,0,116.46666670000002,0,1,1,185.46,0,0,1,25.0,2.0,2
76.84,1,0,2,0,0,3,1.0,1,1,3.0,0,1,0,1,0,6,1,0.0,5.0,5.06,2,25.96666667,1,0,0,25.63,0,0,3,30.0,2.0,2
60.12,1,0,2,0,0,3,1.0,1,1,2.0,2,0,0,0,0,9,0,1.0,4.0,4.03,2,132.3333333,0,0,0,91.02,1,0,0,15.0,2.0,0
76.32,1,0,2,0,0,5,1.0,1,1,2.0,2,0,0,1,0,4,0,0.0,2.0,3.064,2,51.96666667,0,1,1,51.28,1,0,1,32.0,2.0,0
61.53,1,0,2,0,1,1,1.0,1,1,3.0,0,1,0,1,0,6,1,8.0,4.0,6.058,2,68.06666667,0,0,1,55.53,1,0,3,29.0,2.0,0
86.99,1,0,2,2,0,2,1.0,1,1,2.0,0,1,0,1,0,6,0,14.0,2.0,5.04,2,85.73333333,0,0,1,84.61,0,0,1,20.0,2.0,1
82.35,0,0,2,2,0,2,1.0,1,1,3.0,2,0,0,1,0,9,1,0.0,10.0,2.032,2,111.1666667,0,1,0,109.7,0,0,1,16.0,1.0,1
69.88,1,0,2,0,0,6,1.0,0,0,3.0,0,0,0,0,0,1,1,0.0,8.0,4.056,2,97.83333333,0,0,0,96.55,0,0,2,28.0,2.0,1
47.71,1,0,2,0,1,2,1.0,1,1,3.0,2,0,0,1,1,8,0,0.0,3.0,4.05,2,161.7666667,1,1,0,159.64,0,0,0,25.0,2.0,2
48.39,1,0,2,2,1,5,1.0,0,0,3.0,0,1,0,0,1,5,1,0.0,5.0,4.044,2,37.93333333,0,0,0,37.43,1,0,3,22.0,1.0,0
61.28,1,0,2,2,0,2,1.0,1,1,2.0,2,0,0,1,0,8,1,1.0,4.0,4.034,2,181.4666667,1,1,0,179.08,0,0,1,17.0,2.0,2
74.96,1,0,2,0,1,3,1.0,1,1,3.0,2,0,0,1,0,4,0,14.0,3.0,6.046,2,59.5,0,1,1,55.76,1,0,0,23.0,2.0,0
68.99,0,0,2,0,0,3,1.0,1,1,3.0,0,0,0,1,0,7,0,0.0,9.0,4.04,2,272.2,1,1,1,102.89,1,0,0,20.0,2.0,2
61.79,1,0,2,2,0,2,1.0,1,1,1.0,2,0,0,1,0,8,1,0.0,9.0,2.04,2,149.8666667,1,1,1,147.89,0,0,0,20.0,1.0,2
76.22,0,0,2,2,0,6,1.0,1,1,2.0,1,0,0,1,0,8,0,0.0,5.0,3.13,2,163.2,0,1,1,161.05,0,0,1,65.0,0.0,1
71.21,0,0,2,0,0,2,1.0,1,1,3.0,2,0,0,1,0,2,1,1.0,5.0,5.042,2,119.8,1,1,1,9.84,1,0,0,21.0,2.0,2
48.1,1,0,2,0,1,2,1.0,1,1,2.0,0,0,0,1,1,4,0,4.0,3.0,5.11,2,128.5666667,1,1,1,77.83,1,0,1,55.0,3.0,2
68.47,0,0,2,2,0,3,1.0,1,1,3.0,2,0,0,1,0,2,1,5.0,5.0,6.042000000000001,2,31.0,0,1,1,19.8,1,0,0,21.0,2.0,0
51.42,0,0,4,1,0,3,1.0,1,1,2.0,2,0,5,1,0,8,0,0.0,3.0,3.02,4,65.4,1,0,1,64.54,0,0,0,10.0,1.0,2
59.64,1,0,3,1,1,5,1.0,1,1,2.0,2,0,1,1,0,4,0,6.0,2.0,5.084,3,110.1,1,1,1,108.65,1,0,1,42.0,2.0,2
70.53,0,0,2,2,0,3,1.0,1,1,2.0,0,0,0,1,0,8,0,1.0,3.0,4.058,2,92.76666667,0,0,1,91.55,0,0,1,29.0,2.0,1
33.8,1,0,2,2,1,2,1.0,1,1,3.0,0,0,0,1,1,4,0,2.0,2.0,5.08,2,79.36666667,0,1,1,58.72,1,0,0,40.0,2.0,0
96.29,1,0,2,2,0,0,1.0,0,0,3.0,2,0,0,0,0,8,1,14.0,5.0,6.0520000000000005,2,7.866666667,0,0,1,7.5,1,0,2,26.0,2.0,0
84.76,1,0,3,0,0,0,1.0,0,0,3.0,2,0,1,0,0,1,1,0.0,6.0,4.06,3,15.53333333,0,0,0,15.33,0,0,2,30.0,2.0,1
75.67,1,0,5,0,0,2,1.0,1,1,2.0,2,0,4,1,0,3,0,0.0,3.0,3.044,6,62.63333333,1,1,0,61.81,0,0,1,22.0,2.0,2
41.31,1,0,2,0,0,3,1.0,1,1,3.0,2,0,0,1,1,8,1,0.0,1.0,4.04,2,118.2,1,1,0,116.64,0,0,0,20.0,1.0,2
76.72,1,0,2,0,0,3,1.0,1,1,3.0,2,0,0,1,0,7,1,1.0,3.0,5.056,2,115.7,0,0,1,96.91,1,0,0,28.0,2.0,0
77.99,1,0,3,1,0,2,1.0,1,1,2.0,2,0,1,1,0,7,0,1.0,4.0,4.13,3,77.23333333,0,0,1,76.22,0,0,1,65.0,3.0,1
50.41,1,0,5,1,1,2,1.0,1,1,2.0,0,0,4,1,0,10,0,1.0,5.0,4.048,6,91.26666667,1,1,1,90.07,0,0,0,24.0,2.0,2
76.35,1,0,2,0,0,5,1.0,0,0,2.0,2,0,0,0,0,5,1,0.0,2.0,3.044,2,119.73333329999998,1,0,0,118.16,0,0,1,22.0,2.0,2
59.96,1,0,5,2,0,3,1.0,1,1,2.0,0,1,4,1,0,6,1,25.0,4.0,5.07,6,125.8,1,0,1,2.04,1,0,0,35.0,4.0,2
60.27,1,0,2,0,1,3,1.0,1,1,3.0,0,0,0,1,0,10,1,15.0,1.0,6.06,2,72.46666667,0,1,1,71.51,0,0,0,30.0,2.0,1
84.0,1,0,2,0,0,3,1.0,1,1,3.0,2,0,0,1,0,9,0,0.0,2.0,4.034,2,119.46666670000002,0,0,0,116.22,1,0,0,17.0,1.0,0
74.94,1,0,6,1,0,3,1.0,1,1,3.0,2,0,0,0,0,9,0,0.0,5.0,1.11,0,74.56666667,1,1,0,73.59,0,0,0,55.0,0.0,2
62.34,1,0,3,0,1,1,1.0,0,0,2.0,0,1,1,0,0,6,0,13.0,2.0,5.18,3,34.66666667,0,0,1,25.3,1,0,3,90.0,3.0,0
77.96,1,0,2,0,0,3,1.0,1,1,3.0,1,0,0,1,0,4,1,1.0,6.0,5.09,2,44.23333333,1,0,1,43.65,0,0,0,45.0,3.0,2
77.48,0,0,5,0,0,2,1.0,1,1,2.0,1,0,4,1,0,3,0,0.0,5.0,3.032,6,107.1,0,1,1,105.69,0,0,1,16.0,1.0,1
64.55,1,0,2,0,1,5,1.0,1,1,2.0,2,0,0,1,0,3,0,2.0,3.0,4.034,2,113.2,0,1,1,111.71,0,0,1,17.0,2.0,1
77.48,1,0,2,0,0,3,1.0,1,1,2.0,2,0,0,1,0,3,1,9.0,4.0,5.048,2,89.36666667,0,1,1,71.12,1,0,0,24.0,2.0,0
46.85,0,0,2,2,1,2,1.0,1,1,2.0,2,0,0,1,1,4,1,1.0,3.0,4.048,2,123.26666670000002,1,0,1,52.07,1,0,1,24.0,2.0,2
70.5,1,0,5,2,0,2,1.0,1,1,3.0,2,0,4,1,0,7,0,9.0,2.0,6.053999999999999,6,111.0,1,0,1,109.54,0,0,0,27.0,2.0,2
32.99,1,0,2,2,1,3,1.0,1,1,3.0,2,0,0,1,1,1,1,8.0,2.0,6.05,2,29.66666667,0,0,1,14.18,1,0,0,25.0,2.0,0
79.52,1,0,2,0,0,2,1.0,1,1,2.0,2,0,0,1,0,8,1,1.0,7.0,4.042,2,121.96666670000002,1,1,0,120.36,0,0,1,21.0,2.0,2
58.08,1,0,3,0,0,2,1.0,1,1,2.0,0,0,1,1,0,9,1,0.0,3.0,3.036,3,114.6,1,1,0,113.09,0,0,1,18.0,1.0,2
83.19,1,0,5,2,0,3,1.0,1,1,2.0,2,0,4,1,0,3,1,0.0,5.0,3.036,6,27.46666667,0,0,0,27.11,1,0,0,18.0,1.0,0
53.1,1,0,2,2,1,2,1.0,1,1,3.0,0,0,0,1,0,4,0,2.0,5.0,5.06,2,87.83333333,1,1,1,86.68,0,0,0,30.0,2.0,2
76.81,1,0,2,0,0,6,1.0,0,0,3.0,2,0,2,0,0,1,1,5.0,10.0,6.05,2,63.96666667,0,0,1,63.13,0,0,2,25.0,2.0,1
51.15,1,0,2,0,1,2,1.0,1,1,2.0,2,0,0,1,0,9,0,2.0,2.0,4.0280000000000005,2,98.7,0,0,0,72.01,1,0,0,14.0,2.0,0
71.3,1,0,2,0,0,6,1.0,1,1,2.0,2,0,0,1,0,4,1,2.0,5.0,4.0360000000000005,2,76.7,1,0,1,75.69,0,0,1,18.0,2.0,2
75.65,1,0,2,1,0,3,1.0,1,1,3.0,0,0,0,1,0,10,1,0.0,3.0,4.048,2,104.5333333,1,1,0,103.16,0,0,0,24.0,2.0,2
60.2,1,0,0,2,1,6,1.0,0,0,2.0,2,0,6,0,0,5,1,0.0,3.0,3.12,1,48.8,1,0,1,48.16,0,0,2,60.0,3.0,2
48.99,1,0,2,2,1,2,1.0,1,1,3.0,2,0,0,1,1,7,0,1.0,4.0,5.038,2,119.3333333,1,1,0,117.76,0,0,0,19.0,2.0,2
38.75,1,0,2,0,0,5,1.0,0,0,2.0,0,1,0,0,1,6,0,3.0,1.0,4.006,2,34.76666667,1,0,0,34.31,0,0,3,3.0,2.0,2
75.98,1,0,2,0,0,3,1.0,1,1,3.0,2,0,0,1,0,8,0,3.0,5.0,5.0760000000000005,2,29.03333333,0,0,1,28.65,0,0,0,38.0,2.0,1
72.14,1,0,4,1,0,6,1.0,1,0,1.0,2,0,5,1,0,4,1,0.0,5.0,2.08,4,92.96666667,0,0,0,91.74,0,0,2,40.0,2.0,1
63.86,1,0,2,2,0,3,1.0,1,1,2.0,2,0,0,1,0,3,1,0.0,3.0,3.034,2,101.9,1,1,0,100.56,0,0,1,17.0,1.0,2
38.9,1,0,2,2,1,5,1.0,1,1,3.0,2,0,0,1,1,4,0,1.0,1.0,5.05,2,94.23333333,1,0,1,92.99,0,0,0,25.0,2.0,2
62.97,0,0,0,0,1,6,1.0,1,1,3.0,2,0,6,1,0,4,1,1.0,5.0,5.0280000000000005,1,112.8,1,0,1,111.32,0,0,2,14.0,2.0,2
70.04,1,0,3,0,0,2,1.0,1,1,2.0,2,0,1,1,0,4,1,1.0,2.0,4.06,3,33.56666667,1,1,1,33.13,0,0,1,30.0,2.0,2
66.52,0,0,2,1,0,5,1.0,1,1,2.0,2,0,0,1,0,4,1,0.0,2.0,3.024,2,111.0666667,1,1,1,109.61,0,0,1,12.0,1.0,2
64.28,1,0,2,0,0,2,1.0,1,1,2.0,1,0,0,1,0,3,0,1.0,2.0,4.032,2,64.03333333,1,0,0,63.19,0,0,1,16.0,2.0,2
61.11,0,0,2,0,0,3,1.0,1,1,3.0,2,0,0,1,0,0,1,0.0,6.0,4.04,2,35.53333333,0,0,1,35.07,1,0,1,20.0,2.0,0
54.1,1,0,2,2,0,6,1.0,0,0,3.0,2,0,0,0,0,5,1,0.0,3.0,5.04,2,0.7666666670000001,1,0,0,0.76,0,0,2,20.0,2.0,2
63.98,0,0,2,2,0,5,1.0,1,1,2.0,2,0,0,1,0,8,0,0.0,5.0,3.02,2,105.96666670000002,1,0,1,104.57,0,0,0,10.0,1.0,2
38.35,0,0,2,0,1,3,1.0,1,1,3.0,0,1,0,1,1,0,1,0.0,2.0,4.04,2,86.8,1,1,1,85.66,0,0,0,20.0,1.0,2
84.41,1,0,2,2,1,2,1.0,1,1,2.0,2,0,0,1,0,9,0,1.0,3.0,4.05,2,47.43333333,0,1,1,25.33,1,0,1,25.0,2.0,0
51.92,0,0,2,2,0,2,1.0,1,1,2.0,2,0,0,1,0,4,0,0.0,4.0,3.04,2,56.5,1,0,1,55.76,0,0,1,20.0,1.0,2
55.99,1,0,3,2,0,6,1.0,1,0,2.0,2,0,1,0,0,4,1,0.0,5.0,4.01,3,17.76666667,1,0,0,17.53,0,0,1,5.0,2.0,2
76.5,0,0,2,2,0,6,1.0,1,0,3.0,2,0,0,1,0,4,1,0.0,5.0,4.0280000000000005,2,88.0,1,0,0,86.84,0,0,2,14.0,1.0,2
26.36,0,0,2,0,0,2,1.0,1,1,3.0,2,0,0,1,1,7,1,0.0,1.0,4.024,2,32.63333333,0,1,1,32.2,1,0,0,12.0,1.0,0
75.71,1,0,2,0,0,3,1.0,1,1,3.0,2,0,0,1,0,1,1,0.0,4.0,4.062,2,80.66666667,1,1,1,79.61,0,0,0,31.0,2.0,2
66.95,1,0,5,1,0,5,1.0,1,1,2.0,2,0,4,1,0,4,0,1.0,2.0,4.064,6,103.7666667,0,0,1,102.4,0,0,1,32.0,2.0,1
50.39,0,0,2,0,1,0,1.0,0,0,3.0,2,0,0,0,0,1,0,0.0,3.0,4.0360000000000005,2,75.4,1,0,1,74.41,0,0,1,18.0,1.0,2
66.09,0,0,2,0,0,5,1.0,1,1,2.0,2,0,0,1,0,8,1,0.0,3.0,3.026,2,61.33333333,1,1,1,60.53,0,0,1,13.0,1.0,2
56.34,0,0,2,2,0,6,1.0,1,1,2.0,2,0,0,1,0,4,1,1.0,5.0,4.0280000000000005,2,102.5666667,1,0,1,101.22,0,0,1,14.0,2.0,2
79.12,0,0,2,0,0,2,1.0,1,1,1.0,2,0,0,0,0,9,0,0.0,2.0,2.04,2,84.2,0,1,1,83.09,0,0,1,20.0,1.0,1
73.46,1,0,2,0,0,1,1.0,1,0,3.0,0,1,0,1,0,6,0,12.0,3.0,6.12,2,19.73333333,0,0,1,19.47,0,0,2,60.0,3.0,1
71.06,1,0,2,0,0,6,1.0,1,1,2.0,2,0,0,1,0,4,0,5.0,2.0,5.06,2,93.3,1,1,1,92.07,0,0,1,30.0,3.0,2
67.06,1,0,5,0,0,3,1.0,1,1,2.0,2,0,4,1,0,9,0,6.0,2.0,5.066,6,15.16666667,0,0,1,14.97,1,0,1,33.0,2.0,0
60.62,0,0,2,2,0,2,1.0,1,1,1.0,2,0,0,1,0,8,1,4.0,3.0,4.016,2,61.43333333,1,1,1,60.63,0,0,1,8.0,2.0,2
79.48,1,0,2,0,0,2,1.0,1,1,2.0,2,0,0,1,0,2,0,2.0,3.0,4.042,2,25.53333333,1,0,1,25.2,0,0,0,21.0,2.0,2
85.12,1,0,2,2,0,1,1.0,1,1,3.0,0,1,0,1,0,6,1,1.0,3.0,5.042,2,96.63333333,0,1,0,95.36,1,0,1,21.0,2.0,0
69.95,0,0,3,2,0,1,1.0,1,0,3.0,2,0,1,1,0,10,0,2.0,22.0,5.056,3,24.8,0,0,1,24.47,1,0,0,28.0,2.0,0
82.5,0,0,2,2,0,2,1.0,1,1,1.0,2,0,0,1,0,9,1,0.0,2.0,2.048,2,69.4,1,1,1,68.49,0,0,1,24.0,2.0,2
69.73,1,0,0,2,0,5,1.0,1,1,3.0,2,0,6,0,0,4,0,0.0,4.0,1.12,1,111.0666667,1,1,0,109.61,0,0,1,60.0,1.0,2
35.9,1,0,2,0,1,6,1.0,0,0,3.0,0,1,0,0,1,6,1,0.0,4.0,4.2,2,19.03333333,0,0,1,5.16,1,0,3,100.0,3.0,0
58.65,1,0,3,2,0,6,1.0,1,1,2.0,2,0,1,1,0,4,0,0.0,5.0,3.2,3,30.43333333,1,0,1,30.03,0,0,1,100.0,2.0,2
60.89,0,0,2,0,1,6,1.0,0,0,3.0,1,0,0,1,0,1,0,2.0,3.0,5.05,2,97.26666667,1,0,1,95.99,0,0,2,25.0,2.0,2
82.87,0,0,0,2,0,5,1.0,0,0,2.0,2,0,6,0,0,5,0,0.0,2.0,3.09,1,23.33333333,0,0,1,23.03,1,0,2,45.0,2.0,0
52.43,1,0,2,0,1,1,1.0,1,0,3.0,0,0,0,1,0,1,1,22.0,5.0,6.32,2,18.93333333,0,0,1,13.26,1,0,0,160.0,1.0,0
78.78,1,0,2,0,0,2,1.0,1,1,2.0,0,0,0,1,0,8,0,0.0,5.0,3.016,2,20.0,0,1,0,15.89,1,0,1,8.0,1.0,0
50.94,0,0,2,0,0,5,1.0,1,1,3.0,0,1,0,1,0,6,0,0.0,4.0,4.0280000000000005,2,69.8,0,1,1,51.25,1,0,3,14.0,1.0,0
57.76,1,0,2,0,1,1,1.0,0,0,3.0,0,1,0,0,0,6,0,0.0,1.0,4.032,2,55.36666667,1,0,0,54.64,0,0,3,16.0,1.0,2
78.27,1,0,2,0,1,0,1.0,0,0,3.0,2,0,0,0,0,1,0,10.0,7.0,6.167999999999999,2,11.06666667,0,0,1,10.92,1,0,2,84.0,3.0,0
61.31,0,0,2,0,1,2,1.0,1,1,3.0,2,0,0,1,0,10,1,9.0,1.0,6.05,2,24.33333333,0,1,1,21.12,1,0,0,25.0,2.0,0
76.24,0,0,2,0,0,3,1.0,1,1,3.0,0,1,0,1,0,0,0,0.0,5.0,6.068,2,128.0,0,1,1,126.32,1,0,0,34.0,2.0,0
58.83,0,0,2,0,1,0,1.0,0,0,3.0,2,0,0,1,0,1,1,0.0,2.0,4.058,2,112.4,0,0,1,110.92,0,0,2,29.0,2.0,1
82.34,1,0,2,0,0,5,1.0,1,1,2.0,2,0,0,1,0,8,1,1.0,7.0,4.0280000000000005,2,152.06666669999998,0,1,1,150.07,0,0,1,14.0,2.0,1
59.22,1,0,2,0,1,0,1.0,0,0,3.0,2,0,0,0,0,1,0,0.0,2.0,4.078,2,16.6,0,0,1,13.75,1,0,2,39.0,2.0,0
54.85,1,0,6,2,0,6,1.0,1,0,3.0,2,0,0,0,0,5,1,0.0,5.0,1.0,0,176.43333330000002,1,0,0,174.11,0,0,2,22.41,0.0,2
79.41,1,0,2,0,0,3,1.0,1,1,3.0,2,0,0,0,0,7,0,4.0,4.0,6.07,2,14.43333333,0,1,0,14.24,1,0,0,35.0,2.0,0
73.64,1,0,2,2,0,2,1.0,1,1,1.0,2,0,0,0,0,8,1,0.0,1.0,2.06,2,1.233333333,1,1,0,1.22,0,0,1,30.0,2.0,2
73.39,0,0,2,2,0,3,1.0,1,1,3.0,2,0,0,1,0,8,0,0.0,1.0,4.093999999999999,2,42.36666667,0,1,0,41.81,1,0,0,47.0,2.0,0
56.47,0,0,2,2,1,3,1.0,1,1,3.0,2,0,0,1,0,10,0,15.0,5.0,6.046,2,93.66666667,0,0,1,67.3,1,0,0,23.0,2.0,0
52.21,0,0,6,2,0,6,1.0,1,0,3.0,2,0,0,1,0,5,1,0.0,5.0,2.0,0,69.93333333,0,0,0,69.01,1,0,2,22.41,2.0,0
83.68,1,0,2,2,0,2,1.0,1,1,1.0,2,0,0,1,0,3,1,2.0,6.0,3.074,2,149.4,1,0,0,147.43,0,0,1,37.0,2.0,2
57.41,1,0,2,2,1,6,1.0,1,0,3.0,2,0,0,1,0,4,0,3.0,5.0,5.056,2,175.6333333,1,0,1,173.32,0,0,2,28.0,2.0,2
79.61,1,0,2,0,0,3,1.0,1,1,3.0,0,1,0,1,0,6,0,1.0,1.0,5.038,2,43.1,0,1,1,42.53,0,0,3,19.0,2.0,1
41.32,1,0,2,2,0,5,1.0,1,1,2.0,2,0,0,0,1,4,0,1.0,28.0,4.092,2,30.96666667,0,1,0,30.56,0,0,1,46.0,2.0,1
50.62,1,0,2,2,1,2,1.0,1,1,2.0,2,0,0,1,0,9,1,3.0,4.0,4.05,2,175.8,1,1,0,142.01,1,0,0,25.0,2.0,2
68.19,0,0,2,0,1,0,1.0,0,0,3.0,2,0,0,0,0,1,0,3.0,3.0,5.066,2,136.16666669999998,1,0,1,134.38,0,0,1,33.0,2.0,2
83.01,1,0,2,2,0,2,1.0,1,1,2.0,2,0,0,1,0,3,0,1.0,3.0,4.044,2,144.7,0,1,0,142.8,0,0,1,22.0,2.0,1
70.6,1,0,5,0,0,6,1.0,0,0,3.0,2,0,4,1,0,5,1,0.0,5.0,4.056,6,63.86666667,0,0,1,47.63,1,0,2,28.0,2.0,1
72.14,1,0,6,1,0,6,1.0,1,0,3.0,0,1,0,0,0,5,0,0.0,5.0,2.074,0,119.96666670000002,0,0,0,118.39,0,0,3,37.0,1.0,1
57.96,0,0,2,0,0,2,2.0,0,0,2.0,0,1,0,0,0,6,0,0.0,3.0,3.04,2,59.7,0,0,1,37.43,1,0,3,20.0,1.0,0
60.29,1,0,2,2,0,1,2.0,0,0,3.0,0,1,0,1,0,6,1,0.0,7.0,4.03,2,268.4333333,0,0,0,264.9,0,0,3,15.0,1.0,1
54.11,0,0,5,2,0,2,2.0,1,1,1.0,0,0,4,0,0,3,0,0.0,6.0,2.03,6,47.9,0,0,0,47.27,0,0,1,15.0,1.0,1
62.59,1,0,3,2,0,6,2.0,1,0,2.0,2,0,1,1,0,4,0,1.0,1.0,4.04,3,220.9,0,0,0,217.99,0,0,2,20.0,2.0,1
52.98,0,0,2,0,0,2,2.0,1,1,1.0,2,0,7,0,0,9,0,0.0,10.0,2.02,2,285.4333333,1,1,1,161.22,1,0,1,10.0,1.0,2
58.99,1,0,5,1,0,2,2.0,1,1,1.0,2,0,4,1,0,9,0,1.0,6.0,3.05,6,280.7,1,1,0,277.01,0,0,1,25.0,2.0,2
59.63,1,0,2,0,0,3,2.0,1,1,3.0,2,0,0,1,0,0,0,0.0,6.0,4.04,2,163.4,1,1,0,161.25,0,0,0,20.0,1.0,2
43.72,1,0,5,0,1,2,2.0,0,1,1.0,2,0,4,0,1,8,0,10.0,4.0,4.03,6,64.93333333,0,1,0,29.05,1,0,1,15.0,3.0,0
65.07,0,0,5,2,0,6,2.0,1,1,2.0,2,0,4,0,0,4,0,0.0,3.0,3.036,6,219.1666667,0,1,1,162.76,1,0,1,18.0,1.0,0
63.3,0,0,2,0,0,3,2.0,1,1,3.0,2,0,0,1,0,4,0,0.0,11.0,4.0360000000000005,2,89.1,0,0,1,42.2,1,0,0,18.0,1.0,0
66.22,0,0,2,0,0,3,2.0,1,1,2.0,0,0,0,0,0,0,1,0.0,8.0,3.032,2,89.1,0,1,1,46.61,1,0,1,16.0,1.0,0
53.53,0,0,2,2,0,2,2.0,1,1,1.0,2,0,7,1,0,3,1,2.0,6.0,3.028,2,128.53333329999998,1,1,1,121.51,1,0,1,14.0,2.0,2
62.54,0,0,2,0,0,3,2.0,1,1,3.0,0,1,0,1,0,6,1,0.0,3.0,4.032,2,193.7,1,1,1,165.07,1,0,3,16.0,1.0,2
61.22,1,0,2,2,0,3,2.0,1,1,3.0,2,0,0,1,0,3,0,1.0,2.0,5.03,2,279.1,1,0,1,275.43,0,0,1,15.0,2.0,2
36.52,1,0,2,0,1,1,2.0,0,0,3.0,0,1,0,0,1,6,0,3.0,7.0,5.03,2,19.1,0,0,1,12.01,1,0,3,15.0,2.0,0
70.69,0,0,2,0,0,3,2.0,1,1,3.0,0,0,0,1,0,2,0,0.0,5.0,4.02,2,274.03333330000004,1,1,1,270.43,0,0,0,10.0,1.0,2
30.67,1,0,2,2,1,3,2.0,0,1,3.0,1,0,0,0,1,0,1,3.0,5.0,5.07,2,45.16666667,0,1,1,17.11,1,0,0,35.0,2.0,0
34.2,0,0,2,1,0,6,2.0,1,0,2.0,2,0,0,0,1,5,1,0.0,2.0,3.006,2,52.96666667,0,0,1,33.98,1,0,1,3.0,1.0,0
69.45,1,0,2,2,0,0,2.0,1,1,3.0,2,0,0,1,0,4,0,6.0,5.0,6.053999999999999,2,44.76666667,0,0,1,25.92,1,0,1,27.0,3.0,0
62.56,1,0,2,2,0,2,2.0,1,1,2.0,2,0,0,1,0,7,0,0.0,6.0,3.048,2,73.7,0,0,0,47.8,1,0,1,24.0,1.0,0
68.76,0,0,2,0,0,3,2.0,1,1,3.0,2,0,0,1,0,0,0,1.0,5.0,5.034,2,177.2666667,1,0,1,174.93,0,0,0,17.0,2.0,2
61.78,0,0,2,0,0,3,2.0,1,1,2.0,2,0,0,0,0,3,0,0.0,6.0,3.03,2,163.7333333,1,0,1,161.58,0,0,0,15.0,1.0,2
66.36,1,0,5,2,0,3,2.0,1,1,2.0,2,0,4,1,0,8,0,0.0,8.0,3.03,6,133.2333333,0,1,0,72.11,1,0,0,15.0,1.0,0
48.07,1,0,2,2,0,2,2.0,1,1,2.0,2,0,0,0,1,8,0,0.0,2.0,3.03,2,201.4666667,1,1,0,27.53,1,0,1,15.0,1.0,2
54.59,0,0,5,0,0,2,2.0,1,1,1.0,2,0,4,1,0,8,1,1.0,6.0,3.022,6,234.4333333,0,1,1,105.79,1,0,1,11.0,2.0,1
47.94,1,0,5,0,1,0,2.0,0,0,2.0,2,0,4,0,1,1,0,1.0,3.0,4.04,6,278.2666667,1,0,0,274.61,0,0,1,20.0,2.0,2
44.82,0,0,2,0,0,2,2.0,0,1,1.0,1,0,7,0,1,8,0,0.0,4.0,2.018,2,251.6333333,1,1,1,248.32,0,0,1,9.0,1.0,2
60.59,0,0,2,0,0,6,2.0,0,0,3.0,2,0,0,0,0,5,0,0.0,3.0,4.016,2,108.0666667,0,0,0,102.76,1,0,1,8.0,1.0,0
44.88,0,0,2,2,0,2,2.0,1,1,1.0,2,0,0,1,1,4,1,3.0,3.0,3.03,2,236.9333333,1,1,1,233.82,0,0,1,15.0,2.0,2
28.62,1,0,2,0,1,3,2.0,0,1,3.0,2,0,0,0,1,10,0,11.0,7.0,6.08,2,51.4,0,1,1,15.95,1,0,0,40.0,3.0,0
61.99,1,0,2,0,0,3,2.0,1,1,3.0,2,0,0,1,0,0,0,4.0,10.0,6.07,2,133.7333333,1,0,1,131.97,0,0,0,35.0,3.0,2
49.94,0,0,2,0,1,3,2.0,0,1,3.0,0,0,0,0,1,7,0,1.0,6.0,5.024,2,274.5,1,0,1,270.89,0,0,3,12.0,2.0,2
48.25,1,0,2,0,1,1,2.0,0,0,3.0,0,1,0,0,1,6,0,3.0,7.0,5.03,2,24.9,0,0,1,15.3,1,0,3,15.0,2.0,0
45.57,1,0,3,0,0,5,2.0,1,1,2.0,2,0,1,1,1,4,1,0.0,5.0,3.06,3,275.6333333,1,1,1,53.75,1,0,1,30.0,1.0,2
46.85,1,0,5,0,0,2,2.0,1,1,2.0,2,0,4,1,1,9,1,1.0,4.0,4.06,6,168.9666667,0,1,1,154.41,1,0,0,30.0,2.0,0
68.23,1,0,2,0,0,2,2.0,1,1,1.0,2,0,0,0,0,9,1,0.0,4.0,2.0380000000000003,2,234.3333333,0,1,0,231.25,0,0,1,19.0,1.0,1
60.13,1,0,2,2,0,2,2.0,1,1,1.0,2,0,0,0,0,3,1,0.0,5.0,2.026,2,97.76666667,0,1,0,96.48,0,0,1,13.0,1.0,1
47.48,1,0,5,2,0,2,2.0,1,1,1.0,0,0,4,0,1,9,1,0.0,6.0,2.06,6,145.43333330000002,0,0,0,55.26,1,0,1,30.0,1.0,1
51.36,1,0,5,2,0,2,2.0,1,1,2.0,2,0,4,1,0,8,1,0.0,5.0,3.07,6,81.93333333,0,1,0,80.69,1,0,1,35.0,1.0,0
30.95,0,0,2,0,1,0,2.0,0,0,3.0,0,0,0,0,1,1,0,1.0,6.0,5.074,2,274.4,1,0,1,270.79,0,0,2,37.0,2.0,2
66.11,1,0,3,2,0,5,2.0,0,0,2.0,2,0,1,1,0,3,0,0.0,2.0,3.07,3,203.5333333,0,0,0,170.23,1,0,1,35.0,1.0,0
38.16,1,0,2,1,1,6,2.0,0,0,3.0,0,1,0,0,1,5,1,4.0,4.0,6.09,2,35.0,0,0,0,32.3,1,0,3,45.0,3.0,0
63.1,0,0,2,2,0,3,2.0,1,1,2.0,2,0,0,1,0,8,1,2.0,4.0,4.03,2,118.03333329999998,0,1,1,86.05,1,0,1,15.0,2.0,0
70.32,1,0,4,2,0,3,2.0,1,1,2.0,2,0,5,1,0,4,1,0.0,7.0,3.052,4,275.6,1,1,0,271.97,0,0,0,26.0,1.0,2
57.48,0,0,2,1,0,6,2.0,1,1,2.0,2,0,7,1,0,4,0,1.0,2.0,4.03,2,270.1333333,0,0,1,215.79,1,0,2,15.0,2.0,0
65.79,0,0,2,2,0,6,2.0,1,1,3.0,0,0,0,1,0,3,0,0.0,2.0,4.034,2,227.8666667,0,1,1,224.87,0,0,1,17.0,1.0,1
53.11,0,0,2,0,0,3,2.0,1,1,3.0,2,0,0,1,0,2,0,1.0,3.0,5.042,2,271.3333333,1,1,1,267.76,0,0,0,21.0,2.0,2
59.9,0,0,3,0,0,3,2.0,1,1,2.0,2,0,1,0,0,8,0,0.0,4.0,3.03,3,160.0,1,1,1,157.89,0,0,0,15.0,1.0,2
60.32,0,0,3,0,0,2,2.0,1,1,2.0,2,0,1,1,0,9,1,5.0,10.0,5.09,3,274.3666667,1,1,0,270.76,0,0,1,45.0,3.0,2
56.79,0,0,2,1,0,0,2.0,1,0,3.0,1,0,0,1,0,1,0,0.0,7.0,4.032,2,44.83333333,0,0,1,40.49,1,0,1,16.0,1.0,0
54.4,0,0,5,2,0,3,2.0,1,1,3.0,1,0,4,1,0,7,1,0.0,6.0,4.034,6,150.7333333,0,1,1,148.75,0,0,0,17.0,1.0,1
66.06,1,0,2,2,0,3,2.0,1,1,2.0,1,0,0,1,0,8,1,7.0,3.0,5.07,2,131.6666667,0,1,0,129.93,0,0,0,35.0,3.0,1
62.76,1,0,2,1,0,4,2.0,1,1,2.0,2,0,0,1,0,3,0,1.0,6.0,4.034,2,181.2333333,0,1,0,119.11,1,0,0,17.0,2.0,0
36.8,0,0,2,0,0,2,2.0,1,1,2.0,2,0,0,0,1,1,0,0.0,6.0,3.04,2,275.2333333,1,1,1,159.34,1,0,0,20.0,1.0,2
64.32,1,0,2,2,0,3,2.0,1,1,2.0,0,0,0,1,0,0,0,1.0,2.0,4.06,2,40.43333333,0,1,0,39.9,0,0,0,30.0,2.0,1
62.36,1,0,2,0,0,2,2.0,1,1,3.0,0,1,0,1,0,6,0,3.0,5.0,5.056,2,68.26666667,0,0,1,42.27,1,0,3,28.0,2.0,0
47.03,1,0,5,2,0,2,2.0,1,1,2.0,2,0,4,0,1,9,0,0.0,8.0,3.05,6,116.9333333,1,1,0,12.86,1,0,0,25.0,1.0,2
40.79,0,0,2,0,0,2,2.0,1,1,2.0,2,0,0,0,1,3,0,0.0,12.0,3.034,2,271.9333333,1,1,1,268.36,0,0,1,17.0,1.0,2
50.38,1,0,2,1,0,1,2.0,1,1,2.0,0,0,0,1,0,10,0,1.0,2.0,4.07,2,110.76666670000002,0,1,0,86.25,1,0,0,35.0,2.0,0
67.62,1,0,2,0,0,3,2.0,1,1,2.0,2,0,0,1,0,9,1,0.0,3.0,3.05,2,267.2333333,1,1,0,263.72,0,0,0,25.0,1.0,2
42.07,0,0,2,2,0,6,2.0,1,1,2.0,2,0,0,0,1,0,1,0.0,3.0,3.024,2,272.1,1,0,1,268.52,0,0,1,12.0,1.0,2
57.94,1,0,5,2,0,6,2.0,1,1,3.0,2,0,4,1,0,2,0,1.0,5.0,5.04,6,87.7,0,1,1,18.22,1,0,0,20.0,2.0,0
50.07,1,0,5,2,0,2,2.0,1,1,1.0,2,0,4,0,0,7,0,0.0,4.0,2.03,6,252.9666667,1,1,0,249.64,0,0,0,15.0,1.0,2
70.35,0,0,2,2,0,2,2.0,1,1,2.0,2,0,0,1,0,2,0,1.0,8.0,4.026,2,271.2666667,1,1,1,267.7,0,0,0,13.0,2.0,2
63.01,0,0,2,0,0,3,2.0,1,1,2.0,2,0,0,0,0,9,1,0.0,4.0,3.036,2,85.86666667,0,0,1,73.09,1,0,0,18.0,1.0,0
65.25,0,0,2,2,0,3,2.0,1,1,2.0,0,0,0,0,0,3,1,0.0,4.0,3.026,2,231.0333333,0,1,1,227.99,0,0,0,13.0,1.0,1
64.25,0,0,5,1,0,5,2.0,1,1,1.0,2,0,4,0,0,3,1,0.0,2.0,2.044,6,257.5666667,1,1,1,254.18,0,0,1,22.0,1.0,2
61.95,1,0,5,0,0,2,2.0,1,1,1.0,2,0,4,0,0,8,0,0.0,4.0,2.0380000000000003,6,270.5666667,1,1,0,267.01,0,0,1,19.0,1.0,2
40.06,0,0,2,2,0,2,2.0,1,1,3.0,2,0,0,1,1,3,0,0.0,6.0,4.0360000000000005,2,254.6333333,1,1,1,251.28,0,0,1,18.0,1.0,2
57.39,0,0,7,2,0,6,2.0,0,0,3.0,2,0,3,0,0,5,1,0.0,6.0,1.032,5,136.06666669999998,0,1,1,134.28,0,0,1,16.0,1.0,1
35.97,0,0,5,0,0,6,2.0,1,1,3.0,0,1,4,1,1,4,1,0.0,5.0,4.022,6,269.9,1,1,1,266.35,0,0,1,11.0,1.0,2
36.5,1,0,2,2,1,0,2.0,0,0,3.0,2,0,0,0,1,1,1,1.0,4.0,5.022,2,235.6666667,1,0,1,232.57,0,0,2,11.0,2.0,2
42.9,1,0,2,0,1,6,2.0,0,0,3.0,2,0,2,0,1,1,1,2.0,5.0,5.046,2,259.7666667,1,0,1,256.35,0,0,1,23.0,2.0,2
56.85,0,0,2,0,0,1,2.0,1,0,2.0,2,0,0,0,0,3,0,1.0,8.0,4.018,2,153.83333330000002,0,0,1,151.81,0,0,2,9.0,1.0,1
59.84,1,0,2,2,0,2,2.0,1,1,3.0,2,0,0,1,0,3,1,0.0,6.0,4.04,2,55.03333333,0,1,0,54.31,0,0,1,20.0,1.0,1
67.12,1,0,2,0,0,2,2.0,1,1,2.0,1,0,0,1,0,9,1,0.0,12.0,3.054,2,270.3,1,1,0,266.74,0,0,0,27.0,1.0,2
60.48,1,0,3,2,0,2,2.0,1,1,2.0,2,0,1,0,0,3,0,0.0,6.0,3.028,3,269.0,1,0,0,265.46,0,0,1,14.0,1.0,2
58.48,1,0,2,0,1,0,2.0,0,0,3.0,2,0,0,0,0,10,1,1.0,11.0,5.053999999999999,2,19.73333333,0,0,1,18.91,1,0,2,27.0,2.0,0
61.08,0,0,2,2,0,2,2.0,1,1,2.0,2,0,0,0,0,2,1,0.0,4.0,3.026,2,231.5333333,0,0,1,228.49,0,0,1,13.0,1.0,1
60.76,1,0,2,0,0,3,2.0,1,1,3.0,0,0,0,1,0,10,1,0.0,8.0,4.038,2,146.7333333,1,0,0,144.8,0,0,3,19.0,1.0,2
55.8,1,0,3,2,0,6,2.0,1,1,2.0,2,0,1,0,0,4,1,0.0,5.0,3.028,3,264.7666667,1,0,0,261.28,0,0,1,14.0,1.0,2
58.85,1,0,2,0,0,0,2.0,0,1,2.0,2,0,0,0,0,5,0,0.0,6.0,3.01,2,149.7,0,0,0,75.07,1,0,2,5.0,1.0,0
65.04,1,0,2,0,0,1,2.0,1,0,3.0,0,1,0,1,0,6,0,18.0,9.0,6.07,2,39.53333333,0,0,1,16.05,1,0,3,35.0,3.0,0
60.11,1,0,2,2,0,2,2.0,1,1,2.0,2,0,0,1,0,3,1,1.0,6.0,4.03,2,227.7333333,0,1,0,224.74,0,0,1,15.0,2.0,1
60.65,1,0,2,2,0,0,2.0,0,0,3.0,2,0,0,1,0,10,1,0.0,4.0,4.052,2,43.2,0,0,1,21.02,1,0,2,26.0,1.0,0
31.48,1,0,2,2,1,6,2.0,0,0,3.0,2,0,0,0,1,1,1,11.0,5.0,6.062,2,9.433333333,0,0,1,8.32,1,0,1,31.0,3.0,0
58.69,0,0,5,0,0,2,2.0,1,1,3.0,2,0,4,1,0,4,1,0.0,5.0,4.032,6,159.0,0,1,1,91.91,1,0,1,16.0,1.0,0
36.25,0,0,4,2,0,3,2.0,1,1,2.0,2,0,5,0,1,7,1,0.0,7.0,3.0460000000000003,4,269.6333333,1,0,1,266.09,0,0,0,23.0,1.0,2
61.53,1,0,3,0,0,2,2.0,1,1,2.0,2,0,1,1,0,8,0,0.0,5.0,3.044,3,270.4333333,1,0,0,266.88,0,0,1,22.0,1.0,2
45.3,1,0,2,2,1,6,2.0,0,0,3.0,2,0,0,0,1,1,0,1.0,5.0,5.044,2,250.6666667,1,0,1,247.37,0,0,2,22.0,2.0,2
63.94,1,0,5,2,0,3,2.0,1,1,3.0,2,0,4,1,0,0,1,0.0,2.0,4.052,6,141.56666669999998,0,1,0,139.7,0,0,0,26.0,1.0,1
59.58,1,0,4,2,0,2,2.0,1,1,1.0,2,0,5,1,0,4,0,1.0,6.0,3.04,4,258.3333333,1,0,0,254.93,0,0,1,20.0,2.0,2
47.1,1,0,2,0,0,2,2.0,1,1,1.0,2,0,0,1,1,4,1,2.0,4.0,3.04,2,269.3333333,1,1,0,117.93,1,0,1,20.0,2.0,2
66.84,1,0,2,1,0,6,2.0,0,0,3.0,0,1,0,1,0,6,0,0.0,6.0,4.03,2,196.5666667,0,0,0,184.08,1,0,3,15.0,1.0,0
68.18,1,0,2,2,0,6,2.0,1,1,2.0,2,0,0,0,0,4,1,0.0,5.0,3.026,2,237.3666667,0,0,0,234.24,0,0,1,13.0,1.0,1
59.29,1,0,3,1,0,5,2.0,1,1,2.0,2,0,1,1,0,4,0,9.0,4.0,5.05,3,20.66666667,0,1,0,18.98,1,0,1,25.0,3.0,1
49.83,0,0,2,0,0,3,2.0,1,1,2.0,2,0,0,1,1,9,0,0.0,3.0,3.05,2,218.3,0,1,1,62.76,1,0,1,25.0,1.0,0
34.83,1,0,2,0,1,6,2.0,0,0,3.0,2,0,0,0,1,1,0,1.0,6.0,5.05,2,125.6,0,0,1,102.66,1,0,1,25.0,2.0,0
59.6,0,0,2,0,1,0,2.0,0,0,3.0,2,0,0,0,0,1,1,5.0,5.0,6.04,2,267.4,1,0,1,263.88,0,0,2,20.0,3.0,2
48.93,0,0,2,0,0,2,2.0,1,1,1.0,2,0,7,0,1,3,0,0.0,6.0,2.032,2,266.9333333,1,1,1,263.42,0,0,1,16.0,1.0,2
33.9,1,0,2,0,1,0,2.0,0,0,3.0,2,0,0,0,1,1,0,2.0,4.0,5.06,2,31.93333333,0,0,1,31.51,1,0,2,30.0,2.0,0
59.13,1,0,4,1,0,3,2.0,1,1,1.0,2,0,5,0,0,9,0,0.0,5.0,2.04,4,240.0333333,0,1,0,236.88,0,0,1,20.0,1.0,1
45.74,1,0,2,0,1,1,2.0,0,0,3.0,0,0,0,0,1,0,1,8.0,8.0,6.05,2,14.4,0,0,1,14.01,1,0,0,25.0,3.0,0
37.01,1,0,2,0,1,1,2.0,0,0,3.0,0,1,0,0,1,6,1,5.0,6.0,6.074,2,14.1,0,0,1,11.38,1,0,3,37.0,3.0,0
58.14,0,0,5,0,0,2,2.0,1,1,1.0,1,0,4,0,0,0,0,0.0,1.0,2.026,6,263.7,0,1,0,70.89,1,0,0,13.0,1.0,0
53.31,1,0,2,0,1,1,2.0,0,0,2.0,2,0,0,0,0,5,0,1.0,6.0,4.04,2,262.8666667,0,0,1,259.41,0,0,2,20.0,2.0,1
46.9,1,0,2,0,0,3,2.0,1,1,2.0,2,0,0,0,1,9,0,0.0,10.0,3.034,2,228.1,0,1,0,13.52,1,0,1,17.0,1.0,1
63.1,0,0,2,0,0,3,2.0,1,1,3.0,2,0,0,1,0,2,1,0.0,3.0,4.0360000000000005,2,108.4333333,1,1,1,107.01,0,0,0,18.0,1.0,2
44.08,1,0,2,0,0,2,2.0,1,1,1.0,2,0,7,0,1,3,0,0.0,4.0,2.03,2,161.93333330000002,0,1,0,159.8,0,0,1,15.0,1.0,1
70.19,1,0,2,0,0,3,2.0,1,1,3.0,0,1,0,1,0,6,1,1.0,4.0,5.034,2,101.2666667,0,1,0,99.93,0,0,1,17.0,2.0,1
66.97,1,0,5,0,0,2,2.0,0,1,3.0,2,0,4,1,0,9,0,0.0,7.0,4.053999999999999,6,27.2,0,1,0,26.05,1,0,1,27.0,1.0,0
36.47,1,0,2,2,0,2,2.0,1,1,2.0,2,0,0,0,1,4,1,0.0,3.0,3.03,2,112.0,1,1,0,110.53,0,0,1,15.0,1.0,2
39.07,0,0,2,0,0,2,2.0,1,1,2.0,2,0,0,0,1,0,1,0.0,6.0,3.03,2,263.3666667,1,1,1,97.76,1,0,0,15.0,1.0,2
52.67,0,0,2,0,0,2,2.0,1,1,1.0,2,0,7,0,0,9,0,0.0,9.0,2.024,2,189.1,0,1,1,186.61,0,0,1,12.0,1.0,1
43.08,0,0,2,0,0,3,2.0,1,1,2.0,2,0,0,0,1,1,1,0.0,4.0,3.036,2,30.13333333,0,1,1,14.97,1,0,0,18.0,1.0,0
69.79,1,0,2,2,0,3,2.0,1,1,2.0,2,0,0,1,0,9,0,3.0,10.0,4.06,2,5.5,0,1,1,5.23,1,0,0,30.0,2.0,0
31.02,1,0,2,0,1,6,2.0,0,0,3.0,2,0,0,0,1,1,0,2.0,4.0,5.06,2,262.1333333,1,0,1,258.68,0,0,2,30.0,2.0,2
69.67,1,0,2,2,0,2,2.0,1,1,3.0,2,0,0,1,0,7,0,0.0,6.0,4.05,2,222.2,0,0,0,219.28,0,0,1,25.0,1.0,1
53.99,0,0,5,2,0,6,2.0,1,0,2.0,2,0,4,1,0,4,0,4.0,5.0,5.02,6,227.8333333,0,0,1,184.34,1,0,2,10.0,3.0,0
69.48,1,0,2,2,0,1,2.0,1,1,3.0,0,0,0,1,0,6,1,7.0,8.0,6.06,2,9.6,0,0,1,9.47,1,0,3,30.0,3.0,0
50.3,1,0,2,2,0,2,2.0,1,1,3.0,2,0,0,1,0,9,0,2.0,6.0,5.0360000000000005,2,265.0,1,1,1,261.51,0,0,0,18.0,2.0,2
66.86,1,0,2,0,0,2,2.0,1,1,2.0,1,0,0,0,0,3,1,0.0,8.0,3.026,2,172.9,0,1,1,170.63,0,0,1,13.0,1.0,1
46.49,1,0,5,0,0,2,2.0,1,1,2.0,2,0,4,1,1,4,0,2.0,9.0,4.05,6,252.8666667,0,1,0,221.97,1,0,1,25.0,2.0,0
69.6,0,0,2,2,0,2,2.0,1,1,2.0,2,0,0,1,0,3,0,2.0,10.0,4.03,2,264.2333333,1,1,1,189.08,1,0,1,15.0,2.0,2
40.02,0,0,2,0,0,2,2.0,1,1,1.0,2,0,0,0,1,8,1,0.0,6.0,2.03,2,110.6,0,1,0,109.14,0,0,1,15.0,1.0,1
56.26,0,0,2,2,0,3,2.0,1,1,2.0,0,1,0,1,0,6,0,1.0,4.0,4.03,2,180.8333333,0,1,1,178.45,0,0,3,15.0,2.0,1
64.04,0,0,2,2,0,3,2.0,1,1,3.0,0,1,0,1,0,10,0,0.0,5.0,4.04,2,261.2,1,0,1,257.76,0,0,3,20.0,1.0,2
48.47,1,0,5,1,0,2,2.0,1,1,1.0,2,0,4,0,1,9,1,0.0,6.0,2.03,6,260.0,1,1,0,256.58,0,0,1,15.0,1.0,2
63.65,1,0,2,1,0,6,2.0,0,0,3.0,2,0,0,1,0,1,1,0.0,4.0,4.04,2,187.0333333,1,0,1,184.57,0,0,2,20.0,1.0,2
46.7,0,0,2,2,0,2,2.0,1,1,3.0,0,1,0,1,1,6,0,1.0,3.0,5.0360000000000005,2,254.5,1,1,1,251.15,0,0,3,18.0,2.0,2
58.1,0,0,2,0,0,2,2.0,1,1,3.0,2,0,0,1,0,8,0,0.0,4.0,4.032,2,191.2333333,1,1,1,188.72,0,0,1,16.0,1.0,2
61.42,1,0,2,2,0,2,2.0,1,1,3.0,2,0,0,1,0,8,1,0.0,8.0,4.024,2,262.0,1,0,0,258.55,0,0,0,12.0,1.0,2
50.45,1,0,2,0,1,6,2.0,0,0,3.0,1,0,0,0,0,1,0,1.0,7.0,5.024,2,263.2333333,1,0,1,259.77,0,0,1,12.0,2.0,2
62.32,1,0,3,0,0,2,2.0,1,1,2.0,2,0,1,1,0,3,1,1.0,5.0,4.06,3,140.56666669999998,0,0,0,138.72,0,0,0,30.0,2.0,1
45.75,0,0,2,2,0,2,2.0,1,1,2.0,2,0,0,0,1,9,0,0.0,6.0,3.0460000000000003,2,253.0666667,1,1,1,249.74,0,0,1,23.0,1.0,2
60.09,1,0,2,2,0,6,2.0,1,1,2.0,2,0,0,1,0,4,0,6.0,6.0,5.04,2,15.7,0,0,1,9.97,1,0,2,20.0,3.0,0
48.48,1,0,2,2,0,3,2.0,1,1,2.0,0,0,0,0,1,2,0,0.0,2.0,3.024,2,114.9,0,1,0,92.63,1,0,0,12.0,1.0,0
51.94,0,0,5,2,0,2,2.0,1,1,1.0,2,0,4,0,0,9,0,0.0,2.0,2.024,6,149.6,1,1,1,147.63,0,0,1,12.0,1.0,2
50.37,0,0,2,2,0,6,2.0,1,1,1.0,2,0,0,1,0,4,0,1.0,3.0,3.0460000000000003,2,238.3666667,1,0,1,120.53,1,0,1,23.0,2.0,2
39.7,0,0,2,0,1,0,2.0,0,0,3.0,2,0,0,0,1,0,0,1.0,5.0,5.03,2,262.6333333,1,0,1,259.18,0,0,2,15.0,2.0,2
56.83,1,0,2,0,0,3,2.0,1,1,3.0,2,0,0,1,0,2,1,0.0,12.0,4.02,2,258.8666667,1,1,0,255.46,0,0,0,10.0,1.0,2
63.08,0,0,3,2,0,2,2.0,1,1,3.0,2,0,1,1,0,9,1,1.0,9.0,5.044,3,217.5666667,0,1,1,214.7,0,0,0,22.0,1.0,1
37.89,0,0,2,0,1,1,2.0,0,0,3.0,0,1,0,0,1,6,0,1.0,2.0,5.026,2,256.0,1,0,1,252.63,0,0,3,13.0,2.0,2
49.92,0,0,2,0,0,2,2.0,1,1,3.0,2,0,0,1,1,7,1,0.0,3.0,4.044,2,261.2,1,0,1,257.76,0,0,0,22.0,2.0,2
60.93,0,0,2,0,0,3,2.0,1,1,3.0,0,1,0,1,0,10,0,0.0,6.0,4.034,2,42.56666667,0,0,1,33.68,1,0,0,17.0,1.0,0
46.76,1,0,2,0,1,1,2.0,0,1,3.0,0,1,2,0,1,6,1,2.0,4.0,5.042,2,35.63333333,0,0,1,34.28,1,0,0,21.0,2.0,0
50.01,0,0,2,0,0,2,2.0,1,1,1.0,2,0,0,0,0,3,1,0.0,9.0,2.03,2,250.1333333,1,1,1,246.84,0,0,1,15.0,1.0,2
69.07,1,0,2,0,0,2,2.0,1,1,2.0,2,0,0,1,0,3,1,0.0,1.0,3.0380000000000003,2,70.4,0,1,0,65.3,1,0,1,19.0,1.0,0
54.64,0,0,2,0,0,2,2.0,1,1,2.0,1,0,0,1,0,8,1,0.0,8.0,3.044,2,260.7333333,1,0,1,257.3,0,0,1,22.0,1.0,2
53.19,0,0,5,0,0,2,2.0,1,1,2.0,2,0,4,0,0,3,0,0.0,5.0,3.026,6,98.83333333,1,1,1,97.53,0,0,1,13.0,1.0,2
67.2,1,0,2,2,0,0,2.0,0,0,3.0,2,0,0,1,0,1,0,0.0,5.0,4.07,2,73.83333333,0,0,0,72.86,0,0,2,35.0,1.0,1
57.17,0,0,3,2,0,2,2.0,1,1,2.0,2,0,1,0,0,8,1,0.0,4.0,3.032,3,259.9666667,1,1,1,256.55,0,0,1,16.0,1.0,2
59.53,1,0,2,2,0,3,2.0,1,1,3.0,2,0,0,1,0,2,1,0.0,6.0,4.06,2,255.1,0,0,0,251.74,0,0,0,30.0,1.0,1
55.3,1,0,2,0,1,0,2.0,0,0,3.0,2,0,0,0,0,1,1,1.0,5.0,5.086,2,32.03333333,0,0,1,27.11,1,0,2,43.0,2.0,0
47.74,1,0,2,2,1,0,2.0,0,0,3.0,2,0,0,0,1,5,1,2.0,8.0,5.08,2,254.2666667,1,0,1,250.92,0,0,2,40.0,2.0,2
65.69,1,0,2,2,0,3,2.0,1,1,3.0,2,0,0,1,0,7,1,1.0,5.0,5.072,2,44.6,0,0,1,21.84,1,0,0,36.0,2.0,0
62.87,0,0,2,0,0,6,2.0,0,0,3.0,2,0,0,0,0,1,0,0.0,5.0,4.034,2,146.3666667,1,0,1,144.44,0,0,2,17.0,1.0,2
43.51,0,0,2,0,1,0,2.0,0,0,3.0,2,0,0,0,1,1,1,6.0,13.0,6.04,2,28.56666667,0,0,1,20.95,1,0,2,20.0,3.0,0
46.7,1,0,5,0,0,2,2.0,1,1,1.0,2,0,4,0,1,4,0,0.0,7.0,2.04,6,165.16666669999998,0,1,0,35.07,1,0,1,20.0,1.0,0
60.29,1,0,2,0,1,6,2.0,0,0,3.0,2,0,2,0,0,10,1,2.0,5.0,5.0360000000000005,2,259.53333330000004,1,0,1,256.12,0,0,2,18.0,2.0,2
50.54,1,0,5,0,0,2,2.0,1,1,2.0,2,0,4,0,0,9,1,0.0,11.0,3.03,6,149.6,1,1,1,147.63,0,0,1,15.0,1.0,2
68.5,1,0,2,0,0,3,2.0,1,1,3.0,2,0,0,1,0,0,1,2.0,2.0,5.06,2,81.1,0,1,1,44.84,1,0,0,30.0,2.0,0
43.68,1,0,3,2,0,5,2.0,1,1,2.0,2,0,1,0,1,4,1,0.0,4.0,3.05,3,210.9666667,0,1,1,139.84,1,0,1,25.0,1.0,0
65.58,0,0,2,0,0,2,2.0,1,1,2.0,2,0,0,0,0,8,0,0.0,3.0,3.0380000000000003,2,256.5,1,1,0,253.13,0,0,1,19.0,1.0,2
56.73,1,0,5,0,0,3,2.0,1,1,3.0,2,0,4,1,0,9,0,2.0,1.0,5.0760000000000005,6,152.33333330000002,0,1,1,150.33,0,0,0,38.0,2.0,1
60.34,0,0,2,0,0,2,2.0,1,1,2.0,2,0,0,1,0,10,1,2.0,5.0,4.04,2,258.3333333,1,1,1,254.93,0,0,0,20.0,2.0,2
58.55,0,0,2,0,0,3,2.0,1,1,3.0,0,1,0,1,0,6,0,0.0,5.0,4.03,2,28.73333333,0,0,1,25.56,1,0,3,15.0,1.0,0
28.96,1,0,2,2,0,2,2.0,1,1,2.0,0,1,0,0,1,6,1,0.0,9.0,3.04,2,75.36666667,0,0,1,45.03,1,0,0,20.0,1.0,0
48.34,1,0,2,0,0,2,2.0,1,1,1.0,2,0,7,1,1,3,0,2.0,5.0,3.054,2,252.3333333,1,1,0,249.01,0,0,1,27.0,2.0,2
61.07,0,0,3,0,0,2,2.0,1,1,2.0,2,0,1,1,0,3,1,2.0,7.0,4.032,3,100.7333333,1,0,1,8.98,1,0,1,16.0,2.0,2
63.06,0,0,2,0,0,2,2.0,1,1,1.0,2,0,0,0,0,3,0,0.0,3.0,2.024,2,131.3333333,0,1,0,28.95,1,0,1,12.0,1.0,1
62.39,1,0,2,0,0,1,2.0,1,1,3.0,0,0,0,1,0,10,1,0.0,6.0,4.034,2,257.7666667,1,0,0,254.38,0,0,3,17.0,1.0,2
50.26,1,0,2,2,1,0,2.0,0,0,3.0,0,0,0,0,0,10,1,4.0,5.0,6.044,2,167.43333330000002,1,0,1,165.23,0,0,2,22.0,3.0,2
42.17,1,0,2,0,1,0,2.0,0,0,3.0,2,0,0,0,1,1,1,1.0,4.0,5.032,2,227.9333333,1,0,1,224.93,0,0,2,16.0,2.0,2
59.78,0,0,2,2,1,0,2.0,0,1,3.0,1,0,0,0,0,0,0,1.0,4.0,5.056,2,221.2333333,1,0,1,218.32,0,0,2,28.0,2.0,2
66.76,1,0,2,2,0,2,2.0,1,1,2.0,0,0,0,1,0,9,0,1.0,1.0,4.032,2,136.93333330000002,1,1,1,135.13,0,0,0,16.0,1.0,2
54.95,1,0,2,2,0,2,2.0,1,1,2.0,2,0,0,0,0,8,0,0.0,9.0,3.026,2,219.6666667,0,1,0,166.02,1,0,1,13.0,1.0,0
43.6,1,0,2,0,0,3,2.0,1,1,3.0,2,0,0,1,1,2,0,0.0,12.0,4.0280000000000005,2,178.16666669999998,0,1,1,48.29,1,0,1,14.0,1.0,0
58.31,0,0,2,0,0,0,2.0,0,0,3.0,2,0,0,1,0,1,1,0.0,9.0,4.026,2,145.5,1,0,1,143.59,0,0,2,13.0,1.0,2
44.94,1,0,2,0,1,0,2.0,0,0,3.0,2,0,0,0,1,1,0,1.0,3.0,5.034,2,248.7666667,1,0,1,245.49,0,0,1,17.0,2.0,2
63.03,1,0,5,2,0,2,2.0,0,1,1.0,2,0,4,0,0,8,1,0.0,3.0,2.0340000000000003,6,23.93333333,0,1,0,23.62,0,0,1,17.0,1.0,1
58.31,0,0,5,0,0,2,2.0,1,1,2.0,2,0,4,0,0,4,0,0.0,7.0,3.034,6,252.0,1,1,1,248.68,0,0,1,17.0,1.0,2
50.66,0,0,2,2,0,3,2.0,1,1,3.0,0,1,0,1,0,6,1,0.0,2.0,4.034,2,236.1333333,1,1,1,149.21,1,0,0,17.0,1.0,2
41.4,0,0,4,0,0,2,2.0,1,1,1.0,2,0,5,0,1,3,0,0.0,2.0,2.04,4,99.7,1,1,0,98.39,0,0,1,20.0,1.0,2
56.81,0,0,2,2,0,3,2.0,1,1,3.0,2,0,0,1,0,10,0,3.0,16.0,5.052,2,55.83333333,0,1,1,35.2,1,0,0,26.0,2.0,0
50.21,0,0,2,0,0,2,2.0,1,1,1.0,2,0,0,0,0,3,0,0.0,9.0,2.036,2,123.9,1,1,1,122.27,0,0,1,18.0,1.0,2
52.91,1,0,5,1,0,3,2.0,1,1,3.0,0,0,4,1,0,0,1,1.0,2.0,5.034,6,51.2,0,1,1,32.11,1,0,0,17.0,2.0,0
59.43,0,0,2,0,0,6,2.0,0,0,3.0,2,0,0,1,0,1,0,0.0,6.0,4.04,2,65.46666667,0,0,1,30.95,1,0,2,20.0,1.0,1
63.53,0,0,2,0,0,3,2.0,1,1,3.0,0,1,0,1,0,6,1,6.0,2.0,6.04,2,22.66666667,0,1,1,14.7,1,0,3,20.0,3.0,0
45.0,1,0,2,2,0,3,2.0,1,1,3.0,2,0,0,1,1,0,0,0.0,6.0,4.056,2,41.53333333,0,1,0,16.78,1,0,0,28.0,1.0,0
29.92,1,0,2,0,1,0,2.0,0,0,3.0,2,0,0,0,1,0,0,3.0,6.0,5.06,2,32.93333333,0,0,1,22.11,1,0,2,30.0,2.0,0
60.04,0,0,2,2,0,6,2.0,0,0,3.0,2,0,0,1,0,1,0,0.0,5.0,4.0360000000000005,2,217.7666667,1,0,0,214.9,0,0,2,18.0,1.0,2
60.42,1,0,2,1,0,5,2.0,1,1,3.0,2,0,0,1,0,4,0,0.0,5.0,4.05,2,158.5333333,0,1,0,156.45,0,0,1,25.0,1.0,1
42.72,1,0,2,1,1,0,2.0,0,0,3.0,2,0,0,0,1,1,0,1.0,14.0,5.05,2,236.0666667,1,0,1,232.96,0,0,2,25.0,2.0,2
48.75,1,0,2,0,0,2,2.0,1,1,2.0,2,0,0,0,1,3,1,0.0,6.0,3.03,2,242.5666667,1,1,0,239.38,0,0,1,15.0,1.0,2
64.99,1,0,2,2,0,3,2.0,1,1,2.0,2,0,0,0,0,8,0,0.0,3.0,3.0380000000000003,2,247.0,1,0,0,243.75,0,0,0,19.0,1.0,2
49.5,1,0,2,0,0,3,2.0,1,1,2.0,2,0,0,1,1,9,0,0.0,6.0,3.064,2,248.7666667,1,1,0,245.49,0,0,0,32.0,1.0,2
63.96,1,0,0,0,0,3,2.0,1,1,3.0,2,0,6,1,0,4,1,1.0,4.0,5.04,1,243.9,1,1,1,240.69,0,0,0,20.0,2.0,2
69.65,0,0,2,0,0,2,2.0,1,1,2.0,2,0,0,1,0,8,1,1.0,5.0,4.07,2,191.1333333,0,0,1,188.62,0,0,1,35.0,2.0,1
56.03,1,0,2,2,0,1,2.0,0,0,3.0,0,1,0,0,0,6,1,0.0,5.0,4.04,2,37.96666667,0,0,1,24.01,1,0,3,20.0,1.0,0
62.96,1,0,2,0,0,2,2.0,1,1,2.0,2,0,0,1,0,9,0,0.0,4.0,3.06,2,148.7666667,0,1,0,95.82,1,0,0,30.0,1.0,0
33.76,0,0,2,2,0,2,2.0,1,1,2.0,1,0,0,0,1,3,1,0.0,8.0,3.0460000000000003,2,241.2666667,1,1,1,226.25,1,0,1,23.0,1.0,2
62.62,1,0,5,2,0,3,2.0,1,1,2.0,2,0,4,1,0,3,0,0.0,6.0,3.06,6,227.8,0,1,0,178.36,1,0,0,30.0,1.0,1
39.4,1,0,2,0,0,2,2.0,1,1,2.0,2,0,0,0,1,3,1,0.0,5.0,3.034,2,241.8666667,1,1,0,238.68,0,0,1,17.0,1.0,2
48.53,1,0,2,0,1,1,2.0,0,0,3.0,0,1,0,0,1,6,1,4.0,5.0,6.053999999999999,2,109.0,1,0,1,107.57,0,0,3,27.0,3.0,2
47.75,0,0,5,0,0,3,2.0,1,1,3.0,0,0,4,1,1,10,0,0.0,8.0,4.05,6,38.03333333,0,1,1,36.97,1,0,0,25.0,1.0,0
48.48,0,0,2,0,0,3,2.0,1,1,3.0,0,1,0,1,1,6,1,0.0,8.0,4.056,2,26.76666667,0,1,1,25.07,1,0,3,28.0,1.0,0
57.31,0,0,2,0,0,3,2.0,1,1,3.0,0,1,0,1,0,6,1,0.0,8.0,4.032,2,68.2,0,0,1,45.33,1,0,3,16.0,1.0,0
56.42,0,0,2,0,0,0,2.0,1,1,3.0,2,0,0,0,0,1,1,0.0,23.0,4.04,2,10.86666667,0,0,1,5.03,1,0,2,20.0,1.0,0
51.18,0,0,2,0,0,2,2.0,1,1,2.0,2,0,0,1,0,8,1,1.0,3.0,4.053999999999999,2,241.6,1,1,1,238.42,0,0,1,27.0,2.0,2
65.62,1,0,2,0,0,6,2.0,0,1,3.0,2,0,0,1,0,1,0,0.0,9.0,4.046,2,179.43333330000002,1,0,0,177.07,0,0,2,23.0,1.0,2
66.15,0,0,2,0,0,3,2.0,1,1,2.0,0,0,0,0,0,9,0,0.0,3.0,3.032,2,241.2666667,1,0,1,238.09,0,0,0,16.0,1.0,2
65.5,1,0,3,0,0,2,2.0,1,1,2.0,2,0,1,0,0,4,1,0.0,4.0,3.036,3,87.53333333,0,1,0,86.38,0,0,1,18.0,1.0,1
60.99,1,0,3,2,0,2,2.0,1,1,3.0,0,1,1,1,0,6,1,0.0,5.0,4.04,3,113.8333333,0,1,1,112.34,0,0,3,20.0,1.0,1
53.36,1,0,2,1,0,2,2.0,1,1,3.0,0,0,0,1,0,8,1,3.0,3.0,5.04,2,236.6333333,1,1,1,233.52,0,0,1,20.0,2.0,2
61.26,1,0,2,0,0,3,2.0,1,1,3.0,0,1,0,1,0,6,0,0.0,1.0,4.08,2,136.2333333,1,0,0,134.44,0,0,3,40.0,1.0,2
38.49,1,0,2,2,1,6,2.0,0,0,3.0,2,0,0,0,1,1,0,8.0,8.0,6.056,2,23.2,0,0,1,18.72,1,0,1,28.0,3.0,0
40.06,1,0,2,0,1,1,2.0,0,0,3.0,0,1,0,0,1,0,0,3.0,6.0,5.07,2,55.63333333,0,0,1,47.04,1,0,3,35.0,2.0,0
59.3,1,0,2,0,0,3,2.0,1,1,3.0,0,0,0,1,0,9,0,1.0,5.0,5.04,2,228.6,0,1,1,225.59,0,0,0,20.0,2.0,1
63.34,0,0,3,0,0,3,2.0,1,1,3.0,0,0,1,1,0,7,0,0.0,2.0,4.04,3,240.7,1,0,1,237.53,0,0,0,20.0,1.0,2
52.45,1,0,2,0,0,6,2.0,0,0,3.0,2,0,0,1,0,1,0,0.0,6.0,4.03,2,243.7666667,1,0,0,240.56,0,0,2,15.0,1.0,2
59.29,1,0,2,0,1,0,2.0,0,0,3.0,2,0,0,0,0,3,1,3.0,12.0,5.05,2,226.7333333,1,0,1,223.75,0,0,2,25.0,2.0,2
41.17,1,0,2,0,1,3,2.0,0,1,3.0,0,0,0,0,1,0,1,3.0,4.0,5.056,2,50.03333333,0,1,1,38.06,1,0,0,28.0,2.0,0
50.92,0,0,2,2,0,2,2.0,1,1,2.0,2,0,0,1,0,3,1,1.0,4.0,4.034,2,138.33333330000002,1,1,1,136.51,0,0,1,17.0,2.0,2
55.28,0,0,2,0,0,2,2.0,1,1,3.0,2,0,0,1,0,9,0,7.0,6.0,6.0520000000000005,2,228.8,1,0,1,225.79,0,0,1,26.0,3.0,2
59.16,0,0,5,0,0,3,2.0,1,1,2.0,2,0,4,1,0,8,0,0.0,7.0,3.04,6,103.4666667,1,1,1,102.11,0,0,0,20.0,1.0,2
49.08,1,0,3,2,0,5,2.0,1,1,2.0,2,0,1,1,1,4,1,1.0,3.0,4.052,3,243.5,1,0,0,240.3,0,0,1,26.0,2.0,2
68.86,0,0,2,0,0,2,2.0,1,1,3.0,2,0,0,1,0,3,0,1.0,7.0,5.05,2,219.7666667,0,1,1,216.88,0,0,0,25.0,2.0,1
37.05,1,0,2,0,1,1,2.0,0,0,3.0,0,1,0,0,1,6,0,1.0,9.0,5.06,2,25.43333333,0,0,1,12.73,1,0,3,30.0,2.0,0
38.2,1,0,2,0,1,3,2.0,0,1,3.0,1,0,0,0,1,0,0,6.0,4.0,6.26,2,50.76666667,0,1,1,28.29,1,0,1,130.0,3.0,0
70.52,1,0,2,2,0,3,2.0,1,1,3.0,2,0,0,1,0,4,0,0.0,2.0,4.042,2,108.76666670000002,1,1,1,107.34,0,0,0,21.0,1.0,2
43.67,1,0,5,2,0,2,2.0,1,1,2.0,2,0,4,1,1,9,1,1.0,16.0,4.034,6,188.7333333,1,1,0,57.96,1,0,1,17.0,2.0,2
51.52,0,0,2,0,0,2,2.0,1,1,2.0,1,0,0,0,0,9,1,0.0,3.0,3.034,2,240.4666667,1,1,1,146.91,1,0,1,17.0,1.0,2
64.04,1,0,2,0,0,5,2.0,1,1,3.0,2,0,0,1,0,2,0,0.0,7.0,4.06,2,119.8666667,0,0,0,117.73,1,0,1,30.0,1.0,0
51.36,1,0,2,0,1,0,2.0,0,0,3.0,2,0,0,0,0,1,1,1.0,14.0,5.07,2,32.83333333,0,0,1,19.54,1,0,2,35.0,2.0,0
57.66,1,0,2,0,0,6,2.0,1,1,2.0,0,0,0,0,0,8,1,0.0,5.0,3.04,2,241.4,1,1,0,238.22,0,0,0,20.0,1.0,2
40.92,1,0,2,2,0,2,2.0,1,1,2.0,2,0,0,1,1,3,0,2.0,7.0,4.032,2,234.2333333,1,1,1,172.3,1,0,1,16.0,2.0,2
55.3,0,0,2,0,0,1,2.0,1,1,3.0,2,0,0,1,0,2,1,0.0,8.0,4.03,2,234.1333333,0,1,1,231.05,0,0,0,15.0,1.0,1
21.93,1,0,5,0,1,1,2.0,0,0,2.0,0,1,4,0,1,6,1,6.0,5.0,5.07,6,38.8,0,0,1,33.06,1,0,3,35.0,3.0,0
56.4,1,0,2,0,1,1,2.0,0,0,3.0,0,1,0,0,0,6,0,2.0,3.0,5.11,2,62.53333333,0,0,1,40.0,1,0,3,55.0,2.0,0
68.59,0,0,2,0,0,6,2.0,0,0,3.0,2,0,2,0,0,1,0,0.0,4.0,4.034,2,159.06666669999998,0,0,0,156.97,0,0,2,17.0,1.0,1
60.3,1,0,2,2,0,6,2.0,1,1,3.0,2,0,0,1,0,4,0,1.0,1.0,5.044,2,231.6666667,1,1,1,228.62,0,0,2,22.0,2.0,2
43.58,1,0,2,0,0,3,2.0,1,1,3.0,0,0,0,1,1,0,0,0.0,6.0,4.053999999999999,2,237.1333333,1,0,1,14.41,1,0,0,27.0,1.0,2
41.1,1,0,2,0,1,1,2.0,0,1,3.0,0,1,0,0,1,6,0,0.0,2.0,4.1,2,27.46666667,0,0,1,20.59,1,0,3,50.0,2.0,0
45.74,0,0,2,0,0,3,2.0,1,1,2.0,2,0,0,0,1,3,1,0.0,18.0,3.04,2,102.4,0,1,0,7.99,1,0,0,20.0,1.0,0
62.09,0,0,2,2,0,3,2.0,1,1,3.0,2,0,0,1,0,0,1,1.0,8.0,5.04,2,118.1333333,0,1,1,105.0,1,0,0,20.0,2.0,0
53.5,1,0,2,0,1,1,2.0,0,0,3.0,0,1,0,0,0,6,0,5.0,7.0,6.062,2,15.5,0,0,1,15.13,1,0,3,31.0,3.0,0
66.91,1,0,2,2,0,0,2.0,0,0,3.0,2,0,0,0,0,1,1,0.0,12.0,4.06,2,239.3,1,0,0,236.15,0,0,2,30.0,1.0,2
50.79,1,0,2,2,1,0,2.0,0,0,3.0,2,0,0,0,0,1,0,3.0,4.0,5.053999999999999,2,229.3333333,1,0,1,226.32,0,0,2,27.0,2.0,2
39.28,1,0,0,0,0,3,2.0,1,1,3.0,1,0,6,1,1,0,1,1.0,6.0,5.032,1,240.8333333,1,1,1,161.61,1,0,0,16.0,2.0,2
67.6,0,0,5,0,0,2,2.0,1,1,1.0,2,0,4,1,0,8,0,1.0,8.0,3.04,6,59.6,0,1,1,58.82,0,0,1,20.0,2.0,1
65.56,0,0,2,0,0,3,2.0,1,1,3.0,0,0,0,1,0,0,0,5.0,26.0,6.053999999999999,2,236.7,1,0,1,233.59,0,0,0,27.0,3.0,2
60.3,1,0,2,1,0,5,2.0,1,1,3.0,0,0,0,1,0,7,1,3.0,3.0,5.044,2,86.06666667,0,0,1,64.44,1,0,1,22.0,2.0,0
71.03,1,0,2,0,0,1,2.0,0,0,3.0,0,1,0,0,0,6,0,0.0,7.0,4.05,2,113.6666667,1,0,0,112.17,0,0,3,25.0,1.0,2
70.94,1,0,5,0,0,1,2.0,1,1,2.0,2,0,4,1,0,9,0,1.0,20.0,4.052,6,112.96666670000002,0,1,0,111.48,0,0,0,26.0,2.0,1
48.12,0,0,2,0,0,5,2.0,1,1,2.0,3,0,0,1,1,6,0,6.0,8.0,5.03,2,86.23333333,0,0,1,73.06,1,0,0,15.0,3.0,0
49.84,1,0,2,2,0,2,2.0,1,1,3.0,2,0,0,1,1,8,0,0.0,5.0,4.042,2,232.7333333,0,1,1,203.78,1,0,1,21.0,1.0,0
68.13,1,0,4,0,0,2,2.0,1,1,3.0,2,0,5,0,0,4,1,0.0,5.0,3.08,4,33.0,0,1,0,32.57,0,0,1,40.0,1.0,1
66.85,1,0,2,0,0,2,2.0,1,1,2.0,2,0,0,1,0,3,0,1.0,4.0,4.04,2,234.5333333,0,1,0,231.45,0,0,0,20.0,2.0,1
51.76,1,0,2,0,1,1,2.0,0,0,3.0,0,1,2,0,0,0,1,2.0,8.0,5.16,2,38.03333333,0,0,1,32.83,1,0,0,80.0,2.0,0
55.95,1,0,5,0,1,6,2.0,0,0,3.0,2,0,4,1,0,0,0,0.0,4.0,4.05,6,236.0333333,1,0,1,232.93,0,0,2,25.0,2.0,2
53.04,1,0,5,0,0,1,2.0,1,1,3.0,2,0,4,1,0,7,0,0.0,8.0,4.074,6,24.86666667,0,0,0,10.0,1,0,0,37.0,1.0,0
63.97,1,0,2,0,0,6,2.0,0,1,3.0,2,0,0,0,0,5,1,0.0,2.0,1.12,2,229.3666667,0,1,0,226.35,0,0,2,60.0,1.0,1
60.15,0,0,2,0,0,3,2.0,1,1,2.0,2,0,0,1,0,10,0,1.0,9.0,4.024,2,214.7,1,1,1,211.88,0,0,0,12.0,2.0,2
68.61,1,0,2,0,0,1,2.0,0,0,3.0,0,1,0,0,0,6,0,0.0,8.0,4.08,2,110.6333333,1,0,1,109.18,0,0,3,40.0,1.0,2
63.95,1,0,2,2,0,3,2.0,1,1,3.0,2,0,0,1,0,0,0,3.0,4.0,5.0680000000000005,2,235.4,1,1,1,232.3,0,0,0,34.0,2.0,2
37.16,1,0,2,2,1,6,2.0,0,0,3.0,2,0,0,0,1,1,1,1.0,5.0,5.011,2,230.4666667,1,0,1,227.43,0,0,2,5.5,2.0,2
55.71,0,0,2,0,0,0,2.0,0,0,3.0,2,0,0,0,0,1,1,0.0,4.0,4.0360000000000005,2,38.8,0,0,1,28.52,1,0,2,18.0,1.0,0
70.77,1,0,2,0,0,6,2.0,1,1,3.0,2,0,0,1,0,4,0,1.0,2.0,5.05,2,228.7666667,0,0,0,187.47,1,0,1,25.0,2.0,0
41.52,1,0,2,0,0,2,2.0,1,1,1.0,0,0,0,0,1,3,0,0.0,7.0,2.04,2,222.1,1,1,0,219.18,0,0,1,20.0,1.0,2
51.01,1,0,2,2,0,2,2.0,1,1,3.0,2,0,0,1,0,4,0,0.0,6.0,4.03,2,228.0,1,1,1,225.0,0,0,1,15.0,1.0,2
49.98,0,0,2,0,0,6,2.0,0,0,3.0,1,0,2,0,1,5,0,0.0,4.0,4.03,2,75.33333333,0,0,1,64.05,1,0,2,15.0,1.0,0
57.01,1,0,2,2,0,3,2.0,1,1,3.0,2,0,0,1,0,0,0,0.0,6.0,4.05,2,92.73333333,0,0,0,42.99,1,0,0,25.0,1.0,0
48.16,0,0,5,0,0,2,2.0,1,1,2.0,2,0,4,0,1,9,1,0.0,5.0,3.036,6,224.5666667,1,1,1,162.8,1,0,1,18.0,1.0,2
68.72,0,0,0,0,0,2,2.0,1,1,3.0,1,0,6,0,0,9,1,0.0,6.0,1.048,1,228.3333333,1,1,0,225.33,0,0,0,24.0,1.0,2
40.78,1,0,2,2,0,2,2.0,1,1,2.0,3,0,0,0,1,3,0,0.0,5.0,3.05,2,222.5,1,1,0,5.03,1,0,1,25.0,1.0,2
49.45,1,0,2,0,0,3,2.0,1,1,3.0,2,0,0,1,1,2,1,0.0,8.0,4.044,2,126.46666670000002,0,1,1,99.31,1,0,0,22.0,1.0,0
60.45,0,0,2,0,0,3,2.0,1,1,3.0,2,0,0,1,0,9,0,0.0,5.0,4.046,2,134.4666667,0,1,1,35.76,1,0,0,23.0,1.0,0
53.89,0,0,2,0,0,3,2.0,1,1,2.0,2,0,0,0,0,7,0,0.0,5.0,3.032,2,287.2333333,1,0,1,283.45,0,0,0,16.0,1.0,2
54.6,0,0,2,0,0,3,2.0,1,1,3.0,2,0,0,1,0,0,0,1.0,8.0,5.048,2,226.0666667,1,0,1,223.09,0,0,0,24.0,2.0,2
65.89,1,0,5,2,0,2,2.0,1,1,2.0,0,1,4,0,0,4,0,0.0,8.0,3.04,6,72.3,1,1,0,71.35,0,0,1,20.0,1.0,2
43.56,0,0,2,0,0,2,2.0,1,1,3.0,0,1,0,1,1,4,1,0.0,4.0,4.046,2,225.5,1,1,1,222.53,0,0,0,23.0,1.0,2
63.82,0,0,5,0,0,2,2.0,0,1,1.0,2,0,4,0,0,3,1,0.0,8.0,2.024,6,99.23333333,1,1,0,97.93,0,0,1,12.0,1.0,2
49.37,0,0,2,2,0,6,2.0,1,1,1.0,2,0,7,1,1,3,1,0.0,4.0,2.03,2,199.9666667,1,0,1,197.34,0,0,1,15.0,1.0,2
54.29,0,0,2,0,0,1,2.0,0,0,3.0,0,1,0,0,0,6,1,0.0,9.0,4.024,2,225.5,1,0,1,222.53,0,0,3,12.0,1.0,2
62.03,1,0,2,0,0,2,2.0,1,1,2.0,2,0,0,1,0,9,0,1.0,6.0,4.052,2,172.8,0,1,0,170.53,0,0,1,26.0,2.0,1
35.5,0,0,2,2,0,2,2.0,1,1,2.0,2,0,0,0,1,8,1,0.0,6.0,3.03,2,186.4333333,1,1,1,183.98,0,0,1,15.0,1.0,2
57.91,0,0,2,0,0,1,2.0,0,0,3.0,0,1,0,0,0,6,1,0.0,9.0,4.026,2,100.8666667,0,0,1,57.7,1,0,3,13.0,1.0,0
76.96,0,0,2,0,0,2,3.0,1,1,2.0,2,0,0,0,0,4,0,0.0,3.0,3.04,2,28.06666667,0,0,1,27.7,0,0,1,20.0,1.0,1
74.51,1,0,2,0,0,2,3.0,1,1,2.0,2,0,0,1,0,8,1,0.0,9.0,3.08,2,49.66666667,0,0,1,28.72,1,0,0,40.0,2.0,0
70.31,1,0,2,0,0,1,3.0,1,1,2.0,2,0,0,0,0,7,1,0.0,6.0,3.04,2,106.5666667,0,1,1,26.45,1,0,0,20.0,1.0,0
61.16,0,0,2,0,0,3,3.0,1,1,3.0,2,0,0,1,0,10,0,0.0,8.0,4.03,2,256.8666667,0,1,1,253.49,1,0,0,15.0,1.0,0
66.37,1,0,3,2,0,6,3.0,1,1,2.0,2,0,1,1,0,3,1,0.0,4.0,3.036,3,188.3666667,1,1,1,185.89,0,0,1,18.0,1.0,2
64.91,1,0,2,2,0,3,3.0,1,1,3.0,0,0,0,1,0,2,0,3.0,4.0,5.07,2,44.73333333,0,1,0,14.61,1,0,1,35.0,2.0,0
73.15,1,0,2,1,0,1,3.0,1,1,3.0,2,0,0,0,0,7,1,0.0,9.0,4.05,2,11.7,0,1,0,11.55,0,0,1,25.0,2.0,1
72.36,0,0,2,2,0,2,3.0,1,1,3.0,3,0,0,1,0,9,0,0.0,4.0,4.044,2,193.1666667,1,0,1,190.63,0,0,0,22.0,2.0,2
63.23,0,0,2,0,0,1,3.0,0,0,3.0,2,1,0,0,0,9,1,0.0,11.0,3.05,2,277.3666667,0,0,1,273.72,0,0,1,25.0,2.0,1
76.13,1,0,2,2,0,1,3.0,0,0,2.0,1,0,0,0,0,5,0,0.0,10.0,3.06,2,11.3,0,0,0,9.24,1,0,1,30.0,2.0,0
76.17,1,0,5,0,0,3,3.0,1,1,3.0,2,0,4,1,0,7,0,3.0,6.0,5.08,6,139.3,0,0,0,137.47,0,0,0,40.0,2.0,1
71.32,1,0,5,2,0,2,3.0,1,1,2.0,2,0,4,1,0,8,0,10.0,5.0,5.04,6,105.6666667,0,1,0,34.31,1,0,1,20.0,2.0,0
56.14,0,0,2,0,0,0,3.0,0,0,3.0,1,0,0,1,0,0,0,0.0,7.0,4.05,2,124.1,1,0,1,122.47,0,0,1,25.0,2.0,2
82.17,0,0,3,0,0,2,3.0,1,1,2.0,2,0,1,1,0,4,0,5.0,9.0,5.044,3,15.2,0,1,1,12.8,1,0,1,22.0,3.0,0
59.24,1,0,5,2,0,1,3.0,1,1,2.0,2,0,4,0,0,9,0,0.0,8.0,3.026,6,298.03333330000004,0,1,0,294.11,0,0,0,13.0,1.0,1
50.23,0,0,2,0,0,5,3.0,1,1,2.0,2,0,0,1,0,3,1,0.0,6.0,3.05,2,172.0,0,1,1,109.34,1,0,1,25.0,2.0,1
63.17,1,0,2,0,0,1,3.0,1,1,3.0,2,0,0,0,0,8,1,0.0,24.0,4.044,2,351.0,0,1,1,346.38,0,0,1,22.0,2.0,1
74.45,1,0,2,2,0,2,3.0,1,1,3.0,2,0,0,0,0,4,0,0.0,4.0,4.06,2,281.3666667,0,1,0,277.66,0,0,1,30.0,2.0,1
68.55,1,0,2,0,0,1,3.0,1,1,3.0,2,0,0,0,0,8,1,0.0,7.0,2.1,2,176.3666667,1,0,0,174.05,0,0,1,50.0,2.0,2
65.46,1,0,2,2,0,1,3.0,1,1,2.0,2,0,0,1,0,8,0,1.0,7.0,4.04,2,67.8,0,0,1,48.19,1,0,1,20.0,2.0,0
56.19,1,0,2,0,0,2,3.0,1,1,2.0,2,0,0,0,0,9,1,0.0,5.0,3.02,2,217.1,0,1,0,21.48,1,0,1,10.0,2.0,1
73.2,1,0,2,2,0,1,3.0,1,1,3.0,2,0,0,0,0,8,1,0.0,10.0,1.06,2,174.8,0,1,1,172.5,0,0,1,30.0,2.0,1
54.35,1,0,2,0,1,1,3.0,0,0,3.0,0,1,0,1,0,6,1,6.0,8.0,6.08,2,258.1666667,0,0,1,254.77,0,0,3,40.0,3.0,1
63.05,1,0,2,0,0,3,3.0,1,1,3.0,2,0,0,0,0,9,1,0.0,4.0,2.04,2,165.4,0,1,0,163.22,0,0,0,20.0,1.0,1
71.17,1,0,2,0,0,2,3.0,1,1,3.0,2,0,0,0,0,9,0,0.0,13.0,4.046,2,114.5,0,0,1,112.99,0,0,1,23.0,2.0,1
58.32,1,0,2,1,0,1,3.0,1,1,3.0,2,0,0,0,0,8,0,0.0,5.0,4.03,2,147.83333330000002,0,1,1,12.83,1,0,1,15.0,2.0,0
60.33,0,0,2,0,0,1,3.0,1,1,3.0,2,0,0,0,0,4,1,0.0,9.0,1.04,2,217.6333333,0,1,1,182.76,1,0,1,20.0,1.0,1
43.06,1,0,2,2,1,0,3.0,0,0,3.0,2,0,0,0,1,5,0,13.0,5.0,6.04,2,15.63333333,0,0,1,8.36,1,0,2,20.0,2.0,0
57.85,1,0,2,2,0,3,3.0,1,1,2.0,2,0,0,1,0,10,0,16.0,3.0,5.07,2,63.03333333,0,1,0,59.14,1,0,0,35.0,2.0,0
54.22,1,0,2,2,0,3,3.0,1,1,3.0,2,0,0,0,0,4,0,0.0,6.0,4.06,2,49.56666667,0,1,1,48.91,0,0,0,30.0,2.0,1
64.21,1,0,5,0,0,1,3.0,1,1,3.0,0,0,4,0,0,10,1,0.0,5.0,4.086,6,184.7,0,0,0,111.09,1,0,0,43.0,2.0,0
74.31,1,0,2,2,0,2,3.0,1,1,2.0,2,0,0,1,0,8,0,2.0,3.0,4.02,2,160.33333330000002,0,1,1,158.22,0,0,1,10.0,2.0,1
60.99,1,0,2,0,0,1,3.0,1,1,3.0,2,0,0,1,0,2,1,1.0,7.0,2.0,2,355.2,0,1,1,104.54,1,0,1,22.41,2.0,1
45.5,1,0,2,1,0,2,3.0,1,1,2.0,2,0,0,0,1,4,1,0.0,3.0,3.04,2,330.3666667,1,1,0,326.02,0,0,1,20.0,2.0,2
67.02,0,0,2,0,0,3,3.0,1,1,2.0,2,0,0,1,0,4,1,0.0,3.0,3.06,2,84.5,0,0,1,57.2,1,0,1,30.0,2.0,0
58.8,1,0,2,0,0,1,3.0,1,1,1.0,1,0,0,0,0,9,0,0.0,5.0,2.08,2,55.23333333,0,1,0,50.59,1,0,1,40.0,2.0,0
72.39,1,0,2,0,0,4,3.0,1,1,2.0,2,0,0,1,0,4,0,1.0,5.0,4.07,2,65.5,0,1,1,58.19,1,0,1,35.0,2.0,0
75.87,0,0,2,2,0,2,3.0,1,1,2.0,2,0,0,1,0,8,1,0.0,5.0,3.1,2,115.6,0,0,1,114.08,0,0,1,50.0,2.0,1
54.01,1,0,2,2,0,3,3.0,1,1,2.0,2,0,0,1,0,10,1,5.0,11.0,5.06,2,36.36666667,0,0,1,16.64,1,0,0,30.0,2.0,0
68.25,1,0,2,2,0,2,3.0,1,1,3.0,2,0,0,0,0,4,0,0.0,5.0,4.08,2,253.5333333,0,1,0,250.2,0,0,1,40.0,2.0,1
67.46,1,0,2,2,0,0,3.0,1,1,2.0,2,0,0,0,0,1,1,0.0,5.0,3.04,2,335.7333333,0,0,0,290.89,1,0,1,20.0,1.0,0
73.91,1,0,2,0,0,1,3.0,1,1,3.0,2,0,0,1,0,10,1,1.0,7.0,5.0360000000000005,2,203.7,0,0,1,201.02,0,0,0,18.0,2.0,1
80.81,1,0,2,2,0,2,3.0,1,1,2.0,1,0,0,1,0,3,1,1.0,5.0,4.11,2,100.1666667,0,0,0,21.71,1,0,1,55.0,3.0,1
68.7,1,0,2,0,0,0,3.0,0,0,3.0,2,0,2,1,0,1,1,0.0,4.0,4.06,2,178.4,1,0,0,176.05,0,0,1,30.0,2.0,2
72.17,1,0,2,2,0,2,3.0,1,1,2.0,0,0,0,1,0,8,1,1.0,8.0,4.04,2,163.2,0,1,1,161.05,0,0,0,20.0,2.0,1
28.04,1,0,2,0,0,2,3.0,0,1,3.0,2,0,0,0,1,7,1,0.0,1.0,4.09,2,33.9,0,0,0,17.24,1,0,0,45.0,2.0,0
37.85,1,0,2,0,1,1,3.0,0,1,2.0,0,1,0,0,1,10,1,4.0,2.0,5.0360000000000005,2,98.7,0,1,1,91.78,1,0,3,18.0,2.0,0
74.32,1,0,2,0,0,3,3.0,1,1,2.0,2,0,0,1,0,9,1,3.0,7.0,4.04,2,59.93333333,0,1,1,47.17,1,0,0,20.0,2.0,0
55.07,1,0,2,0,0,1,3.0,1,1,2.0,0,1,0,1,0,6,0,1.0,7.0,4.07,2,132.2,0,1,1,130.23,1,0,3,35.0,2.0,0
68.32,1,0,2,2,0,1,3.0,1,1,3.0,2,0,2,0,0,3,1,0.0,14.0,4.06,2,244.2,0,1,0,240.99,0,0,1,30.0,2.0,1
60.0,1,0,2,2,0,1,3.0,1,1,3.0,0,0,0,1,0,10,0,1.0,8.0,5.046,2,260.03333330000004,0,0,1,256.61,0,0,0,23.0,2.0,1
49.61,0,0,2,0,0,2,3.0,1,1,3.0,2,0,0,0,1,10,1,0.0,6.0,4.02,2,34.1,1,1,1,33.65,0,0,1,10.0,1.0,2
55.62,1,0,2,2,0,2,3.0,1,1,2.0,2,0,0,1,0,9,0,2.0,7.0,4.08,2,174.83333330000002,1,1,1,172.53,0,0,1,40.0,2.0,2
65.49,1,0,3,2,0,1,3.0,1,1,1.0,0,1,1,1,0,2,0,0.0,5.0,2.04,3,96.83333333,0,0,1,79.93,1,0,0,20.0,1.0,0
58.8,1,0,2,2,0,2,3.0,1,1,3.0,2,0,0,0,0,9,1,0.0,6.0,4.05,2,335.6,0,1,1,331.18,0,0,1,25.0,2.0,1
54.16,1,0,5,2,0,2,3.0,1,1,2.0,2,0,4,0,0,9,0,0.0,6.0,3.06,6,219.1666667,0,0,1,216.28,0,0,1,30.0,2.0,1
70.24,1,0,2,2,0,3,3.0,1,1,2.0,2,0,0,1,0,10,0,0.0,5.0,4.04,2,55.1,0,0,1,32.11,1,0,0,20.0,2.0,0
70.58,1,0,2,2,0,1,3.0,1,1,3.0,2,0,0,1,0,7,0,1.0,5.0,5.06,2,189.0333333,1,0,1,186.55,0,0,1,30.0,2.0,2
66.91,1,0,2,2,0,0,3.0,0,0,3.0,2,0,0,0,0,5,0,0.0,12.0,4.03,2,89.03333333,0,0,1,87.86,0,0,1,15.0,1.0,1
69.19,1,0,5,0,0,2,3.0,1,1,1.0,2,0,4,0,0,3,0,0.0,4.0,2.042,6,234.7,0,1,0,231.61,0,0,1,21.0,2.0,1
76.51,1,0,2,0,0,2,3.0,1,1,1.0,2,0,0,0,0,8,0,0.0,3.0,2.1,2,265.5666667,0,1,1,262.07,0,0,0,50.0,2.0,1
58.02,1,0,5,2,0,2,3.0,1,1,3.0,2,0,4,1,0,4,0,5.0,10.0,6.08,6,300.7,0,1,1,296.74,1,0,1,40.0,2.0,0
51.93,1,0,2,2,0,1,3.0,1,1,2.0,0,1,0,1,0,6,1,0.0,4.0,3.1,2,177.9,1,1,0,175.56,0,0,1,50.0,2.0,2
72.44,1,0,2,2,0,3,3.0,1,1,3.0,2,0,0,1,0,0,0,1.0,3.0,5.04,2,17.13333333,0,1,1,16.91,0,0,1,20.0,2.0,1
63.39,1,0,2,0,0,2,3.0,1,1,2.0,1,0,0,1,0,8,0,1.0,6.0,4.06,2,196.4666667,0,0,1,193.88,0,0,1,30.0,2.0,1
80.04,1,0,2,0,0,2,3.0,1,1,3.0,2,0,0,1,0,9,1,8.0,4.0,3.06,2,126.6333333,0,1,0,26.41,1,0,0,30.0,2.0,1
61.22,1,0,2,2,0,1,3.0,1,1,3.0,2,0,0,1,0,7,0,24.0,10.0,6.1,2,87.23333333,0,1,1,66.78,1,0,1,50.0,2.0,0
64.12,1,0,2,1,0,2,3.0,1,1,2.0,2,0,0,1,0,8,1,1.0,5.0,4.06,2,199.2666667,0,1,1,196.64,0,0,1,30.0,2.0,1
70.75,1,0,2,2,0,2,3.0,1,1,3.0,2,0,0,1,0,8,1,2.0,5.0,5.058,2,168.2666667,0,1,0,166.05,1,0,1,29.0,2.0,0
63.34,1,0,2,2,0,1,3.0,1,1,3.0,0,0,0,1,0,0,0,2.0,3.0,5.04,2,235.5666667,0,0,1,232.47,0,0,1,20.0,2.0,1
34.36,1,0,2,0,0,0,3.0,0,0,3.0,2,0,0,0,1,1,0,0.0,4.0,4.04,2,307.9333333,1,0,1,303.88,0,0,1,20.0,1.0,2
64.5,1,0,2,2,0,2,3.0,1,1,1.0,2,0,0,0,0,3,1,0.0,5.0,2.05,2,207.9666667,0,0,0,205.23,0,0,1,25.0,2.0,1
74.98,1,0,2,0,0,3,3.0,1,1,2.0,2,0,0,0,0,9,0,0.0,8.0,3.04,2,173.6,0,1,1,9.28,1,0,1,20.0,1.0,0
35.14,1,0,2,2,1,1,3.0,0,0,3.0,0,1,0,0,1,6,1,18.0,5.0,6.08,2,33.7,0,0,1,26.28,1,0,1,40.0,2.0,0
73.2,1,0,2,2,0,2,3.0,1,1,3.0,2,0,0,1,0,4,0,3.0,6.0,2.124,2,232.7666667,0,0,1,147.83,1,0,1,62.0,3.0,1
68.09,1,0,5,2,0,1,3.0,1,1,3.0,2,0,4,0,0,4,0,0.0,14.0,4.05,6,198.6,0,0,0,195.99,0,0,1,25.0,2.0,1
61.57,1,0,2,2,0,1,3.0,1,1,3.0,0,1,0,1,0,6,1,4.0,9.0,6.08,2,226.2,0,0,1,44.9,1,0,1,40.0,2.0,0
35.64,0,0,2,2,1,1,3.0,0,0,3.0,0,1,0,0,1,6,0,3.0,2.0,5.03,2,31.06666667,0,0,1,17.89,1,0,1,15.0,2.0,0
70.27,0,0,2,2,0,1,3.0,1,0,3.0,2,0,0,0,0,0,1,0.0,9.0,4.04,2,68.13333333,0,0,1,36.18,1,0,1,20.0,1.0,0
59.23,1,0,2,2,0,3,3.0,1,1,3.0,2,0,0,1,0,9,1,1.0,6.0,5.06,2,128.53333329999998,0,1,0,63.95,1,0,1,30.0,2.0,0
55.01,1,0,2,2,0,1,3.0,1,0,2.0,2,0,0,1,0,0,0,2.0,2.0,4.07,2,15.36666667,0,0,1,8.88,1,0,1,35.0,2.0,0
77.12,1,0,2,2,0,2,3.0,1,1,3.0,2,0,0,1,0,4,1,2.0,17.0,5.04,2,114.03333329999998,0,0,1,112.37,1,0,1,20.0,2.0,0
59.16,0,0,2,2,1,1,3.0,0,0,3.0,0,1,0,0,0,6,0,0.0,9.0,4.016,2,11.86666667,0,0,1,11.12,1,0,1,8.0,3.0,0
50.08,0,0,2,1,0,5,3.0,1,1,3.0,1,0,0,0,0,4,1,0.0,11.0,4.04,2,267.2666667,1,1,1,81.51,1,0,1,20.0,1.0,2
74.6,1,0,2,0,0,2,3.0,1,1,2.0,2,0,0,1,0,9,1,3.0,6.0,4.05,2,119.46666670000002,0,1,1,117.6,1,0,1,25.0,2.0,0
77.51,1,0,2,2,0,2,3.0,1,1,3.0,2,0,0,1,0,8,0,0.0,6.0,4.06,2,42.56666667,0,1,1,42.01,0,0,1,30.0,2.0,1
40.04,1,0,2,2,0,5,3.0,1,1,2.0,2,0,0,0,1,3,0,0.0,5.0,3.032,2,291.1666667,1,1,0,287.34,0,0,1,16.0,1.0,2
59.75,1,0,2,0,0,5,3.0,1,1,1.0,2,0,0,1,0,8,1,3.0,8.0,3.04,2,61.46666667,0,1,1,39.93,1,0,1,20.0,2.0,0
68.49,1,0,2,0,0,2,3.0,1,1,2.0,2,0,0,1,0,9,0,4.0,6.0,5.06,2,164.33333330000002,0,1,1,162.17,0,0,1,30.0,2.0,1
45.21,1,0,2,0,0,1,3.0,1,1,3.0,2,0,0,1,1,0,1,0.0,4.0,4.06,2,139.6,0,1,0,9.41,1,0,1,30.0,2.0,0
44.4,1,0,2,2,0,0,3.0,0,0,3.0,2,0,0,0,1,1,0,0.0,6.0,4.02,2,83.36666667,0,0,1,48.55,1,0,1,10.0,1.0,0
71.66,1,0,2,0,0,0,3.0,0,0,3.0,2,0,0,0,0,10,0,0.0,9.0,4.04,2,206.5666667,0,0,0,203.85,0,0,2,20.0,2.0,1
44.89,0,0,2,2,1,6,3.0,0,0,3.0,2,0,0,0,1,5,1,3.0,4.0,5.05,2,241.6,0,0,1,192.3,1,0,1,25.0,2.0,0
68.16,1,0,2,2,0,0,3.0,0,0,3.0,2,0,0,0,0,1,0,0.0,8.0,4.064,2,16.7,0,0,0,8.32,1,0,1,32.0,2.0,1
56.11,0,0,2,0,0,2,3.0,1,1,2.0,2,0,0,0,0,9,0,0.0,13.0,3.04,2,307.6333333,1,1,1,303.59,0,0,1,20.0,1.0,2
69.01,1,0,2,0,0,2,3.0,1,1,2.0,0,0,0,0,0,8,0,0.0,10.0,3.02,2,264.7666667,0,1,1,261.28,0,0,0,10.0,1.0,1
70.84,1,0,2,2,0,0,3.0,1,1,3.0,2,0,0,1,0,8,0,1.0,9.0,5.09,2,170.9,0,1,1,168.65,0,0,1,45.0,2.0,1
74.84,1,0,2,2,0,1,3.0,1,1,3.0,2,0,0,1,0,10,1,1.0,1.0,5.05,2,148.1,0,0,1,142.96,1,0,1,25.0,2.0,0
47.29,1,0,2,0,0,2,3.0,1,1,2.0,2,0,0,0,1,9,1,0.0,4.0,3.03,2,296.8666667,1,1,0,292.96,0,0,1,15.0,1.0,2
66.23,1,0,5,0,0,5,3.0,1,1,3.0,2,0,4,1,0,3,0,0.0,7.0,4.11,6,52.3,0,1,1,34.05,1,0,1,55.0,2.0,0
61.21,0,0,2,1,0,2,3.0,1,1,1.0,2,0,0,1,0,3,0,0.0,6.0,2.03,2,126.46666670000002,0,0,1,124.8,0,0,1,15.0,1.0,1
50.42,0,0,2,2,1,1,3.0,0,0,3.0,0,1,2,0,0,5,0,1.0,2.0,5.002,2,322.8333333,1,0,1,318.59,0,0,1,1.0,2.0,2
51.25,0,0,5,0,0,2,3.0,1,1,1.0,2,0,4,1,0,9,0,0.0,7.0,2.06,6,279.8,1,1,1,203.85,1,0,1,30.0,2.0,2
74.67,1,0,2,0,0,2,3.0,1,1,3.0,2,0,0,1,0,8,1,7.0,5.0,6.0360000000000005,2,210.4333333,0,1,1,207.66,0,0,1,18.0,2.0,1
72.74,0,0,2,0,0,2,3.0,1,1,2.0,2,0,0,1,0,8,0,1.0,6.0,4.09,2,197.3333333,0,1,1,194.74,0,0,1,45.0,2.0,1
71.93,0,0,2,0,0,3,3.0,1,1,3.0,2,0,0,0,0,10,1,0.0,5.0,4.05,2,41.16666667,0,1,1,40.63,0,0,1,25.0,2.0,1
48.44,0,0,2,2,0,2,3.0,1,1,2.0,2,0,0,0,1,9,1,0.0,3.0,3.03,2,140.2333333,1,1,1,138.39,0,0,1,15.0,1.0,2
67.92,0,0,2,2,0,3,3.0,1,1,2.0,2,0,0,1,0,9,1,6.0,3.0,5.05,2,119.3666667,0,1,1,62.53,1,0,1,25.0,2.0,0
63.83,1,0,2,0,0,2,3.0,1,1,3.0,2,0,0,1,0,9,1,3.0,8.0,5.08,2,191.1666667,1,1,1,188.65,0,0,1,40.0,2.0,2
39.14,1,0,2,1,1,0,3.0,0,0,3.0,0,1,0,0,1,6,1,2.0,8.0,5.06,2,56.26666667,0,0,0,44.67,1,0,1,30.0,2.0,0
58.38,0,0,2,2,0,3,3.0,1,1,3.0,2,0,0,1,0,0,1,2.0,7.0,5.04,2,122.8,0,1,1,54.01,1,0,1,20.0,2.0,0
42.79,0,0,2,2,0,5,3.0,1,1,2.0,2,0,0,0,1,9,0,0.0,10.0,3.03,2,239.2333333,1,1,1,236.09,0,0,1,15.0,1.0,2
55.42,0,0,2,2,0,2,3.0,1,1,2.0,2,0,0,0,0,9,0,0.0,9.0,3.03,2,121.73333329999998,1,0,1,120.13,0,0,1,15.0,1.0,2
71.47,0,0,2,0,0,2,3.0,1,1,2.0,2,0,0,0,0,9,0,0.0,5.0,3.04,2,90.13333333,0,1,1,81.71,1,0,1,20.0,1.0,0
40.05,0,0,5,0,0,3,3.0,1,1,2.0,0,0,4,0,1,0,1,0.0,4.0,3.024,6,267.4,1,1,1,263.88,0,0,0,12.0,1.0,2
39.51,1,0,2,1,1,0,3.0,0,0,3.0,2,0,0,0,1,1,1,6.0,5.0,6.106,2,271.8666667,1,0,0,68.42,1,0,2,53.0,3.0,2
40.83,1,0,2,0,1,6,3.0,0,0,3.0,2,0,0,0,1,1,1,2.0,4.0,5.1,2,282.8333333,0,0,1,279.11,0,0,2,50.0,2.0,1
61.88,0,0,5,0,0,2,3.0,1,1,2.0,2,0,4,1,0,3,0,4.0,5.0,5.02,6,292.03333330000004,0,0,1,288.19,0,0,0,10.0,2.0,1
64.61,0,0,2,0,0,1,3.0,1,1,3.0,0,1,0,0,0,0,0,0.0,5.0,4.03,2,143.0,0,0,1,95.13,1,0,1,15.0,1.0,0
55.65,1,0,5,2,0,2,3.0,1,1,3.0,2,0,4,1,0,3,0,9.0,8.0,6.04,6,186.6333333,0,1,1,184.18,0,0,0,20.0,2.0,1
67.48,1,0,2,2,0,3,3.0,1,1,3.0,0,0,0,0,0,9,1,0.0,7.0,3.07,2,95.83333333,0,1,0,33.45,1,0,0,35.0,2.0,1
67.03,0,0,5,2,0,2,3.0,1,1,3.0,2,0,4,1,0,4,1,2.0,4.0,5.05,6,318.2,1,1,1,298.88,1,0,1,25.0,2.0,2
66.37,1,0,5,2,0,2,3.0,1,1,3.0,2,0,4,1,0,3,0,2.0,6.0,5.03,6,109.6,0,1,1,74.64,1,0,0,15.0,2.0,0
71.17,0,0,2,0,0,3,3.0,1,1,3.0,1,0,0,0,0,10,0,0.0,3.0,4.06,2,119.0,0,1,1,115.03,1,0,0,30.0,2.0,0
61.59,0,0,2,2,0,1,3.0,0,0,3.0,0,0,0,0,0,8,1,0.0,6.0,4.05,2,200.6,1,0,1,197.96,0,0,0,25.0,2.0,2
64.93,1,0,2,2,0,2,3.0,1,1,3.0,2,0,0,1,0,3,0,2.0,6.0,5.03,2,148.56666669999998,0,1,1,43.72,1,0,1,15.0,2.0,1
66.27,0,0,2,0,0,3,3.0,1,1,3.0,2,0,0,1,0,7,0,1.0,6.0,5.07,2,285.7,0,1,1,281.94,1,0,0,35.0,2.0,0
78.21,1,0,2,1,0,1,3.0,0,0,3.0,0,1,0,0,0,6,0,0.0,6.0,4.03,2,41.46666667,0,0,0,24.74,1,0,3,15.0,1.0,0
59.13,1,0,2,0,0,3,3.0,1,1,2.0,0,1,0,1,0,6,0,1.0,5.0,4.046,2,90.0,0,0,0,74.44,1,0,3,23.0,2.0,0
75.19,1,0,2,0,0,3,3.0,1,1,3.0,0,0,0,0,0,0,0,0.0,1.0,4.04,2,168.5333333,0,1,0,166.32,0,0,0,20.0,1.0,1
61.67,0,0,2,0,0,3,3.0,1,1,2.0,2,0,0,0,0,3,1,0.0,15.0,3.05,2,16.83333333,0,0,1,16.61,0,0,0,25.0,2.0,1
69.96,0,0,2,0,0,3,3.0,1,1,2.0,2,0,0,0,0,7,0,0.0,4.0,3.07,2,30.3,0,0,1,17.86,1,0,0,35.0,2.0,0
44.5,1,0,2,1,0,5,3.0,1,1,3.0,0,0,0,0,1,3,0,0.0,7.0,4.062,2,48.13333333,0,1,0,20.0,1,0,1,31.0,2.0,0
80.82,0,0,2,0,0,3,3.0,1,1,3.0,2,0,0,1,0,9,1,0.0,8.0,4.04,2,64.3,0,1,1,63.45,0,0,0,20.0,1.0,1
64.01,1,0,2,2,0,2,3.0,1,1,3.0,2,0,0,1,0,3,1,1.0,6.0,5.032,2,99.0,0,1,0,97.7,0,0,0,16.0,2.0,1
37.53,0,0,2,0,1,0,3.0,0,0,3.0,2,0,0,0,1,10,1,14.0,9.0,6.056,2,39.86666667,0,0,1,19.47,1,0,1,28.0,2.0,0
81.11,1,0,2,2,0,2,3.0,1,1,2.0,2,0,0,0,0,8,1,0.0,9.0,3.05,2,234.2333333,1,1,0,231.15,0,0,1,25.0,2.0,2
61.97,1,0,2,2,0,0,3.0,0,0,3.0,0,1,0,0,0,1,0,0.0,5.0,4.08,2,239.3333333,1,0,1,236.18,0,0,3,40.0,2.0,2
54.27,1,0,2,0,0,2,3.0,1,1,3.0,2,0,0,0,0,4,1,0.0,3.0,4.0360000000000005,2,260.2,1,1,0,256.78,0,0,1,18.0,1.0,2
57.98,1,0,2,2,0,2,3.0,1,1,3.0,1,0,0,1,0,8,1,9.0,5.0,6.03,2,111.5666667,0,0,0,78.88,1,0,0,15.0,2.0,0
65.58,0,0,3,0,0,1,3.0,0,0,3.0,2,0,1,0,0,5,0,0.0,40.0,4.04,3,295.3333333,0,0,1,291.45,0,0,2,20.0,1.0,1
68.82,0,0,2,1,0,3,3.0,1,1,3.0,1,0,0,1,0,7,1,0.0,6.0,4.04,2,119.46666670000002,0,0,1,117.89,0,0,0,20.0,1.0,1
61.0,1,0,2,2,0,2,3.0,1,1,2.0,2,0,0,0,0,8,1,0.0,7.0,3.04,2,67.8,0,1,0,42.83,1,0,1,20.0,1.0,0
72.48,0,0,2,0,0,3,3.0,1,1,3.0,2,0,0,0,0,2,0,0.0,2.0,4.06,2,34.7,0,1,1,8.52,1,0,0,30.0,2.0,0
58.78,1,0,2,2,0,2,3.0,1,1,3.0,0,0,0,0,0,8,0,0.0,7.0,4.05,2,220.9333333,0,1,0,70.2,1,0,0,25.0,2.0,1
63.27,1,0,2,2,0,3,3.0,1,1,2.0,0,0,0,1,0,10,1,2.0,1.0,4.04,2,87.0,0,0,0,53.42,1,0,0,20.0,3.0,0
75.26,1,0,2,0,0,2,3.0,1,1,2.0,1,0,0,1,0,8,1,3.0,9.0,4.08,2,81.06666667,0,1,0,64.97,1,0,1,40.0,2.0,0
59.23,0,0,2,2,0,2,3.0,1,1,3.0,2,0,0,0,0,9,0,0.0,7.0,4.0360000000000005,2,263.03333330000004,1,1,1,259.57,0,0,1,18.0,1.0,2
64.11,1,0,2,1,0,0,3.0,0,0,3.0,2,0,0,0,0,1,0,0.0,4.0,4.03,2,292.6666667,0,0,0,288.82,0,0,2,15.0,1.0,1
60.66,1,0,2,2,0,2,3.0,1,1,3.0,1,0,0,0,0,3,0,0.0,8.0,1.034,2,251.8,0,0,0,140.16,1,0,1,17.0,1.0,0
65.5,1,0,2,2,0,2,3.0,1,1,3.0,2,0,0,0,0,10,0,0.0,2.0,4.04,2,139.5333333,0,1,0,135.82,1,0,0,20.0,2.0,0
73.6,1,0,2,0,0,3,3.0,1,1,3.0,2,0,0,1,0,7,1,8.0,2.0,6.1,2,43.3,0,0,1,42.73,0,0,0,50.0,2.0,1
53.03,1,0,2,2,0,2,3.0,1,1,3.0,2,0,0,1,0,3,0,3.0,2.0,5.07,2,48.43333333,0,0,1,42.24,1,0,1,35.0,2.0,0
81.98,1,0,2,2,0,2,3.0,1,1,3.0,2,0,0,1,0,4,1,1.0,4.0,5.04,2,74.1,0,0,0,73.13,0,0,0,20.0,2.0,1
71.17,1,0,2,0,0,3,3.0,1,1,2.0,0,1,0,1,0,6,0,9.0,7.0,5.09,2,85.3,0,1,1,36.97,1,0,3,45.0,3.0,0
49.76,1,0,2,2,0,2,3.0,1,1,3.0,2,0,0,0,1,8,0,0.0,16.0,4.02,2,282.5666667,0,0,0,273.29,1,0,1,10.0,1.0,0
58.49,1,0,2,0,0,2,3.0,1,1,1.0,2,0,0,0,0,9,0,0.0,6.0,2.05,2,107.26666670000002,0,1,0,105.86,0,0,1,25.0,2.0,1
76.06,0,0,2,0,0,0,3.0,1,1,3.0,2,0,0,0,0,1,1,0.0,5.0,4.04,2,198.3,1,0,1,195.69,0,0,2,20.0,1.0,2
61.12,1,0,3,1,0,5,3.0,1,1,2.0,2,0,1,1,0,4,0,2.0,6.0,4.1,3,21.3,0,0,0,21.02,0,0,1,50.0,2.0,1
49.98,1,0,2,1,0,6,3.0,0,0,3.0,1,0,0,0,1,1,0,0.0,8.0,4.09,2,255.2666667,1,0,0,251.91,0,0,2,45.0,2.0,2
79.01,1,0,3,0,0,4,3.0,1,1,3.0,2,0,1,0,0,3,0,0.0,12.0,1.06,3,118.0,0,0,0,116.45,0,0,1,30.0,2.0,1
59.18,1,0,3,0,0,2,3.0,1,1,3.0,2,0,1,1,0,3,0,1.0,6.0,5.04,3,170.66666669999998,0,1,0,127.47,1,0,1,20.0,2.0,0
47.62,0,0,2,0,0,2,3.0,1,1,3.0,2,0,0,0,1,9,0,0.0,8.0,4.05,2,127.53333329999998,1,1,1,125.86,0,0,1,25.0,2.0,2
52.13,1,0,2,0,0,3,3.0,1,1,3.0,2,0,0,1,0,10,1,0.0,6.0,4.07,2,300.8666667,1,0,0,296.91,0,0,0,35.0,2.0,2
67.79,1,0,5,2,0,2,3.0,1,1,3.0,0,0,4,0,0,4,1,0.0,3.0,4.098,6,64.0,0,0,0,63.16,1,0,1,49.0,2.0,0
63.58,1,0,2,1,0,2,3.0,1,1,2.0,2,0,0,0,0,3,0,0.0,4.0,3.054,2,213.1,0,1,0,102.66,1,0,1,27.0,2.0,1
75.48,0,0,2,0,0,2,3.0,1,1,3.0,2,0,0,0,0,3,0,0.0,3.0,4.03,2,55.66666667,0,1,1,54.93,0,0,1,15.0,1.0,1
59.85,0,0,2,2,0,0,3.0,0,0,3.0,2,0,0,0,0,1,1,0.0,12.0,4.053999999999999,2,221.2,1,0,1,218.29,0,0,2,27.0,2.0,2
63.03,1,0,3,2,0,2,3.0,1,1,3.0,2,0,1,0,0,3,1,0.0,11.0,4.0360000000000005,3,227.9,0,0,0,18.45,1,0,1,18.0,1.0,1
49.02,0,0,2,2,0,2,3.0,1,1,2.0,2,0,0,0,1,9,0,0.0,4.0,3.04,2,146.7666667,1,1,1,144.84,0,0,1,20.0,1.0,2
77.12,1,0,2,2,0,2,3.0,1,1,3.0,2,0,0,1,0,3,0,0.0,12.0,4.038,2,57.66666667,1,1,0,56.91,0,0,1,19.0,1.0,2
56.07,1,0,2,1,1,6,3.0,0,0,3.0,0,1,0,0,0,6,0,11.0,4.0,6.198,2,31.46666667,0,0,1,13.55,1,0,2,99.0,3.0,0
46.59,1,0,2,0,0,5,3.0,0,1,3.0,2,0,0,0,1,10,1,0.0,4.0,4.1,2,249.5333333,0,0,0,246.25,0,0,0,50.0,2.0,1
64.68,1,0,2,0,1,0,3.0,0,0,3.0,2,0,2,1,0,1,1,11.0,7.0,6.002000000000001,2,83.66666667,0,0,1,82.57,0,0,2,1.0,2.0,1
67.8,1,0,2,0,1,0,3.0,0,0,3.0,2,0,0,0,0,9,1,1.0,7.0,5.09,2,35.23333333,0,0,0,23.52,1,0,2,45.0,2.0,0
52.98,0,0,3,0,0,2,3.0,1,1,3.0,2,0,1,0,0,3,0,0.0,7.0,4.056,3,76.13333333,0,1,1,22.34,1,0,1,28.0,2.0,0
43.51,1,0,2,0,0,0,3.0,0,0,3.0,1,0,0,0,1,1,1,0.0,3.0,4.05,2,42.9,0,0,0,26.02,1,0,2,25.0,2.0,0
44.27,1,0,3,2,0,5,3.0,1,1,1.0,2,0,1,1,1,4,1,0.0,4.0,2.198,3,198.3333333,0,1,1,49.21,1,0,1,99.0,2.0,0
67.27,1,0,2,0,0,2,3.0,1,1,2.0,2,0,0,1,0,9,1,4.0,9.0,5.044,2,81.56666667,0,1,0,80.49,0,0,1,22.0,2.0,1
66.39,1,0,3,2,0,2,3.0,1,1,1.0,2,0,1,1,0,9,0,5.0,7.0,4.12,3,23.73333333,0,0,1,20.26,1,0,1,60.0,3.0,0
64.02,1,0,2,0,0,2,3.0,1,1,3.0,2,0,0,0,0,9,0,0.0,6.0,3.05,2,86.1,1,1,0,84.97,0,0,1,25.0,2.0,2
64.76,1,0,2,2,0,3,3.0,1,1,3.0,0,0,0,0,0,0,0,0.0,4.0,4.03,2,211.9666667,1,0,1,209.18,0,0,0,15.0,1.0,2
60.44,0,0,2,0,0,1,3.0,0,0,3.0,0,1,0,0,0,5,0,0.0,6.0,4.04,2,146.06666669999998,1,0,1,144.14,0,0,3,20.0,1.0,2
65.83,1,0,2,2,0,1,3.0,1,1,3.0,0,1,0,1,0,6,0,1.0,7.0,5.052,2,98.76666667,0,1,0,73.06,1,0,3,26.0,2.0,0
75.41,0,0,2,2,0,2,3.0,1,1,3.0,0,1,0,1,0,6,1,1.0,6.0,5.05,2,28.0,0,0,1,27.63,0,0,3,25.0,2.0,1
51.29,1,0,5,0,0,2,3.0,1,1,3.0,2,0,4,0,0,9,1,0.0,10.0,4.136,6,131.3,0,1,0,129.57,0,0,1,68.0,2.0,1
49.43,1,0,2,0,1,1,3.0,0,0,3.0,0,1,0,0,1,6,0,1.0,5.0,5.12,2,44.86666667,0,0,0,33.29,1,0,3,60.0,2.0,0
26.72,0,0,2,0,1,0,3.0,0,0,3.0,2,0,0,0,1,1,0,3.0,3.0,5.09,2,149.8666667,1,0,1,147.89,0,0,2,45.0,2.0,2
56.27,0,0,2,2,1,6,3.0,0,0,3.0,2,0,0,1,0,5,0,4.0,6.0,6.0360000000000005,2,19.73333333,0,0,1,10.13,1,0,2,18.0,2.0,0
54.18,1,0,2,2,0,2,3.0,1,1,2.0,2,0,0,0,0,9,0,0.0,3.0,3.08,2,297.8,1,1,0,131.71,1,0,1,40.0,2.0,2
52.29,1,0,2,2,0,3,3.0,1,1,3.0,1,0,0,1,0,0,0,1.0,6.0,5.092,2,122.2,1,0,0,120.59,0,0,0,46.0,2.0,2
42.27,1,0,5,1,0,5,3.0,1,1,2.0,2,0,4,0,1,3,0,0.0,5.0,3.04,6,176.06666669999998,1,1,0,173.75,0,0,1,20.0,1.0,2
56.08,0,0,5,0,0,2,3.0,1,1,2.0,2,0,4,0,0,3,1,0.0,9.0,3.03,6,161.66666669999998,0,1,1,32.11,1,0,1,15.0,1.0,1
53.02,1,0,3,0,0,3,3.0,1,1,2.0,2,0,1,1,0,9,0,1.0,6.0,4.04,3,56.5,0,0,0,21.91,1,0,1,20.0,2.0,0
76.42,1,0,5,2,0,2,3.0,1,1,3.0,2,0,4,1,0,9,0,5.0,6.0,3.07,6,83.13333333,0,1,0,53.03,1,0,1,35.0,2.0,1
52.61,1,0,5,2,0,5,3.0,1,1,2.0,2,0,4,0,0,4,0,0.0,7.0,3.03,6,230.1666667,1,0,0,143.68,1,0,1,15.0,1.0,2
64.21,0,0,2,0,0,3,3.0,1,1,3.0,2,0,0,1,0,9,1,2.0,7.0,5.032,2,153.0,0,1,1,75.3,1,0,1,16.0,2.0,0
50.08,0,0,2,2,1,1,3.0,0,0,3.0,0,1,0,0,0,6,1,1.0,15.0,5.074,2,42.66666667,0,0,1,29.67,1,0,3,37.0,2.0,0
38.1,1,0,2,1,1,5,3.0,0,1,3.0,2,0,0,0,1,3,1,3.0,15.0,5.09,2,244.4333333,1,1,0,241.22,0,0,0,45.0,2.0,2
70.57,1,0,5,2,0,2,3.0,1,1,3.0,2,0,4,0,0,9,0,0.0,14.0,4.044,6,51.46666667,0,1,0,50.79,0,0,0,22.0,2.0,1
73.21,1,0,2,1,0,3,3.0,1,1,2.0,2,0,0,1,0,9,1,1.0,6.0,4.05,2,37.73333333,0,1,0,36.58,1,0,0,25.0,2.0,0
63.7,1,0,2,0,0,2,3.0,1,1,2.0,2,0,0,1,0,7,1,1.0,3.0,4.12,2,125.26666670000002,0,0,0,73.68,1,0,1,60.0,3.0,0
38.93,1,0,2,0,1,0,3.0,0,0,3.0,2,0,0,0,1,1,0,3.0,7.0,5.02,2,27.4,0,0,0,10.13,1,0,2,10.0,2.0,0
45.77,0,0,2,2,0,0,3.0,0,0,3.0,2,0,0,0,1,1,1,0.0,7.0,4.02,2,211.9333333,1,0,1,209.14,0,0,2,10.0,2.0,2
48.41,1,0,2,2,0,2,3.0,1,1,3.0,2,0,0,1,1,4,1,1.0,4.0,2.03,2,124.8,0,1,0,97.07,1,0,1,15.0,2.0,0
67.82,0,0,2,0,0,2,3.0,1,1,2.0,2,0,7,0,0,8,1,0.0,6.0,3.03,2,252.1,1,1,1,248.78,0,0,1,15.0,1.0,2
44.07,0,0,2,2,1,1,3.0,0,0,3.0,0,1,0,0,1,6,1,1.0,4.0,5.06,2,102.1,1,0,1,100.76,0,0,3,30.0,2.0,2
57.95,1,0,3,2,0,2,3.0,1,1,3.0,2,0,1,1,0,3,0,0.0,4.0,4.1,3,245.5,1,1,1,242.27,0,0,1,50.0,2.0,2
74.86,1,0,2,0,0,3,3.0,1,1,3.0,1,0,0,1,0,10,0,1.0,4.0,5.08,2,47.13333333,0,1,0,41.22,1,0,0,40.0,2.0,0
65.86,0,0,2,0,0,0,3.0,0,0,3.0,2,0,0,0,0,0,0,0.0,11.0,4.07,2,21.7,0,0,1,7.57,1,0,2,35.0,2.0,0
70.22,1,0,2,0,0,1,3.0,0,0,3.0,0,1,0,0,0,1,0,0.0,10.0,4.026,2,152.06666669999998,0,0,0,150.07,0,0,2,13.0,1.0,1
47.86,0,0,2,2,0,2,3.0,1,1,2.0,2,0,0,0,1,9,0,0.0,3.0,3.06,2,297.2333333,1,1,1,293.32,0,0,1,30.0,2.0,2
78.62,1,0,5,2,0,2,3.0,1,1,2.0,2,0,4,0,0,4,0,0.0,11.0,3.05,6,206.1333333,0,1,0,203.42,0,0,1,25.0,2.0,1
53.39,0,0,2,2,0,2,3.0,1,1,2.0,2,0,0,1,0,3,1,2.0,7.0,4.026,2,101.5666667,1,1,1,100.23,0,0,1,13.0,2.0,2
43.85,1,0,2,0,0,5,3.0,1,1,2.0,2,0,0,0,1,4,1,0.0,4.0,5.0,2,251.0666667,1,1,0,247.76,0,0,2,22.41,2.0,2
63.35,1,0,2,2,0,5,3.0,1,1,3.0,2,0,0,1,0,0,1,0.0,4.0,4.04,2,145.7333333,0,0,0,143.82,0,0,1,20.0,2.0,1
75.46,0,0,2,0,0,2,3.0,1,1,2.0,1,0,0,0,0,9,0,0.0,5.0,3.056,2,121.6666667,0,1,1,64.47,1,0,1,28.0,2.0,0
68.85,1,0,2,2,0,2,3.0,1,1,2.0,0,0,0,0,0,7,1,0.0,8.0,3.06,2,81.06666667,0,1,0,80.0,0,0,0,30.0,2.0,1
43.73,1,0,2,2,0,2,3.0,1,1,2.0,0,0,0,0,1,8,0,0.0,6.0,3.056,2,70.46666667,0,0,0,28.91,1,0,0,28.0,2.0,0
83.49,1,0,2,2,0,3,3.0,1,1,1.0,2,0,0,0,0,4,0,0.0,46.0,2.04,2,173.83333330000002,0,0,0,171.55,0,0,0,20.0,1.0,1
49.92,0,0,2,1,1,0,3.0,0,0,3.0,2,0,0,0,1,1,1,2.0,6.0,5.04,2,40.63333333,0,0,1,35.1,1,0,2,20.0,2.0,0
72.49,0,0,2,0,0,0,3.0,0,0,3.0,2,0,0,0,0,1,0,0.0,7.0,4.1,2,83.36666667,0,0,1,82.27,0,0,1,50.0,2.0,1
89.0,1,0,2,0,0,2,3.0,1,1,3.0,2,0,0,1,0,8,0,3.0,5.0,2.07,2,45.5,0,1,0,44.9,0,0,0,35.0,2.0,1
53.18,1,0,2,0,0,3,3.0,1,1,2.0,0,1,0,0,0,6,1,0.0,4.0,3.05,2,128.2666667,1,0,0,8.95,1,0,3,25.0,2.0,2
81.06,1,0,3,0,0,2,3.0,1,1,2.0,0,0,1,1,0,2,1,0.0,2.0,3.04,3,99.36666667,0,0,1,98.06,0,0,0,20.0,1.0,1
44.51,0,0,3,0,0,5,3.0,1,1,2.0,2,0,1,0,1,3,1,0.0,5.0,3.05,3,257.1666667,1,1,1,253.78,0,0,1,25.0,2.0,2
61.3,1,0,2,2,0,2,3.0,1,1,3.0,0,0,0,0,0,7,1,0.0,8.0,4.05,2,110.9333333,0,1,0,26.84,1,0,0,25.0,2.0,0
65.83,1,0,2,2,0,2,3.0,1,1,3.0,2,0,0,1,0,9,0,7.0,12.0,6.07,2,130.36666670000002,0,1,1,128.65,0,0,0,35.0,2.0,1
71.67,1,0,2,2,0,3,3.0,1,1,2.0,2,0,0,0,0,9,1,0.0,7.0,3.08,2,43.9,0,0,0,24.05,1,0,0,40.0,2.0,0
45.39,1,0,2,2,0,2,3.0,1,1,3.0,2,0,0,1,1,8,0,0.0,6.0,4.07,2,129.8,0,1,0,48.36,1,0,0,35.0,2.0,0
49.77,1,0,2,2,0,2,3.0,1,1,2.0,2,0,0,1,1,3,0,1.0,4.0,4.02,2,201.7666667,0,1,0,199.11,0,0,1,10.0,2.0,1
43.77,1,0,2,0,0,0,3.0,0,1,3.0,0,0,0,0,1,1,0,0.0,4.0,4.0280000000000005,2,286.0666667,1,0,0,282.3,0,0,2,14.0,1.0,2
39.92,1,0,2,2,0,5,3.0,1,1,2.0,2,0,0,0,1,4,1,0.0,3.0,3.1,2,73.46666667,0,1,0,53.06,1,0,1,50.0,2.0,0
75.74,1,0,5,0,0,3,3.0,1,1,2.0,2,0,4,1,0,3,0,1.0,5.0,4.114,6,76.23333333,0,0,1,75.23,0,0,1,57.0,3.0,1
67.19,1,0,2,0,0,2,3.0,1,1,3.0,2,0,0,1,0,2,0,2.0,5.0,2.032,2,57.3,0,1,1,49.97,1,0,1,16.0,2.0,0
76.88,1,0,5,2,0,2,3.0,1,1,2.0,2,0,4,0,0,4,0,0.0,4.0,3.02,6,91.63333333,0,1,0,89.44,1,0,1,10.0,1.0,0
64.15,1,0,6,0,0,1,3.0,1,0,2.0,0,1,0,0,0,6,0,0.0,5.0,3.002,0,282.3,0,0,0,278.59,0,0,3,1.0,1.0,1
65.93,1,0,2,2,0,2,3.0,1,1,2.0,2,0,0,0,0,9,0,0.0,6.0,3.02,2,214.4333333,0,1,0,211.61,0,0,1,10.0,1.0,1
78.54,1,0,2,0,0,2,3.0,1,1,2.0,2,0,7,1,0,3,0,0.0,5.0,3.044,2,45.7,0,0,0,45.1,0,0,1,22.0,2.0,1
78.87,1,0,3,0,0,3,3.0,1,1,3.0,2,0,1,1,0,0,0,2.0,8.0,5.16,3,42.5,0,0,1,22.04,1,0,2,80.0,3.0,0
83.27,0,0,5,2,0,3,3.0,1,1,3.0,2,0,4,1,0,8,0,1.0,6.0,2.02,6,176.2666667,0,0,1,173.95,0,0,0,10.0,2.0,1
45.44,0,0,2,2,0,2,3.0,1,1,1.0,2,0,0,0,1,3,0,0.0,4.0,2.022,2,141.7333333,0,1,1,125.86,1,0,1,11.0,1.0,0
49.61,1,0,2,0,0,3,3.0,1,1,3.0,1,0,0,1,1,0,0,2.0,11.0,5.05,2,36.16666667,0,0,1,27.11,1,0,0,25.0,2.0,0
55.66,0,0,2,2,0,1,3.0,1,1,3.0,2,0,0,0,0,4,0,0.0,11.0,4.032,2,23.43333333,0,1,1,14.14,1,0,0,16.0,2.0,0
74.39,0,0,2,0,0,3,3.0,1,1,2.0,0,0,0,1,0,9,1,0.0,5.0,3.198,2,200.7666667,0,0,1,198.13,0,0,1,99.0,3.0,1
67.26,1,0,2,2,0,3,3.0,1,1,3.0,2,0,0,0,0,3,0,0.0,3.0,1.024,2,299.4,1,1,0,131.15,1,0,0,12.0,2.0,2
54.35,1,0,2,2,0,2,3.0,1,1,3.0,2,0,0,1,0,9,0,0.0,12.0,2.06,2,265.1333333,1,1,0,261.64,0,0,1,30.0,2.0,2
86.75,1,0,2,2,0,2,3.0,1,1,3.0,2,0,0,1,0,9,0,19.0,2.0,3.04,2,25.46666667,0,1,0,4.18,1,0,1,20.0,2.0,0
63.07,0,0,3,1,0,3,3.0,1,1,2.0,0,1,1,1,0,6,1,0.0,6.0,3.05,3,101.6333333,0,1,1,25.82,1,0,3,25.0,2.0,0
81.52,1,0,2,2,0,2,3.0,1,1,3.0,2,0,0,1,0,9,0,0.0,5.0,4.06,2,45.33333333,0,0,0,10.86,1,0,0,30.0,2.0,0
73.95,1,0,2,2,0,2,3.0,1,1,2.0,2,0,0,1,0,2,1,1.0,7.0,4.05,2,90.26666667,0,1,0,85.43,1,0,0,25.0,2.0,0
62.35,0,0,3,2,0,2,3.0,1,1,3.0,2,0,1,0,0,9,0,0.0,6.0,3.032,3,265.9333333,1,1,0,30.76,1,0,1,16.0,1.0,2
74.8,1,0,2,0,0,2,3.0,1,1,3.0,2,0,0,1,0,8,0,2.0,9.0,5.06,2,41.46666667,0,1,0,31.25,1,0,1,30.0,2.0,1
74.56,1,0,2,0,0,2,3.0,1,1,3.0,0,1,0,0,0,6,1,0.0,3.0,4.03,2,129.3333333,0,0,0,127.63,0,0,3,15.0,2.0,1
74.29,0,0,2,1,0,6,3.0,1,0,2.0,2,0,0,0,0,4,1,0.0,4.0,3.034,2,157.8,0,0,1,155.72,0,0,2,17.0,1.0,1
44.95,0,0,3,1,0,2,3.0,1,1,2.0,2,0,1,0,1,3,1,0.0,6.0,3.02,3,234.6,1,1,1,37.07,1,0,1,10.0,1.0,2
64.32,0,0,2,0,0,3,3.0,1,1,3.0,2,0,0,1,0,0,0,0.0,10.0,4.046,2,187.3,1,1,1,184.84,0,0,0,23.0,2.0,2
50.7,1,0,2,1,0,6,3.0,0,0,3.0,2,0,0,0,0,1,1,0.0,8.0,4.07,2,229.9,1,0,0,226.88,0,0,2,35.0,2.0,2
43.86,1,0,2,0,0,2,3.0,1,1,1.0,0,0,0,0,1,4,1,0.0,2.0,2.04,2,224.3,1,1,0,221.35,0,0,3,20.0,1.0,2
47.03,1,0,2,2,0,2,3.0,1,1,2.0,2,0,0,0,1,3,0,0.0,5.0,3.05,2,221.9,1,1,0,218.98,0,0,1,25.0,2.0,2
67.12,1,0,2,0,0,2,3.0,1,1,2.0,2,0,0,1,0,9,0,2.0,6.0,4.06,2,29.3,0,1,0,27.66,1,0,1,30.0,2.0,0
57.33,0,0,2,1,0,2,3.0,1,1,1.0,2,0,0,0,0,3,1,0.0,4.0,2.05,2,229.0666667,1,1,1,225.23,1,0,1,25.0,2.0,2
74.53,1,0,2,0,0,5,3.0,0,0,2.0,0,1,0,0,0,6,0,0.0,8.0,3.08,2,39.8,0,0,0,36.61,1,0,3,40.0,2.0,0
58.69,1,0,3,2,0,2,3.0,1,1,2.0,2,0,1,1,0,3,1,1.0,3.0,4.04,3,157.1,1,1,0,108.62,1,0,1,20.0,2.0,2
64.47,1,0,2,2,0,3,3.0,1,1,2.0,2,0,0,1,0,9,1,14.0,9.0,5.06,2,117.6666667,0,1,1,88.45,1,0,1,30.0,3.0,0
42.45,0,0,3,1,0,6,3.0,1,1,2.0,2,0,1,0,1,4,0,0.0,5.0,3.056,3,150.6,0,0,1,123.88,1,0,2,28.0,2.0,0
79.35,1,0,2,2,0,2,3.0,1,1,2.0,0,1,0,0,0,6,0,0.0,5.0,3.05,2,22.46666667,0,0,0,18.13,1,0,3,25.0,2.0,0
49.34,0,0,2,0,0,1,3.0,1,0,3.0,0,1,0,0,1,6,1,0.0,10.0,4.0360000000000005,2,79.96666667,0,0,1,78.91,0,0,3,18.0,1.0,1
69.68,1,0,2,0,0,0,3.0,1,0,3.0,2,0,0,0,0,10,1,0.0,9.0,4.053999999999999,2,210.9666667,1,0,0,85.26,1,0,2,27.0,2.0,2
37.05,0,0,2,0,0,0,3.0,0,0,3.0,2,0,0,0,1,1,0,0.0,11.0,4.07,2,274.2,1,0,1,270.59,0,0,2,35.0,2.0,2
76.71,1,0,2,1,0,2,3.0,1,1,1.0,2,0,0,0,0,3,1,0.0,4.0,2.014,2,266.1,0,1,0,262.6,0,0,1,7.0,1.0,1
57.93,0,0,2,2,0,2,3.0,1,1,2.0,2,0,0,0,0,8,1,0.0,8.0,3.04,2,268.9,1,1,1,265.36,0,0,1,20.0,1.0,2
43.42,1,0,2,2,1,1,3.0,0,0,3.0,0,1,0,0,1,6,1,1.0,13.0,5.09,2,48.16666667,0,0,0,31.09,1,0,3,45.0,2.0,0
52.09,1,0,2,2,0,5,3.0,1,1,3.0,0,0,0,1,0,4,1,3.0,11.0,5.066,2,35.4,0,0,0,9.05,1,0,1,33.0,2.0,0
63.95,0,0,2,0,0,6,3.0,0,0,3.0,2,0,0,0,0,5,1,0.0,8.0,4.032,2,230.5,1,0,1,227.47,0,0,2,16.0,1.0,2
33.04,1,0,2,1,1,6,3.0,0,0,3.0,2,0,0,0,1,1,0,3.0,6.0,5.04,2,176.7,1,0,0,174.38,0,0,2,20.0,2.0,2
47.71,1,0,2,2,0,2,3.0,1,1,3.0,2,0,0,0,1,9,0,0.0,4.0,4.07,2,232.4,1,1,0,229.34,0,0,0,35.0,2.0,2
41.53,1,0,2,1,0,0,3.0,0,0,3.0,0,1,0,0,1,6,0,0.0,5.0,4.06,2,64.86666667,0,0,0,16.58,1,0,3,30.0,2.0,0
40.04,1,0,5,1,0,5,3.0,1,1,1.0,2,0,4,0,1,4,0,0.0,5.0,2.002,6,197.4333333,1,1,0,194.84,0,0,1,1.0,1.0,2
63.63,0,0,2,2,0,2,3.0,1,1,2.0,2,0,0,0,0,8,0,0.0,5.0,3.02,2,117.9,0,1,1,79.93,1,0,1,10.0,2.0,0
40.25,0,0,2,0,0,2,3.0,1,1,2.0,2,0,0,0,1,3,0,0.0,8.0,3.04,2,275.7333333,1,1,1,123.91,1,0,1,20.0,1.0,2
47.61,1,0,2,0,0,3,3.0,1,1,2.0,2,0,0,1,1,7,0,0.0,5.0,3.036,2,224.6,1,0,0,221.64,0,0,0,18.0,1.0,2
64.3,1,0,2,2,1,6,3.0,0,0,3.0,0,0,0,0,0,6,1,1.0,6.0,5.0,2,129.2333333,0,0,1,127.53,0,0,3,22.41,3.0,1
73.03,1,0,2,2,0,2,3.0,1,1,1.0,2,0,0,1,0,10,1,2.0,3.0,3.052,2,233.8666667,0,1,0,230.79,0,0,0,26.0,2.0,1
69.87,1,0,2,2,0,3,3.0,1,1,3.0,0,1,0,1,0,6,0,3.0,9.0,5.08,2,47.9,0,1,1,40.43,1,0,3,40.0,2.0,0
43.51,1,0,2,0,1,0,3.0,0,0,3.0,2,0,0,0,1,1,0,2.0,4.0,5.03,2,31.43333333,0,0,1,23.09,1,0,2,15.0,2.0,0
78.19,0,0,2,0,0,3,3.0,1,1,2.0,2,0,0,1,0,9,1,3.0,3.0,4.056,2,50.0,0,1,1,22.96,1,0,0,28.0,2.0,0
76.54,1,0,2,2,0,3,3.0,1,1,2.0,2,0,0,1,0,8,0,1.0,1.0,4.05,2,102.7666667,0,1,0,101.41,0,0,1,25.0,2.0,1
75.2,1,0,2,2,0,1,3.0,1,0,3.0,0,0,0,1,0,6,1,1.0,10.0,5.044,2,220.0333333,1,0,0,217.14,0,0,1,22.0,2.0,2
59.49,1,0,2,2,0,1,3.0,1,0,3.0,0,1,0,1,0,6,1,6.0,10.0,6.0520000000000005,2,40.0,0,0,1,12.53,1,0,3,26.0,2.0,0
62.43,1,0,2,0,0,3,3.0,1,1,3.0,0,1,0,1,0,10,0,2.0,6.0,5.06,2,58.43333333,1,0,1,57.66,0,0,3,30.0,2.0,2
58.39,1,0,2,0,0,6,3.0,0,0,3.0,2,0,0,1,0,1,0,0.0,10.0,4.06,2,30.36666667,0,0,0,17.53,1,0,1,30.0,2.0,0
50.78,1,0,2,0,0,2,3.0,1,1,2.0,2,0,0,0,0,4,1,0.0,2.0,3.06,2,272.9,1,0,0,21.55,1,0,0,30.0,2.0,2
74.85,1,0,2,0,0,3,3.0,1,1,2.0,2,0,0,1,0,8,1,4.0,10.0,5.056,2,70.23333333,1,1,1,69.31,0,0,0,28.0,2.0,2
36.35,1,0,2,2,1,1,3.0,0,0,3.0,0,1,0,1,1,6,0,3.0,4.0,5.046,2,194.2,1,0,0,191.64,0,0,3,23.0,2.0,2
41.09,1,0,2,0,0,3,3.0,1,1,3.0,2,0,0,0,1,7,1,0.0,5.0,4.04,2,77.23333333,0,1,0,32.14,1,0,0,20.0,1.0,0
33.92,0,0,2,0,1,0,3.0,0,0,2.0,2,0,0,0,1,1,0,1.0,30.0,4.05,2,70.6,0,0,1,27.96,1,0,2,25.0,2.0,0
57.32,0,0,2,2,0,2,3.0,1,1,2.0,2,0,0,0,0,4,0,0.0,3.0,3.04,2,58.63333333,0,1,1,53.78,1,0,1,20.0,1.0,0
60.31,0,0,2,1,0,6,3.0,0,0,3.0,0,0,0,0,0,1,1,0.0,6.0,4.053999999999999,2,124.1333333,0,0,1,122.5,0,0,2,27.0,2.0,1
77.77,0,0,2,0,0,3,3.0,1,1,2.0,2,0,0,0,0,2,0,0.0,5.0,3.036,2,237.2666667,0,1,1,234.14,0,0,0,18.0,1.0,1
65.53,1,0,2,2,1,0,3.0,0,0,3.0,2,0,0,0,0,10,1,1.0,6.0,5.038,2,20.13333333,0,0,0,15.26,1,0,2,19.0,2.0,0
69.75,1,0,2,2,0,3,3.0,1,1,3.0,2,0,0,0,0,0,0,0.0,16.0,4.044,2,216.9666667,1,0,0,214.11,0,0,1,22.0,2.0,2
69.99,1,0,2,2,0,2,3.0,1,1,3.0,2,0,0,1,0,3,0,12.0,5.0,6.06,2,150.6,0,1,1,148.62,1,0,1,30.0,2.0,0
67.15,0,0,2,2,0,1,3.0,0,0,3.0,0,1,0,0,0,5,0,0.0,10.0,4.042,2,184.4,1,0,1,181.97,0,0,3,21.0,2.0,2
69.31,1,0,2,0,0,3,3.0,1,1,3.0,2,0,0,1,0,0,0,4.0,2.0,6.12,2,69.3,0,0,1,36.97,1,0,0,60.0,3.0,0
70.38,0,0,5,0,0,3,3.0,1,1,2.0,2,0,4,0,0,8,1,0.0,3.0,3.04,6,197.6666667,0,0,1,90.0,1,0,1,20.0,1.0,0
76.93,0,0,2,2,0,2,3.0,1,1,1.0,2,0,0,1,0,3,0,0.0,8.0,2.026,2,117.5666667,0,1,0,115.26,1,0,1,13.0,1.0,0
56.94,0,0,2,2,0,2,3.0,1,1,2.0,2,0,0,0,0,9,1,0.0,10.0,3.05,2,219.4666667,1,1,1,216.58,0,0,1,25.0,2.0,2
72.44,0,0,2,2,0,2,3.0,1,1,2.0,2,0,0,1,0,9,0,2.0,3.0,4.0280000000000005,2,197.8333333,0,1,1,195.23,1,0,1,14.0,2.0,0
69.93,1,0,5,2,0,2,3.0,1,1,2.0,2,0,4,1,0,4,0,0.0,7.0,3.06,6,263.6,0,1,0,260.13,0,0,0,30.0,2.0,1
55.83,1,0,5,0,0,3,3.0,1,1,1.0,2,0,4,1,0,3,0,6.0,5.0,4.1,6,49.3,0,1,0,46.68,1,0,1,50.0,2.0,0
61.16,1,0,2,2,0,2,3.0,1,1,2.0,2,0,0,1,0,3,1,1.0,6.0,4.03,2,130.7,0,1,1,128.98,0,0,1,15.0,2.0,1
56.03,1,0,3,0,0,2,3.0,1,1,2.0,2,0,1,1,0,4,0,5.0,7.0,5.05,3,78.7,1,1,1,77.66,0,0,1,25.0,2.0,2
76.81,0,0,2,0,0,2,3.0,1,1,2.0,2,0,0,0,0,8,1,0.0,17.0,3.05,2,198.1,0,1,1,195.49,0,0,0,25.0,2.0,1
77.45,1,0,2,0,0,3,3.0,1,1,2.0,2,0,0,0,0,9,0,0.0,6.0,3.06,2,88.8,0,1,0,54.24,1,0,0,30.0,2.0,0
65.16,0,0,2,2,0,0,3.0,0,0,3.0,2,0,0,0,0,1,0,0.0,5.0,4.0360000000000005,2,176.1,0,0,1,173.78,0,0,2,18.0,1.0,1
73.65,1,0,2,0,0,2,3.0,1,1,1.0,2,0,0,1,0,9,1,3.0,2.0,3.04,2,224.1,0,1,0,221.15,0,0,1,20.0,2.0,1
72.54,0,0,2,2,0,2,3.0,1,1,3.0,2,0,0,1,0,9,1,5.0,6.0,6.044,2,216.7333333,0,1,1,196.38,1,0,1,22.0,2.0,0
58.89,1,0,3,1,0,5,3.0,1,1,3.0,2,0,1,1,0,3,0,0.0,5.0,2.04,3,198.4333333,1,0,0,195.82,0,0,1,20.0,1.0,2
69.67,1,0,5,0,0,2,3.0,1,1,3.0,2,0,4,1,0,3,0,4.0,3.0,6.06,6,180.7666667,0,1,0,174.44,1,0,1,30.0,2.0,0
62.99,1,0,2,2,0,1,3.0,1,0,3.0,0,0,0,1,0,4,1,5.0,5.0,6.034,2,19.16666667,0,0,1,9.67,1,0,2,17.0,2.0,0
41.0,0,0,2,0,0,2,3.0,1,1,2.0,2,0,0,0,1,10,1,0.0,8.0,3.1,2,79.8,0,0,1,9.11,1,0,0,50.0,2.0,0
76.37,1,0,2,1,0,2,3.0,0,1,2.0,2,0,0,0,0,9,1,0.0,7.0,3.04,2,221.7666667,0,0,0,218.85,0,0,1,20.0,1.0,1
77.13,1,0,2,0,0,3,3.0,1,1,3.0,0,0,0,1,0,7,1,1.0,4.0,5.08,2,126.8666667,1,0,0,125.2,0,0,0,40.0,2.0,2
66.47,1,0,3,0,0,2,3.0,0,0,2.0,2,0,1,0,0,3,0,0.0,9.0,3.0660000000000003,3,165.3666667,1,0,0,163.19,0,0,1,33.0,2.0,2
33.55,0,0,2,0,1,1,3.0,0,0,3.0,2,0,0,0,1,5,0,4.0,15.0,6.1,2,75.23333333,0,0,1,63.55,1,0,2,50.0,2.0,0
77.54,0,0,2,0,0,3,3.0,1,1,2.0,2,0,0,0,0,9,0,0.0,6.0,3.044,2,174.1333333,0,1,1,171.84,0,0,0,22.0,2.0,1
69.65,1,0,2,1,0,2,3.0,1,1,1.0,2,0,0,1,0,8,1,1.0,11.0,3.036,2,99.76666667,0,1,0,98.45,0,0,1,18.0,2.0,1
75.27,1,0,3,0,0,3,3.0,1,1,3.0,2,0,1,1,0,9,0,6.0,10.0,6.064,3,65.56666667,0,0,0,17.34,1,0,0,32.0,2.0,0
44.84,1,0,2,2,0,2,3.0,1,1,2.0,2,0,0,0,1,8,1,0.0,6.0,3.06,2,187.9333333,1,1,1,185.46,0,0,1,30.0,2.0,2
71.61,1,0,2,0,0,2,3.0,1,1,2.0,2,0,0,1,0,4,0,1.0,9.0,4.042,2,81.8,0,0,0,17.86,1,0,0,21.0,2.0,0
42.84,1,0,2,0,1,1,3.0,0,1,3.0,2,0,0,0,1,5,0,2.0,17.0,5.074,2,216.7333333,1,0,1,213.88,0,0,1,37.0,2.0,2
65.76,0,0,2,0,1,1,3.0,0,0,3.0,2,0,0,0,0,1,0,2.0,4.0,5.12,2,223.3,1,0,1,220.36,0,0,2,60.0,3.0,2
67.68,0,0,5,0,0,2,3.0,1,1,2.0,2,0,4,0,0,3,1,0.0,4.0,3.0460000000000003,6,80.5,0,1,1,79.44,0,0,1,23.0,2.0,1
68.56,0,0,2,0,0,2,3.0,1,1,2.0,2,0,7,1,0,3,0,1.0,3.0,4.04,2,251.2,0,1,1,247.89,0,0,1,20.0,2.0,1
69.93,0,0,2,2,0,3,3.0,1,1,3.0,2,0,0,1,0,7,0,1.0,2.0,5.04,2,213.3666667,1,1,1,210.56,0,0,0,20.0,2.0,2
44.36,0,0,2,0,0,2,3.0,1,1,3.0,2,0,0,0,1,9,1,0.0,5.0,4.044,2,252.3,0,1,1,248.98,0,0,1,22.0,2.0,1
65.86,1,0,2,2,0,6,3.0,1,1,3.0,2,0,0,1,0,4,0,6.0,4.0,6.028,2,144.93333330000002,1,0,1,143.03,0,0,0,14.0,2.0,2
72.12,1,0,2,0,0,2,3.0,1,1,2.0,2,0,0,1,0,9,0,3.0,3.0,4.06,2,108.6,0,1,0,107.17,0,0,0,30.0,2.0,1
49.88,0,0,2,2,0,5,3.0,0,0,3.0,0,0,0,0,1,6,1,0.0,4.0,4.024,2,37.8,0,1,1,28.75,1,0,3,12.0,1.0,0
62.68,0,0,5,2,0,2,3.0,1,1,3.0,1,0,4,1,0,9,0,4.0,8.0,6.034,6,84.83333333,0,1,1,24.84,1,0,1,17.0,2.0,0
70.71,1,0,5,2,0,1,3.0,1,1,3.0,0,1,4,1,0,6,1,0.0,5.0,5.062,6,118.6,0,0,0,107.57,1,0,3,31.0,2.0,0
46.95,0,0,5,2,0,2,3.0,1,1,3.0,2,0,4,0,1,3,1,0.0,5.0,4.05,6,189.8666667,1,1,1,187.37,0,0,1,25.0,2.0,2
63.92,0,0,4,2,0,3,3.0,1,1,1.0,2,0,5,0,0,0,1,0.0,8.0,2.086,4,52.73333333,0,0,1,15.66,1,0,0,43.0,2.0,0
56.47,1,0,5,0,0,2,3.0,1,1,3.0,2,0,4,0,0,3,0,0.0,19.0,4.11,6,213.2,0,1,0,210.39,1,0,0,55.0,2.0,0
67.7,1,0,2,0,0,3,3.0,1,1,3.0,0,1,0,1,0,0,0,1.0,2.0,5.11,2,62.13333333,0,0,1,40.56,1,0,0,55.0,3.0,0
72.73,1,0,2,0,0,3,3.0,1,1,3.0,2,0,0,1,0,7,0,0.0,4.0,4.08,2,79.16666667,0,0,0,78.13,0,0,0,40.0,2.0,1
45.4,0,0,2,2,0,6,3.0,1,0,3.0,2,0,0,0,1,2,0,0.0,2.0,4.04,2,173.93333330000002,1,0,1,171.64,1,0,2,20.0,1.0,2
70.42,0,0,5,2,0,2,3.0,1,1,3.0,2,0,4,1,0,9,1,6.0,5.0,6.08,6,128.36666670000002,0,1,1,117.04,1,0,1,40.0,3.0,0
55.56,0,0,2,0,0,3,3.0,1,1,2.0,2,0,0,0,0,4,0,0.0,2.0,3.034,2,139.43333330000002,1,0,1,137.6,0,0,0,17.0,1.0,2
70.11,0,0,2,0,0,2,3.0,1,1,3.0,2,0,0,0,0,4,0,0.0,13.0,4.05,2,168.3,0,1,1,166.09,0,0,0,25.0,2.0,1
44.12,0,0,2,2,0,2,3.0,1,1,2.0,2,0,0,0,1,8,0,0.0,8.0,3.032,2,86.36666667,0,1,1,42.27,1,0,0,16.0,1.0,0
61.76,1,0,5,2,0,3,3.0,1,1,2.0,2,0,4,0,0,9,0,0.0,3.0,3.034,6,255.3,1,1,0,251.94,0,0,0,17.0,1.0,2
55.04,0,0,5,2,0,2,3.0,1,1,2.0,2,0,4,1,0,3,1,0.0,9.0,3.03,6,184.3333333,1,1,1,181.91,0,0,1,15.0,1.0,2
76.66,1,0,2,2,0,6,3.0,1,0,3.0,0,0,0,1,0,4,0,2.0,3.0,5.07,2,34.56666667,0,0,0,34.11,0,0,2,35.0,2.0,1
68.21,1,0,2,2,0,2,3.0,1,1,2.0,2,0,0,0,0,3,1,0.0,5.0,3.042,2,150.6,0,1,0,148.62,0,0,1,21.0,2.0,1
52.57,1,0,2,1,0,0,3.0,0,0,3.0,0,1,0,0,0,6,0,0.0,4.0,4.002,2,187.7,1,0,0,185.23,0,0,3,1.0,1.0,2
39.25,0,0,2,0,0,0,3.0,0,0,3.0,2,0,0,0,1,1,1,0.0,12.0,4.03,2,56.33333333,0,0,0,3.91,1,0,2,15.0,1.0,0
61.04,1,0,5,0,1,5,3.0,0,0,3.0,2,0,4,1,0,8,1,16.0,6.0,6.03,6,178.7333333,0,0,1,169.61,1,0,2,15.0,2.0,0
53.69,1,0,5,0,0,2,3.0,1,1,2.0,2,0,4,0,0,9,0,0.0,8.0,3.034,6,257.6333333,1,1,0,254.24,0,0,1,17.0,1.0,2
75.01,0,0,2,0,0,3,3.0,1,1,2.0,2,0,0,1,0,9,1,1.0,6.0,4.05,2,150.1,0,0,1,148.13,0,0,0,25.0,2.0,1
71.05,0,0,2,0,0,3,3.0,1,1,2.0,2,0,0,1,0,8,0,2.0,1.0,4.05,2,39.43333333,1,1,1,38.91,0,0,0,25.0,2.0,2
75.55,0,0,2,0,0,3,3.0,1,1,3.0,0,1,0,1,0,0,1,1.0,7.0,5.04,2,168.2666667,1,0,1,74.18,1,0,3,20.0,2.0,2
41.54,1,0,2,0,1,1,3.0,0,0,3.0,0,1,0,0,1,6,1,1.0,6.0,5.04,2,215.1666667,1,0,1,212.34,0,0,3,20.0,2.0,2
63.4,1,0,2,0,0,2,3.0,1,1,2.0,1,0,0,0,0,4,0,0.0,11.0,3.04,2,91.5,1,1,0,90.3,0,0,1,20.0,1.0,2
68.66,1,0,5,2,0,6,3.0,0,0,3.0,2,0,4,0,0,5,1,0.0,3.0,4.032,6,184.8,1,0,0,182.37,0,0,2,16.0,1.0,2
53.58,0,0,2,2,0,2,3.0,1,1,2.0,2,0,0,1,0,3,0,1.0,5.0,4.05,2,94.7,1,1,1,93.45,0,0,1,25.0,2.0,2
71.19,0,0,2,0,0,2,3.0,1,1,2.0,2,0,0,1,0,4,1,0.0,5.0,3.03,2,182.5,1,1,1,180.1,0,0,1,15.0,2.0,2
47.38,1,0,2,0,1,0,3.0,0,0,3.0,1,0,0,0,1,1,1,2.0,7.0,5.06,2,213.9,1,0,0,211.09,0,0,2,30.0,2.0,2
52.23,1,0,2,0,1,1,3.0,0,0,3.0,2,0,0,0,0,5,0,1.0,12.0,5.06,2,50.23333333,0,0,0,18.88,1,0,2,30.0,2.0,0
67.87,1,0,2,2,0,6,3.0,1,1,3.0,2,0,0,1,0,4,0,0.0,7.0,3.1,2,194.1666667,0,1,0,191.61,0,0,1,50.0,2.0,1
70.59,0,0,3,0,0,2,3.0,1,1,3.0,2,0,1,1,0,3,0,0.0,5.0,4.05,3,221.6,0,0,1,161.97,1,0,0,25.0,2.0,1
28.05,0,0,2,0,1,0,3.0,0,0,3.0,2,0,0,0,1,1,1,0.0,5.0,5.07,2,26.86666667,0,0,1,23.26,1,0,2,35.0,2.0,0
56.33,0,0,2,2,0,3,3.0,1,1,2.0,0,1,0,1,0,6,1,1.0,6.0,4.048,2,87.1,0,0,1,48.13,1,0,3,24.0,2.0,0
66.38,0,0,2,1,0,2,3.0,1,1,2.0,2,0,0,0,0,9,1,0.0,7.0,3.03,2,199.9333333,1,1,1,197.3,0,0,1,15.0,1.0,2
43.63,1,0,2,2,0,5,3.0,1,1,2.0,2,0,0,0,1,10,1,0.0,8.0,3.032,2,58.0,0,1,0,44.93,1,0,0,16.0,2.0,0
49.0,1,0,2,2,0,2,3.0,1,1,2.0,2,0,0,0,1,9,0,0.0,5.0,3.04,2,198.1,0,0,0,73.91,1,0,1,20.0,1.0,0
65.41,1,0,2,2,0,2,3.0,1,1,3.0,2,0,0,0,0,9,0,0.0,5.0,2.02,2,84.23333333,0,1,0,45.3,1,0,1,10.0,1.0,1
72.38,1,0,2,2,0,2,3.0,1,1,2.0,2,0,0,1,0,9,0,0.0,7.0,3.06,2,199.3666667,0,0,0,196.74,0,0,1,30.0,2.0,1
76.37,1,0,2,1,0,2,3.0,1,1,3.0,2,0,0,1,0,3,1,1.0,7.0,5.04,2,174.56666669999998,0,1,0,172.27,0,0,1,20.0,2.0,1
69.95,1,0,2,0,0,1,3.0,1,1,2.0,2,0,0,1,0,0,0,0.0,4.0,3.06,2,142.43333330000002,0,0,0,140.56,0,0,0,30.0,2.0,1
56.33,1,0,2,0,0,3,3.0,1,1,2.0,2,0,0,1,0,0,1,0.0,2.0,3.044,2,61.6,1,1,0,60.79,0,0,0,22.0,2.0,2
61.92,1,0,2,2,0,2,3.0,1,1,3.0,2,0,0,0,0,10,0,0.0,7.0,3.036,2,186.4,0,1,0,79.28,1,0,0,18.0,1.0,1
32.74,0,0,2,2,1,6,3.0,0,0,3.0,2,0,0,1,1,1,0,17.0,6.0,6.04,2,19.9,0,0,1,15.95,1,0,2,20.0,2.0,0
67.86,1,0,2,0,0,3,3.0,1,1,2.0,2,0,0,1,0,7,1,14.0,1.0,5.1,2,34.33333333,0,1,1,33.13,1,0,0,50.0,3.0,0
69.93,0,0,2,0,1,0,3.0,0,0,3.0,2,0,0,1,0,1,0,20.0,6.0,6.04,2,30.36666667,0,0,1,18.22,1,0,1,20.0,2.0,0
73.81,1,0,2,2,0,2,3.0,1,1,2.0,2,0,0,0,0,9,0,0.0,5.0,3.03,2,122.5,0,0,0,120.89,1,0,1,15.0,1.0,0
63.24,0,0,2,1,0,2,3.0,1,1,2.0,2,0,0,0,0,9,0,0.0,2.0,3.022,2,204.4333333,0,1,1,105.72,1,0,0,11.0,1.0,0
59.5,0,0,2,0,0,2,3.0,1,1,2.0,2,0,0,1,0,7,1,0.0,5.0,4.03,2,190.9666667,0,0,1,160.23,1,0,0,15.0,2.0,0
61.06,0,0,2,0,0,3,3.0,1,1,3.0,0,0,0,1,0,0,0,0.0,3.0,4.082,2,82.63333333,0,1,1,69.11,1,0,0,41.0,2.0,0
64.94,0,0,2,0,0,2,3.0,1,0,2.0,2,0,0,1,0,4,0,0.0,5.0,3.03,2,125.0666667,0,0,1,123.42,0,0,1,15.0,1.0,1
59.12,1,0,3,2,0,5,3.0,1,1,3.0,2,0,1,1,0,3,0,0.0,8.0,1.05,3,21.9,0,0,0,12.43,1,0,1,25.0,2.0,0
43.8,0,0,2,2,0,5,3.0,1,1,2.0,2,0,0,1,1,0,1,0.0,2.0,3.034,2,175.6333333,1,0,1,173.32,0,0,1,17.0,1.0,2
57.87,1,0,2,2,0,0,3.0,1,0,3.0,0,1,0,1,0,6,0,0.0,6.0,4.08,2,15.36666667,0,0,0,13.49,1,0,3,40.0,2.0,0
40.57,0,0,2,0,1,0,3.0,0,0,3.0,2,0,0,0,1,1,0,1.0,3.0,5.06,2,77.4,1,0,1,76.38,0,0,2,30.0,2.0,2
74.71,0,0,2,0,0,3,3.0,1,1,2.0,0,0,0,1,0,2,1,7.0,6.0,5.0360000000000005,2,71.76666667,0,1,1,66.81,1,0,0,18.0,2.0,0
51.09,0,0,2,2,0,2,3.0,1,1,2.0,2,0,0,1,0,9,1,0.0,5.0,3.06,2,209.2666667,1,1,1,206.51,0,0,0,30.0,2.0,2
72.14,0,0,2,2,0,2,3.0,1,1,2.0,2,0,0,1,0,3,0,0.0,5.0,3.024,2,211.7333333,1,1,1,208.95,0,0,1,12.0,1.0,2
75.33,1,0,2,2,0,2,3.0,1,1,2.0,2,0,0,0,0,8,0,0.0,7.0,3.04,2,59.76666667,1,0,0,58.98,0,0,1,20.0,1.0,2
47.24,0,0,2,0,1,1,3.0,0,0,3.0,0,1,0,0,1,6,0,1.0,9.0,5.06,2,27.8,0,0,1,17.3,1,0,3,30.0,2.0,0
72.02,1,0,3,0,0,3,3.0,1,1,3.0,2,0,1,1,0,9,1,0.0,7.0,4.0360000000000005,3,114.9,0,1,0,111.94,1,0,0,18.0,2.0,0
77.66,1,0,5,2,0,2,3.0,1,1,3.0,2,0,4,1,0,9,1,5.0,3.0,3.08,6,125.7,0,1,1,124.05,0,0,1,40.0,2.0,1
69.72,1,0,2,0,0,2,3.0,1,1,2.0,1,0,0,1,0,8,0,1.0,8.0,4.04,2,90.3,0,0,0,61.81,1,0,1,20.0,2.0,0
83.96,1,0,2,0,0,3,3.0,1,1,2.0,2,0,0,1,0,7,1,0.0,5.0,3.052,2,124.2,0,1,0,110.99,1,0,0,26.0,3.0,0
63.48,1,0,2,2,1,0,3.0,0,0,3.0,2,0,0,0,0,1,1,1.0,3.0,5.02,2,27.3,0,0,1,19.7,1,0,2,10.0,2.0,0
74.98,1,0,5,1,0,3,3.0,1,1,3.0,3,0,4,0,0,0,0,0.0,2.0,4.06,6,191.4666667,0,1,1,188.95,0,0,0,30.0,2.0,1
58.61,0,0,2,1,0,2,3.0,1,1,3.0,1,0,0,0,0,8,1,0.0,13.0,4.03,2,255.0,0,1,1,251.64,0,0,0,15.0,1.0,2
64.08,1,0,2,2,0,2,3.0,1,1,2.0,2,0,0,1,0,9,1,0.0,5.0,4.006,2,264.1333333,1,1,0,31.38,1,0,1,3.0,2.0,2
46.58,0,0,2,2,0,2,3.0,1,1,2.0,2,0,0,0,1,3,0,0.0,7.0,3.02,2,196.5333333,1,1,1,193.95,0,0,1,10.0,1.0,2
38.59,0,0,2,2,0,0,3.0,0,0,3.0,2,0,0,0,1,1,1,0.0,7.0,4.07,2,37.36666667,0,0,1,27.66,1,0,1,35.0,2.0,0
63.22,1,0,3,2,0,2,3.0,1,1,3.0,2,0,1,1,0,4,1,0.0,5.0,4.04,3,178.7333333,1,1,0,176.38,0,0,1,20.0,1.0,2
36.04,0,0,2,0,1,0,3.0,0,0,3.0,0,0,0,0,1,1,1,0.0,5.0,5.05,2,43.26666667,1,0,1,42.7,0,0,2,25.0,2.0,2
44.59,1,0,2,0,1,0,3.0,0,0,3.0,2,0,0,1,1,1,1,2.0,5.0,5.03,2,37.0,0,0,1,6.68,1,0,2,15.0,2.0,0
69.16,1,0,2,0,0,3,3.0,1,1,3.0,1,0,0,1,0,0,1,4.0,4.0,6.058,2,89.96666667,0,0,1,85.99,1,0,0,29.0,2.0,1
77.31,1,0,2,2,0,3,3.0,1,1,2.0,0,0,0,1,0,0,1,0.0,5.0,5.1,2,134.7333333,0,1,1,57.53,1,0,0,50.0,2.0,0
78.8,0,0,2,2,0,2,3.0,1,1,2.0,2,0,0,0,0,4,0,0.0,5.0,3.04,2,127.9333333,0,1,1,126.25,0,0,1,20.0,1.0,1
57.14,0,0,2,0,0,3,3.0,1,1,2.0,0,0,0,1,0,10,1,0.0,4.0,3.034,2,213.0333333,1,1,1,210.23,0,0,0,17.0,1.0,2
61.55,0,0,5,2,0,5,3.0,1,0,3.0,2,0,4,1,0,10,1,0.0,2.0,4.05,6,159.2333333,0,0,1,61.15,1,0,2,25.0,2.0,0
54.61,1,0,3,0,0,2,3.0,1,1,3.0,0,1,1,1,0,6,1,0.0,11.0,4.05,3,20.26666667,1,0,0,20.0,0,0,3,25.0,2.0,2
76.72,0,0,2,1,0,1,3.0,1,0,3.0,2,0,0,0,0,4,1,0.0,4.0,4.04,2,245.2333333,0,0,1,242.01,0,0,2,20.0,1.0,1
69.29,1,0,3,1,0,5,3.0,1,1,2.0,2,0,1,0,0,4,0,0.0,1.0,3.002,3,110.8333333,0,1,0,8.98,1,0,1,1.0,1.0,0
76.19,1,0,2,0,0,2,3.0,1,1,2.0,2,0,0,1,0,8,1,1.0,16.0,4.034,2,115.9333333,0,1,0,114.41,0,0,0,17.0,2.0,1
31.87,1,0,2,1,0,5,3.0,0,0,3.0,0,1,0,0,1,3,0,0.0,2.0,4.002,2,170.83333330000002,1,0,0,168.59,0,0,2,1.0,1.0,2
51.08,0,0,2,2,1,5,3.0,0,0,3.0,2,0,0,1,0,5,1,3.0,7.0,2.06,2,259.9333333,1,0,1,256.51,0,0,1,30.0,2.0,2
70.68,0,0,2,2,0,5,3.0,1,1,3.0,2,0,0,1,0,4,1,4.0,8.0,6.024,2,18.23333333,0,1,1,12.7,1,0,2,12.0,2.0,0
66.53,0,0,2,0,0,2,3.0,1,1,2.0,0,0,0,1,0,8,1,0.0,5.0,3.04,2,244.1666667,0,1,1,240.95,1,0,1,20.0,1.0,0
68.52,0,0,2,0,0,3,3.0,1,1,2.0,2,0,0,1,0,9,1,0.0,8.0,3.05,2,87.73333333,0,1,1,26.81,1,0,0,25.0,2.0,0
44.41,0,0,2,0,0,5,3.0,1,1,2.0,2,0,7,0,1,4,1,0.0,4.0,3.024,2,175.33333330000002,1,1,1,173.03,0,0,1,12.0,1.0,2
53.38,1,0,2,1,0,6,3.0,1,0,2.0,2,0,0,0,0,5,1,0.0,3.0,3.03,2,164.33333330000002,1,0,0,162.17,0,0,2,15.0,1.0,2
69.04,0,0,2,0,0,2,3.0,1,1,3.0,2,0,0,1,0,3,1,0.0,7.0,4.0360000000000005,2,212.2,0,0,1,209.41,0,0,1,18.0,1.0,1
48.76,0,0,2,1,0,5,3.0,1,1,3.0,0,1,0,0,1,6,1,0.0,9.0,4.026,2,80.5,1,1,1,79.44,0,0,3,13.0,1.0,2
69.23,1,0,2,0,0,3,3.0,1,1,3.0,0,1,0,1,0,6,1,11.0,8.0,6.06,2,80.73333333,0,1,1,43.65,1,0,3,30.0,3.0,0
60.46,1,0,2,2,0,3,3.0,1,1,3.0,2,0,0,1,0,9,0,0.0,6.0,1.06,2,208.4,1,1,0,205.66,0,0,0,30.0,2.0,2
62.84,1,0,2,2,0,3,3.0,1,1,3.0,2,0,0,0,0,3,1,0.0,15.0,4.05,2,51.96666667,0,1,0,41.09,1,0,0,25.0,2.0,0
46.79,0,0,2,1,0,5,3.0,1,1,2.0,2,0,0,0,1,4,1,0.0,3.0,3.022,2,185.0,0,1,1,126.02,1,0,1,11.0,1.0,0
49.57,1,0,2,2,1,1,3.0,0,0,3.0,0,1,0,1,1,6,1,7.0,11.0,6.08,2,184.2666667,1,0,1,181.84,0,0,3,40.0,3.0,2
69.05,1,0,2,0,0,0,3.0,0,0,3.0,2,0,0,1,0,1,0,0.0,8.0,4.1,2,22.13333333,0,0,0,19.54,1,0,2,50.0,2.0,0
54.69,1,0,2,0,0,1,3.0,1,1,3.0,0,1,0,0,0,6,1,0.0,6.0,1.03,2,151.2,0,0,0,149.21,0,0,3,15.0,2.0,1
50.08,0,0,2,2,0,6,3.0,1,1,3.0,2,0,0,1,0,4,1,3.0,2.0,2.036,2,194.7,0,1,1,192.14,0,0,1,18.0,2.0,1
53.96,0,0,6,0,0,6,3.0,1,1,2.0,2,0,0,0,0,4,1,0.0,19.0,3.03,0,112.6333333,0,0,1,111.15,0,0,0,15.0,1.0,1
68.53,1,0,2,0,0,6,3.0,1,1,3.0,1,0,0,1,0,4,1,1.0,3.0,5.0,2,65.23333333,0,0,0,64.38,0,0,0,22.41,2.0,1
65.26,1,0,3,1,0,5,3.0,1,1,3.0,2,0,1,1,0,7,1,0.0,6.0,4.04,3,184.3333333,1,0,0,181.91,0,0,1,20.0,1.0,2
68.6,1,0,5,2,0,2,3.0,1,1,3.0,2,0,4,1,0,3,1,0.0,9.0,4.03,6,246.6,0,0,0,243.36,0,0,1,15.0,1.0,1
78.04,0,0,5,2,0,2,3.0,1,1,3.0,2,0,4,1,0,3,1,0.0,5.0,4.06,6,134.2666667,0,1,1,132.5,0,0,1,30.0,2.0,1
74.34,0,0,2,2,0,2,3.0,1,1,2.0,2,0,0,1,0,9,0,0.0,8.0,3.03,2,118.53333329999998,0,1,1,116.97,0,0,1,15.0,1.0,1
79.76,1,0,3,2,0,2,3.0,1,1,2.0,2,0,1,0,0,4,1,0.0,7.0,3.04,3,89.33333333,0,1,0,88.16,0,0,1,20.0,1.0,1
61.88,1,0,2,2,0,2,3.0,1,1,3.0,2,0,0,1,0,4,0,0.0,7.0,4.07,2,77.46666667,0,1,0,73.22,1,0,1,35.0,2.0,0
42.84,0,0,2,1,0,2,3.0,1,1,3.0,0,1,0,0,1,7,0,0.0,13.0,1.02,2,203.2666667,1,1,1,200.59,0,0,0,10.0,1.0,2
65.44,1,0,2,0,0,0,3.0,1,1,3.0,2,0,0,1,0,1,0,1.0,2.0,5.05,2,19.4,0,0,0,7.14,1,0,2,25.0,2.0,0
69.24,0,0,2,2,0,2,3.0,1,1,3.0,2,0,0,1,0,4,1,9.0,4.0,6.1,2,111.96666670000002,0,1,0,45.33,1,0,1,50.0,2.0,0
53.07,0,0,6,1,0,0,3.0,0,0,3.0,0,1,0,0,0,5,1,0.0,5.0,4.03,0,242.5666667,1,0,1,239.38,0,0,1,15.0,1.0,2
54.75,1,0,3,2,0,2,3.0,1,1,3.0,2,0,1,1,0,9,0,0.0,8.0,4.04,3,142.16666669999998,0,1,0,140.3,0,0,1,20.0,1.0,1
88.8,1,0,2,2,0,2,3.0,1,1,1.0,2,0,0,1,0,8,0,1.0,6.0,3.06,2,54.26666667,0,1,0,53.55,0,0,0,30.0,2.0,1
72.16,0,0,2,2,0,2,3.0,1,1,3.0,0,1,0,1,0,6,0,0.0,5.0,4.03,2,196.8666667,0,1,1,194.28,1,0,3,15.0,1.0,0
52.98,1,0,2,0,0,2,3.0,1,1,2.0,2,0,0,0,0,8,0,0.0,13.0,3.03,2,94.03333333,0,0,0,10.3,1,0,0,15.0,1.0,0
62.11,1,0,2,0,0,2,3.0,1,1,2.0,2,0,0,1,0,10,0,3.0,1.0,4.05,2,223.8333333,0,0,0,220.89,1,0,0,25.0,2.0,0
65.35,1,0,2,1,0,0,3.0,0,0,3.0,0,1,0,1,0,6,1,0.0,2.0,4.03,2,204.4,1,0,0,201.71,0,0,3,15.0,1.0,2
70.23,0,0,2,2,0,3,3.0,1,1,3.0,0,0,0,1,0,0,1,0.0,5.0,4.03,2,52.3,0,0,1,20.03,1,0,0,15.0,1.0,0
73.17,0,0,2,2,0,2,3.0,1,1,2.0,2,0,0,1,0,9,1,0.0,2.0,3.04,2,96.96666667,0,1,1,95.69,0,0,1,20.0,1.0,1
76.91,0,0,2,2,0,2,3.0,1,1,3.0,2,0,0,1,0,3,1,3.0,6.0,2.048,2,191.9333333,0,1,0,158.06,1,0,1,24.0,2.0,1
50.24,0,0,2,0,1,0,3.0,0,1,3.0,2,0,0,1,0,10,0,3.0,9.0,5.07,2,185.3,1,0,1,73.98,1,0,2,35.0,2.0,2
67.45,1,0,5,2,0,2,3.0,1,1,2.0,2,0,4,0,0,2,1,0.0,3.0,3.03,6,205.7333333,1,0,0,203.03,0,0,1,15.0,1.0,2
52.43,1,0,2,2,0,0,3.0,0,0,3.0,2,0,0,0,0,1,0,0.0,7.0,4.053999999999999,2,151.9,1,0,0,149.9,0,0,2,27.0,2.0,2
79.17,1,0,2,2,0,0,3.0,0,0,3.0,2,0,0,1,0,5,1,0.0,6.0,4.12,2,175.1,0,0,1,172.8,0,0,2,60.0,2.0,1
68.42,1,0,2,0,0,3,3.0,1,1,3.0,2,0,0,1,0,8,1,0.0,7.0,4.06,2,247.8333333,0,1,0,244.57,0,0,0,30.0,2.0,1
80.17,1,0,2,0,0,3,3.0,1,1,3.0,0,1,0,1,0,6,1,0.0,4.0,4.07,2,179.1,0,0,0,176.74,0,0,3,35.0,2.0,1
74.98,1,0,2,0,1,1,3.0,0,0,3.0,0,0,0,1,0,6,0,12.0,9.0,6.05,2,43.4,0,0,1,22.5,1,0,3,25.0,3.0,0
66.57,0,0,2,1,0,5,3.0,1,1,2.0,2,0,0,1,0,2,0,0.0,1.0,3.04,2,107.3666667,0,1,1,37.5,1,0,1,20.0,1.0,1
74.11,1,0,2,0,0,3,3.0,1,1,3.0,2,0,0,1,0,9,1,6.0,3.0,6.056,2,118.7,0,0,1,115.76,1,0,0,28.0,2.0,0
42.11,0,0,2,0,0,3,3.0,1,1,3.0,2,0,0,0,1,0,0,0.0,5.0,4.02,2,254.9666667,1,0,1,251.61,0,0,0,10.0,1.0,2
55.77,1,0,6,2,0,2,3.0,1,1,2.0,2,0,0,1,0,4,0,0.0,5.0,3.04,0,252.9,1,1,0,249.57,0,0,1,20.0,1.0,2
63.53,1,0,2,0,0,2,3.0,1,1,1.0,2,0,0,0,0,9,0,0.0,6.0,2.04,2,131.3,0,1,0,129.57,0,0,1,20.0,1.0,1
76.2,0,0,2,2,0,6,3.0,0,0,3.0,0,0,0,1,0,1,1,0.0,3.0,4.03,2,111.8333333,0,0,1,110.36,0,0,2,15.0,1.0,1
42.05,0,0,2,2,1,6,3.0,0,0,2.0,2,0,0,0,1,5,1,2.0,2.0,4.044,2,144.66666669999998,0,0,1,134.9,1,0,2,22.0,2.0,0
90.23,1,0,2,0,0,2,3.0,1,1,3.0,2,0,0,1,0,8,0,1.0,9.0,5.04,2,99.4,0,1,0,98.09,1,0,1,20.0,2.0,0
68.01,0,0,2,0,0,0,3.0,0,0,3.0,2,0,0,1,0,1,0,0.0,10.0,4.06,2,43.26666667,0,0,1,17.83,1,0,2,30.0,2.0,0
75.53,0,0,2,2,0,3,3.0,1,1,3.0,1,0,0,0,0,4,0,0.0,5.0,4.03,2,200.6,1,0,1,197.96,0,0,0,15.0,1.0,2
74.46,1,0,2,0,0,2,3.0,1,1,2.0,2,0,0,1,0,4,1,1.0,5.0,4.03,2,187.0333333,0,1,0,184.57,0,0,0,15.0,2.0,1
72.56,0,0,2,2,0,3,3.0,1,1,3.0,2,0,0,1,0,8,0,0.0,7.0,4.06,2,180.7333333,0,1,1,178.36,0,0,0,30.0,2.0,1
39.99,1,0,2,0,1,0,3.0,0,0,3.0,0,1,0,0,1,6,1,1.0,8.0,5.05,2,33.96666667,0,0,0,25.59,1,0,3,25.0,2.0,0
48.17,0,0,4,2,0,2,3.0,1,1,2.0,2,0,5,0,1,3,1,0.0,6.0,3.03,4,176.5,1,1,1,174.18,0,0,1,15.0,1.0,2
61.28,1,0,2,2,0,1,3.0,0,0,3.0,0,1,0,1,0,6,0,0.0,5.0,3.05,2,16.56666667,0,0,0,13.95,1,0,3,25.0,2.0,0
74.53,0,0,2,2,0,0,3.0,0,0,2.0,2,0,0,0,0,1,0,0.0,5.0,3.028,2,211.2,0,0,1,208.42,0,0,2,14.0,1.0,1
79.59,0,0,2,2,0,3,3.0,1,1,2.0,2,0,0,1,0,9,1,0.0,4.0,3.06,2,209.0333333,0,1,1,206.28,0,0,0,30.0,2.0,1
59.04,0,0,2,2,0,0,3.0,1,0,2.0,2,0,0,0,0,10,1,0.0,13.0,3.012,2,204.2,0,0,1,201.51,1,0,2,6.0,1.0,0
63.02,0,0,2,0,1,0,3.0,0,0,3.0,2,0,0,1,0,1,1,3.0,5.0,5.13,2,166.66666669999998,1,0,1,164.47,0,0,2,65.0,3.0,2
46.03,0,0,2,2,1,5,3.0,0,1,3.0,0,1,0,0,1,6,1,2.0,4.0,5.04,2,44.13333333,0,0,1,16.78,1,0,3,20.0,2.0,0
69.5,1,0,5,0,0,3,3.0,1,1,2.0,2,0,4,0,0,10,1,0.0,1.0,3.03,6,192.1333333,1,1,0,163.65,1,0,0,15.0,1.0,2
56.92,0,0,5,0,0,2,3.0,1,1,2.0,2,0,4,0,0,8,1,0.0,5.0,3.024,6,103.8333333,0,1,1,102.47,0,0,1,12.0,1.0,1
62.79,1,0,2,0,0,3,3.0,1,1,1.0,0,0,0,1,0,0,1,2.0,7.0,3.11,2,38.43333333,0,0,0,37.83,1,0,0,55.0,2.0,1
69.2,1,0,2,0,0,3,3.0,1,1,3.0,2,0,0,1,0,7,0,0.0,5.0,4.08,2,216.8666667,0,1,0,118.78,1,0,0,40.0,2.0,0
76.77,1,0,2,2,0,2,3.0,1,1,3.0,2,0,0,1,0,3,0,1.0,2.0,2.04,2,112.46666670000002,0,1,0,85.59,1,0,1,20.0,2.0,0
69.59,1,0,5,2,0,2,3.0,1,1,2.0,2,0,4,1,0,3,0,0.0,4.0,3.06,6,102.0666667,0,1,0,100.72,0,0,1,30.0,2.0,1
58.7,0,0,2,1,0,6,3.0,0,0,3.0,0,0,0,0,0,5,0,0.0,5.0,4.03,2,53.56666667,1,0,1,52.86,0,0,2,15.0,1.0,2
70.31,1,0,2,2,0,2,3.0,1,1,2.0,2,0,0,1,0,9,1,3.0,4.0,4.046,2,108.0666667,0,1,1,83.59,1,0,0,23.0,2.0,0
72.77,1,0,2,0,0,0,3.0,0,0,3.0,2,0,0,1,0,1,0,0.0,5.0,4.06,2,101.0666667,0,0,0,99.74,0,0,2,30.0,2.0,1
41.28,1,0,2,0,1,1,3.0,0,0,3.0,0,1,0,0,1,6,1,1.0,10.0,5.07,2,46.16666667,0,0,1,26.15,1,0,3,35.0,2.0,0
72.23,0,0,5,2,0,3,3.0,1,1,3.0,2,0,4,0,0,8,1,0.0,5.0,4.03,6,202.1,0,1,1,199.44,0,0,0,15.0,1.0,1
66.12,0,0,2,0,0,3,3.0,1,1,2.0,2,0,0,0,0,4,1,0.0,3.0,3.03,2,116.46666670000002,0,1,1,114.93,0,0,0,15.0,1.0,1
46.4,0,0,2,0,0,2,3.0,1,1,3.0,2,0,0,0,1,9,0,0.0,7.0,4.0360000000000005,2,199.3,1,1,1,196.68,0,0,1,18.0,1.0,2
76.83,1,0,2,0,0,3,3.0,1,1,3.0,0,1,0,1,0,0,0,0.0,10.0,4.06,2,83.63333333,0,0,0,75.63,1,0,0,30.0,2.0,1
52.77,0,0,2,2,0,2,3.0,1,1,2.0,2,0,0,0,0,2,1,0.0,6.0,3.03,2,71.06666667,0,1,1,45.72,1,0,1,15.0,1.0,0
47.98,0,0,5,2,0,2,3.0,1,1,2.0,2,0,4,0,1,3,1,0.0,4.0,3.06,6,186.1333333,1,1,1,178.88,1,0,1,30.0,2.0,2
67.1,1,0,5,0,0,2,3.0,1,1,3.0,2,0,4,1,0,9,0,1.0,7.0,5.07,6,187.8333333,0,1,0,185.36,0,0,0,35.0,2.0,1
58.25,1,0,2,0,0,3,3.0,1,1,2.0,0,0,2,1,0,10,0,0.0,10.0,3.08,2,167.5,1,0,0,165.3,0,0,0,40.0,2.0,2
40.71,0,0,2,2,0,6,3.0,1,1,3.0,2,0,2,0,1,4,0,0.0,10.0,4.04,2,201.9333333,0,0,1,112.96,1,0,0,20.0,1.0,0
60.33,1,0,2,0,0,3,3.0,1,1,3.0,2,0,0,1,0,7,0,0.0,2.0,4.04,2,60.86666667,0,1,0,44.21,1,0,0,20.0,1.0,0
72.19,1,0,2,2,0,1,3.0,1,1,2.0,2,0,0,0,0,3,0,0.0,80.0,3.0,2,75.96666667,0,0,0,69.51,1,0,0,22.41,2.0,1
35.78,1,0,2,1,0,5,3.0,1,1,2.0,2,0,0,0,1,9,1,0.0,5.0,3.036,2,221.0666667,0,1,0,151.22,1,0,1,18.0,2.0,0
47.92,1,0,5,2,0,5,3.0,1,1,3.0,2,0,4,0,1,4,0,0.0,2.0,1.04,6,99.96666667,0,1,0,85.16,1,0,1,20.0,1.0,0
66.55,1,0,2,0,0,2,3.0,1,1,3.0,2,0,0,0,0,9,1,0.0,6.0,4.08,2,68.76666667,0,0,0,30.2,1,0,0,40.0,2.0,1
45.85,1,0,5,1,0,5,3.0,1,1,3.0,1,0,4,0,1,0,0,0.0,9.0,4.004,6,77.86666667,0,1,0,56.71,1,0,0,2.0,2.0,0
55.72,0,0,2,2,0,2,3.0,0,0,3.0,2,0,0,0,0,5,0,0.0,7.0,4.03,2,79.3,1,0,1,78.26,0,0,1,15.0,1.0,2
68.18,1,0,5,2,0,2,3.0,1,1,3.0,2,0,4,1,0,3,0,5.0,9.0,6.08,6,65.33333333,0,1,1,64.47,0,0,1,40.0,2.0,1
69.46,0,0,2,2,0,2,3.0,1,1,2.0,2,0,0,0,0,3,0,0.0,5.0,3.04,2,124.0,0,1,1,122.37,0,0,1,20.0,1.0,1
70.1,0,0,2,0,0,3,3.0,1,1,2.0,2,0,0,1,0,3,1,2.0,22.0,4.07,2,128.4,0,0,1,126.71,0,0,0,35.0,2.0,1
65.45,0,0,2,0,0,2,3.0,1,1,3.0,2,0,0,1,0,9,0,0.0,5.0,5.052,2,87.0,0,1,1,85.86,0,0,1,26.0,2.0,1
69.42,1,0,2,0,0,2,3.0,1,1,2.0,2,0,0,0,0,9,0,0.0,7.0,3.044,2,36.93333333,0,1,0,36.45,0,0,1,22.0,2.0,1
67.25,0,0,2,0,0,3,3.0,1,1,2.0,0,0,0,1,0,10,1,0.0,4.0,3.03,2,153.5333333,1,1,1,151.51,0,0,0,15.0,1.0,2
82.06,1,0,2,2,0,3,3.0,1,1,2.0,0,1,0,0,0,6,0,0.0,5.0,3.01,2,48.43333333,0,0,0,9.31,1,0,0,5.0,2.0,0
70.86,0,0,5,0,0,2,3.0,1,1,2.0,2,0,4,0,0,3,0,0.0,10.0,3.06,6,208.9666667,0,1,1,206.22,1,0,1,30.0,2.0,0
31.71,1,0,2,2,1,0,3.0,0,0,3.0,2,0,0,1,1,1,1,14.0,5.0,6.198,2,195.9333333,1,1,1,193.36,0,0,2,99.0,3.0,2
60.51,0,0,2,1,0,0,3.0,0,0,2.0,2,0,0,0,0,1,0,0.0,10.0,3.05,2,75.7,0,0,1,74.7,0,0,2,25.0,2.0,1
78.93,1,0,2,2,0,6,3.0,1,0,3.0,0,1,0,1,0,6,1,6.0,7.0,6.08,2,13.8,0,0,1,10.72,1,0,3,40.0,3.0,0
49.63,0,0,3,0,1,0,3.0,0,0,3.0,2,0,1,0,1,1,1,5.0,3.0,6.046,3,84.9,0,0,0,22.04,1,0,2,23.0,2.0,0
53.35,0,0,3,0,1,0,3.0,0,0,3.0,2,0,1,1,0,1,0,2.0,8.0,5.08,3,16.7,0,0,0,4.97,1,0,2,40.0,2.0,0
55.53,0,0,2,2,0,2,3.0,1,1,1.0,2,0,0,0,0,9,1,0.0,7.0,2.03,2,190.1666667,1,1,1,17.6,1,0,1,15.0,1.0,2
64.46,0,0,6,2,0,1,3.0,0,1,2.0,2,0,0,0,0,9,0,0.0,5.0,3.036,0,241.2333333,1,0,1,126.64,1,0,2,18.0,1.0,2
52.81,1,0,6,0,0,5,3.0,1,1,1.0,2,0,0,1,0,3,0,0.0,5.0,2.12,0,191.1,1,0,1,188.59,0,0,0,60.0,2.0,2
61.88,1,0,5,0,0,2,3.0,1,1,2.0,2,0,4,1,0,9,1,1.0,4.0,4.06,6,149.43333330000002,0,1,0,28.06,1,0,0,30.0,2.0,0
58.26,1,0,2,0,0,2,3.0,1,1,3.0,0,0,0,0,0,8,0,0.0,7.0,4.03,2,159.7333333,1,0,0,157.63,0,0,0,15.0,1.0,2
67.62,0,0,2,1,0,5,3.0,1,1,3.0,2,0,0,1,0,4,1,0.0,5.0,4.05,2,104.7666667,0,1,1,77.89,1,0,1,25.0,2.0,0
71.4,1,0,5,0,0,2,3.0,1,1,2.0,2,0,4,1,0,3,0,0.0,5.0,3.06,6,153.3,0,0,0,151.28,0,0,1,30.0,2.0,1
73.01,0,0,2,0,0,6,3.0,1,1,2.0,2,0,0,1,0,4,1,0.0,8.0,3.054,2,57.66666667,0,1,1,0.69,1,0,2,27.0,2.0,0
50.6,1,0,2,0,1,1,3.0,0,0,3.0,0,1,0,0,0,6,1,6.0,2.0,6.12,2,37.9,0,0,0,3.98,1,0,3,60.0,3.0,0
79.12,1,0,3,2,0,1,3.0,1,1,3.0,2,0,1,1,0,0,1,14.0,5.0,3.06,3,46.53333333,0,1,0,37.66,1,0,0,30.0,2.0,0
52.13,1,0,2,0,1,1,3.0,0,0,3.0,0,1,0,1,0,5,0,16.0,6.0,6.16,2,43.03333333,0,0,1,33.78,1,0,3,80.0,3.0,0
69.7,0,0,5,0,0,3,3.0,1,1,2.0,2,0,4,1,0,9,0,1.0,6.0,4.03,6,53.63333333,0,1,1,48.98,1,0,0,15.0,2.0,0
60.96,0,0,2,2,0,3,3.0,1,1,3.0,0,0,0,0,0,6,0,0.0,2.0,4.0360000000000005,2,14.16666667,0,0,1,6.94,1,0,3,18.0,1.0,0
66.58,0,0,5,2,0,2,3.0,1,1,2.0,2,0,4,1,0,2,1,1.0,7.0,4.046,6,102.3,0,0,1,66.55,1,0,0,23.0,2.0,0
31.26,1,0,2,2,0,6,3.0,0,0,3.0,1,0,0,0,1,5,0,0.0,3.0,4.03,2,226.0666667,1,0,0,223.09,0,0,2,15.0,1.0,2
64.01,1,0,5,2,0,2,3.0,1,1,2.0,2,0,4,0,0,3,0,0.0,14.0,3.02,6,190.1,0,1,0,187.6,0,0,1,10.0,1.0,1
43.04,1,0,6,2,1,6,3.0,0,0,3.0,2,0,0,1,1,1,0,0.0,5.0,5.16,0,204.2333333,1,0,1,201.55,0,0,2,80.0,2.0,2
79.26,1,0,3,2,0,5,3.0,1,1,1.0,2,0,1,1,0,4,0,0.0,8.0,2.096,3,96.2,0,0,1,94.93,0,0,1,48.0,2.0,1
66.94,0,0,3,0,0,1,3.0,0,0,2.0,0,1,1,1,0,6,0,0.0,7.0,3.05,3,163.5333333,1,0,1,161.38,0,0,3,25.0,2.0,2
74.57,0,0,2,0,0,3,3.0,1,1,2.0,2,0,0,1,0,0,0,1.0,3.0,4.1,2,14.2,0,0,0,14.01,0,0,0,50.0,2.0,1
64.64,1,0,3,0,1,2,3.0,0,1,3.0,2,0,1,0,0,2,1,13.0,14.0,6.13,3,45.73333333,0,0,1,27.86,1,0,1,65.0,3.0,0
70.49,1,0,3,0,0,2,3.0,1,1,2.0,2,0,1,1,0,9,0,0.0,12.0,3.05,3,114.53333329999998,0,1,0,113.03,0,0,1,25.0,2.0,1
54.69,1,0,2,2,0,2,3.0,1,1,2.0,0,1,0,0,0,2,1,0.0,6.0,3.0460000000000003,2,124.1333333,0,0,0,37.2,1,0,3,23.0,2.0,0
68.93,1,0,2,0,0,1,3.0,1,1,2.0,0,1,0,1,0,6,0,1.0,8.0,4.0360000000000005,2,98.83333333,0,1,0,69.8,1,0,0,18.0,2.0,0
78.44,0,0,2,0,0,2,3.0,1,1,3.0,2,0,0,1,0,10,1,0.0,1.0,4.04,2,85.4,0,1,1,84.28,0,0,0,20.0,1.0,1
41.81,1,0,2,0,0,0,3.0,0,0,3.0,2,0,0,0,1,1,1,0.0,4.0,4.053999999999999,2,25.23333333,0,0,0,10.72,1,0,2,27.0,2.0,0
61.24,0,0,2,0,0,3,3.0,1,1,2.0,2,0,0,1,0,0,1,2.0,11.0,4.04,2,51.66666667,0,0,1,14.54,1,0,0,20.0,2.0,0
71.78,0,0,2,0,0,4,3.0,1,1,3.0,2,0,0,1,0,3,1,2.0,4.0,5.03,2,195.8666667,1,0,1,193.29,0,0,0,15.0,2.0,2
56.37,0,0,2,0,0,3,3.0,1,1,2.0,2,0,0,0,0,2,1,0.0,8.0,3.04,2,250.8333333,1,1,1,88.59,1,0,0,20.0,1.0,2
76.87,0,0,2,2,0,5,3.0,1,1,1.0,2,0,0,1,0,4,1,4.0,4.0,4.03,2,216.0333333,0,1,1,213.19,1,0,1,15.0,2.0,0
52.09,1,0,2,0,1,0,3.0,0,0,3.0,2,0,0,0,0,1,0,3.0,9.0,5.16,2,194.3,1,0,1,191.74,0,0,1,80.0,2.0,2
56.89,0,0,2,0,0,3,3.0,1,1,3.0,2,0,0,1,0,3,0,1.0,6.0,5.05,2,211.9,0,1,1,167.01,1,0,0,25.0,2.0,0
41.27,1,0,2,0,1,6,3.0,0,0,3.0,2,0,0,0,1,1,0,1.0,3.0,5.03,2,169.66666669999998,1,0,0,167.43,0,0,2,15.0,2.0,2
72.88,1,0,6,0,0,2,3.0,1,1,2.0,2,0,0,0,0,4,1,0.0,5.0,3.03,0,191.0,0,1,0,95.79,1,0,1,15.0,1.0,0
66.7,0,0,5,0,0,6,3.0,1,1,3.0,2,0,4,1,0,4,1,1.0,3.0,5.05,6,53.63333333,0,0,1,52.86,1,0,2,25.0,2.0,0
47.35,1,0,2,2,0,5,3.0,1,0,3.0,0,1,0,0,1,4,0,0.0,10.0,4.004,2,202.1,1,0,0,199.44,0,0,3,2.0,1.0,2
72.88,1,0,5,2,0,2,3.0,1,1,2.0,2,0,4,1,0,3,1,3.0,3.0,4.114,6,28.83333333,0,0,1,13.75,1,0,1,57.0,3.0,0
66.39,1,0,5,0,0,2,3.0,1,1,2.0,2,0,4,1,0,9,0,0.0,10.0,3.14,6,161.1333333,0,0,1,159.01,0,0,1,70.0,3.0,1
76.01,1,0,2,0,0,2,3.0,1,1,2.0,0,0,0,1,0,9,0,1.0,4.0,4.08,2,15.36666667,0,1,0,12.86,1,0,0,40.0,2.0,0
56.89,0,0,2,2,0,5,3.0,1,1,3.0,2,0,2,1,0,3,0,0.0,5.0,4.03,2,125.76666670000002,0,1,1,124.11,1,0,1,15.0,1.0,0
79.29,1,0,2,0,0,2,3.0,1,1,2.0,2,0,0,1,0,8,0,2.0,8.0,4.05,2,23.03333333,0,1,0,12.93,1,0,1,25.0,2.0,0
75.56,1,0,3,0,0,1,3.0,1,1,3.0,0,0,1,1,0,6,0,1.0,2.0,5.08,3,243.1666667,1,0,0,239.97,0,0,3,40.0,2.0,2
77.15,1,0,6,1,0,5,3.0,1,1,3.0,0,0,0,1,0,4,1,1.0,8.0,5.03,0,100.1333333,0,1,0,98.82,0,0,1,15.0,2.0,1
66.18,0,0,5,0,0,2,3.0,1,1,2.0,2,0,4,1,0,9,0,0.0,2.0,3.05,6,39.3,0,1,1,34.8,1,0,1,25.0,2.0,0
62.55,0,0,2,2,0,3,3.0,1,1,3.0,2,0,0,1,0,9,0,0.0,5.0,4.044,2,119.3,0,1,1,69.51,1,0,0,22.0,2.0,1
67.13,0,0,2,1,0,3,3.0,1,1,3.0,2,0,0,1,0,4,1,1.0,4.0,5.05,2,2.5333333330000003,1,0,1,2.5,0,0,1,25.0,2.0,2
35.14,1,0,2,0,1,3,3.0,0,1,3.0,2,0,0,1,1,9,1,7.0,9.0,6.09,2,102.0,0,1,1,100.66,1,0,1,45.0,2.0,0
57.99,1,0,2,0,1,0,3.0,0,1,3.0,2,0,0,0,0,1,1,3.0,6.0,5.09,2,12.26666667,0,0,1,10.82,1,0,2,45.0,3.0,0
44.0,1,0,2,2,1,1,3.0,0,0,3.0,0,1,0,1,1,6,1,2.0,8.0,5.1,2,201.8333333,0,0,1,199.18,1,0,3,50.0,2.0,0
69.27,0,0,2,0,0,2,3.0,1,1,2.0,2,0,0,1,0,8,1,4.0,7.0,5.06,2,116.23333329999998,0,1,1,114.7,0,0,1,30.0,2.0,1
83.9,1,0,2,2,0,2,3.0,1,1,2.0,2,0,0,1,0,9,0,3.0,5.0,4.15,2,113.6666667,0,1,0,75.72,1,0,1,75.0,2.0,0
61.05,1,0,6,0,0,2,3.0,1,1,2.0,0,0,0,1,0,0,0,0.0,6.0,3.026,0,71.16666667,0,1,0,61.71,1,0,0,13.0,2.0,1
83.32,0,0,6,2,0,2,3.0,1,1,1.0,0,0,0,1,0,4,0,0.0,5.0,2.04,0,148.8,0,1,1,146.84,0,0,1,20.0,1.0,1
65.86,1,0,2,1,0,3,3.0,1,1,2.0,0,0,0,1,0,8,0,0.0,5.0,3.04,2,192.2,1,1,1,189.67,0,0,0,20.0,1.0,2
45.33,0,0,6,0,1,0,3.0,0,0,3.0,2,0,0,0,1,1,1,0.0,5.0,5.026,0,45.63333333,0,0,1,34.05,1,0,2,13.0,2.0,0
69.8,0,0,5,0,0,2,3.0,1,1,2.0,2,0,4,0,0,8,1,0.0,3.0,3.03,6,146.93333330000002,0,1,1,145.0,0,0,1,15.0,1.0,1
64.76,0,0,2,0,0,2,3.0,1,1,2.0,2,0,0,1,0,8,0,0.0,8.0,3.062,2,124.76666670000002,0,1,1,123.13,0,0,0,31.0,2.0,1
37.27,0,0,3,0,1,0,3.0,0,0,3.0,2,0,1,1,1,1,0,12.0,5.0,6.026,3,30.93333333,0,0,1,25.23,1,0,2,13.0,3.0,0
57.34,1,0,3,0,0,6,3.0,0,0,3.0,2,0,1,1,0,5,1,0.0,10.0,4.0280000000000005,3,237.2666667,1,0,0,234.14,0,0,2,14.0,1.0,2
82.72,1,0,5,2,0,3,3.0,1,1,2.0,2,0,4,0,0,8,1,0.0,5.0,3.044,6,154.0,0,1,0,151.97,0,0,1,22.0,2.0,1
72.18,1,0,6,2,0,1,3.0,1,0,2.0,0,1,0,1,0,0,1,0.0,5.0,4.056,0,193.6,1,0,1,191.05,0,0,1,28.0,3.0,2
71.51,0,0,2,0,0,2,3.0,1,1,3.0,2,0,0,0,0,3,1,0.0,6.0,4.0280000000000005,2,165.16666669999998,1,1,1,162.99,0,0,1,14.0,1.0,2
61.84,0,0,2,2,0,3,3.0,1,1,3.0,2,0,0,1,0,10,0,0.0,9.0,4.0280000000000005,2,165.66666669999998,1,0,1,163.49,0,0,0,14.0,1.0,2
61.16,1,0,2,0,0,2,3.0,1,1,3.0,2,0,0,1,0,3,0,0.0,5.0,4.1,2,172.8666667,0,1,0,114.84,1,0,0,50.0,2.0,0
71.01,1,0,2,0,0,2,3.0,1,1,2.0,2,0,0,1,0,4,0,4.0,3.0,5.04,2,213.0,1,1,1,210.2,0,0,1,20.0,2.0,2
73.1,1,0,2,1,0,2,3.0,1,1,3.0,2,0,0,1,0,3,0,2.0,6.0,2.044,2,106.8,0,0,0,105.39,1,0,1,22.0,2.0,0
75.42,1,0,5,2,0,2,3.0,1,1,2.0,2,0,4,1,0,8,1,0.0,3.0,3.024,6,70.16666667,1,1,0,69.24,0,0,1,12.0,1.0,2
81.76,1,0,2,0,0,2,3.0,1,1,2.0,0,0,0,0,0,8,1,0.0,5.0,3.032,2,107.76666670000002,0,1,0,106.35,0,0,0,16.0,1.0,1
85.94,0,0,2,0,0,2,3.0,1,1,2.0,2,0,0,1,0,9,1,10.0,1.0,5.05,2,95.73333333,0,1,0,94.47,0,0,1,25.0,2.0,1
81.57,1,0,2,0,0,2,3.0,1,1,2.0,2,0,0,1,0,9,1,3.0,11.0,4.07,2,74.73333333,0,1,0,73.26,1,0,0,35.0,2.0,0
64.43,0,0,6,0,0,6,3.0,1,1,3.0,2,0,0,1,0,3,1,2.0,6.0,5.05,0,117.6,1,0,1,116.05,0,0,0,25.0,2.0,2
80.48,0,0,5,0,0,3,3.0,1,1,3.0,2,0,4,1,0,10,1,5.0,6.0,3.06,6,97.43333333,0,1,1,94.28,1,0,1,30.0,2.0,0
36.03,0,0,2,1,0,2,3.0,1,1,3.0,0,0,0,0,1,9,1,0.0,9.0,4.002,2,205.6,1,1,1,15.46,1,0,1,1.0,1.0,2
65.48,0,0,2,2,0,6,3.0,1,0,2.0,0,0,0,0,0,4,1,0.0,6.0,3.032,2,101.4,1,0,1,100.07,0,0,2,16.0,1.0,2
51.62,1,0,2,0,1,1,3.0,0,0,3.0,0,1,0,1,0,6,0,5.0,9.0,6.044,2,198.1333333,1,0,1,195.53,0,0,3,22.0,2.0,2
66.45,0,0,2,0,0,2,3.0,1,1,3.0,2,0,0,1,0,9,1,0.0,7.0,4.06,2,202.7666667,1,1,1,200.1,0,0,1,30.0,2.0,2
43.61,1,0,2,0,1,1,3.0,0,0,3.0,0,1,0,0,1,6,0,1.0,6.0,5.0360000000000005,2,26.0,0,0,0,18.09,1,0,3,18.0,2.0,0
51.87,0,0,2,0,0,2,3.0,1,1,2.0,2,0,0,0,0,3,1,0.0,10.0,3.028,2,220.2333333,1,1,1,182.86,1,0,1,14.0,1.0,2
71.38,0,0,2,2,0,2,3.0,1,1,2.0,0,0,0,1,0,8,1,0.0,5.0,3.03,2,157.83333330000002,0,1,1,155.76,0,0,1,15.0,1.0,1
61.14,0,0,2,0,0,3,3.0,1,1,3.0,0,1,0,1,0,10,0,1.0,2.0,5.05,2,140.6,0,0,1,138.75,0,0,3,25.0,2.0,1
45.8,1,0,2,0,1,1,3.0,0,0,3.0,0,1,0,0,1,6,0,4.0,10.0,6.12,2,107.0666667,1,0,1,105.66,0,0,3,60.0,3.0,2
64.15,1,0,2,0,0,3,3.0,1,1,3.0,0,1,0,1,0,6,0,1.0,4.0,5.05,2,207.1666667,1,1,0,204.44,0,0,3,25.0,2.0,2
71.49,0,0,2,1,0,0,3.0,1,1,3.0,0,1,0,0,0,6,0,0.0,5.0,4.04,2,193.9,1,0,1,191.35,0,0,3,20.0,1.0,2
68.0,0,0,2,0,0,0,3.0,0,0,3.0,2,0,0,0,0,1,0,0.0,4.0,4.04,2,194.5666667,1,0,1,192.01,0,0,2,20.0,1.0,2
47.14,1,0,2,2,0,2,3.0,1,1,1.0,2,0,0,0,1,7,1,0.0,6.0,2.064,2,46.06666667,0,1,0,17.89,1,0,1,32.0,2.0,0
66.42,1,0,5,2,0,2,3.0,1,1,2.0,2,0,4,0,0,2,1,0.0,4.0,3.026,6,83.53333333,0,1,0,40.99,1,0,1,13.0,1.0,0
67.59,1,0,2,0,0,2,3.0,1,1,2.0,2,0,0,1,0,8,0,3.0,7.0,4.08,2,49.46666667,0,1,0,28.68,1,0,1,40.0,2.0,0
53.69,0,0,2,1,1,0,3.0,0,0,3.0,0,1,0,1,0,1,0,11.0,4.0,6.05,2,34.63333333,0,1,1,12.76,1,0,3,25.0,2.0,0
83.68,0,0,2,2,0,0,3.0,0,0,2.0,2,0,0,1,0,10,1,0.0,6.0,3.05,2,155.7333333,0,0,1,153.68,0,0,2,25.0,2.0,1
55.36,0,0,5,1,0,2,3.0,1,1,2.0,2,0,4,1,0,4,0,0.0,5.0,3.03,6,150.4666667,1,1,1,148.49,0,0,1,15.0,1.0,2
86.04,1,0,2,0,0,2,3.0,1,1,2.0,2,0,0,0,0,4,0,0.0,4.0,3.04,2,30.7,0,0,0,30.3,0,0,1,20.0,1.0,1
49.91,0,0,2,1,0,6,3.0,1,1,2.0,2,0,0,0,1,4,0,0.0,9.0,3.03,2,15.86666667,0,1,1,7.11,1,0,2,15.0,1.0,0
61.0,0,0,2,0,0,2,3.0,1,1,2.0,2,0,0,1,0,8,0,1.0,3.0,4.044,2,98.5,0,1,1,97.2,0,0,0,22.0,2.0,1
69.37,1,0,2,0,0,2,3.0,1,1,2.0,0,0,0,1,0,8,1,0.0,4.0,3.06,2,176.3666667,0,1,0,174.05,1,0,0,30.0,2.0,0
71.07,1,0,2,1,0,3,3.0,1,1,3.0,2,0,0,1,0,10,0,1.0,18.0,5.11,2,45.16666667,0,1,0,37.53,1,0,0,55.0,3.0,0
77.09,1,0,2,2,0,3,3.0,1,1,3.0,2,0,0,1,0,10,0,0.0,2.0,1.05,2,104.0,0,1,0,102.63,0,0,0,25.0,2.0,1
49.05,0,0,2,0,1,6,3.0,0,0,3.0,2,0,0,0,1,1,0,1.0,8.0,5.0360000000000005,2,196.6333333,1,0,1,194.05,0,0,2,18.0,2.0,2
90.08,1,0,2,2,0,1,3.0,0,0,3.0,0,1,0,1,0,5,1,0.0,12.0,4.07,2,9.7,0,0,0,9.57,0,0,1,35.0,3.0,1
44.93,0,0,2,0,1,0,3.0,0,0,3.0,2,0,0,0,1,1,1,2.0,4.0,5.07,2,205.8,1,1,1,12.34,1,0,2,35.0,2.0,2
49.58,0,0,5,1,0,2,3.0,1,1,1.0,2,0,4,0,1,8,0,0.0,6.0,2.03,6,240.4333333,1,1,1,237.27,0,0,1,15.0,2.0,2
51.25,1,0,2,2,1,1,3.0,0,0,3.0,2,0,0,1,0,5,0,1.0,7.0,5.05,2,162.83333330000002,0,0,1,123.75,1,0,2,25.0,2.0,0
68.1,0,0,2,1,0,3,3.0,1,1,3.0,2,0,0,1,0,7,0,5.0,6.0,3.024,2,148.8666667,0,1,1,146.91,1,0,0,12.0,3.0,0
38.92,0,0,2,1,0,6,3.0,0,0,3.0,2,0,0,0,1,1,1,0.0,6.0,4.024,2,190.2,1,0,1,187.7,0,0,2,12.0,1.0,2
43.44,0,0,5,2,0,2,3.0,1,1,2.0,2,0,4,0,1,9,1,0.0,11.0,3.03,6,189.9,1,1,1,187.4,0,0,1,15.0,1.0,2
66.2,0,0,2,2,0,2,3.0,1,1,2.0,2,0,0,1,0,2,1,3.0,6.0,4.0360000000000005,2,16.16666667,0,1,1,15.95,0,0,1,18.0,2.0,1
36.99,0,0,2,1,1,5,3.0,0,0,3.0,2,0,0,0,1,5,0,3.0,9.0,5.06,2,57.3,0,1,1,46.28,1,0,2,30.0,2.0,0
55.57,0,0,2,2,0,3,3.0,1,1,3.0,2,0,0,1,0,1,0,4.0,6.0,6.06,2,50.66666667,0,0,1,40.56,1,0,0,30.0,2.0,0
73.24,1,0,5,2,0,2,3.0,1,1,2.0,2,0,4,1,0,4,1,2.0,9.0,4.02,6,61.8,0,0,0,13.32,1,0,1,10.0,2.0,1
52.57,0,0,2,2,0,2,3.0,1,1,2.0,2,0,0,1,0,3,1,0.0,8.0,3.032,2,164.56666669999998,0,1,0,46.12,1,0,1,16.0,1.0,0
54.96,1,0,2,1,1,0,3.0,0,0,3.0,0,1,0,0,0,6,1,1.0,7.0,5.05,2,183.4333333,1,0,0,181.02,0,0,3,25.0,2.0,2
64.07,0,0,2,2,0,3,3.0,1,1,3.0,0,1,0,1,0,6,1,1.0,3.0,5.04,2,90.8,0,0,1,85.1,1,0,3,20.0,2.0,0
55.59,0,0,5,1,0,0,3.0,1,1,3.0,2,0,4,0,0,10,0,0.0,5.0,4.01,6,218.6333333,1,1,1,97.73,1,0,0,5.0,1.0,2
71.91,1,0,3,0,0,3,3.0,1,1,3.0,2,0,1,1,0,10,1,16.0,3.0,3.096,3,58.13333333,0,1,1,57.37,0,0,0,48.0,2.0,1
65.58,0,0,2,2,0,2,3.0,1,1,3.0,2,0,0,1,0,4,0,2.0,3.0,2.036,2,116.53333329999998,0,1,1,115.0,0,0,1,18.0,2.0,1
69.83,0,0,2,1,0,0,3.0,0,0,3.0,1,0,0,1,0,1,1,0.0,7.0,4.05,2,18.8,0,0,1,15.26,1,0,2,25.0,2.0,0
36.01,1,0,2,0,0,5,3.0,1,1,3.0,2,0,0,0,1,8,1,0.0,5.0,4.02,2,186.1,1,1,0,16.97,1,0,0,10.0,1.0,2
48.1,0,0,2,0,1,0,3.0,0,0,3.0,0,1,0,0,1,1,1,1.0,5.0,5.05,2,99.36666667,1,0,1,98.06,0,0,2,25.0,2.0,2
48.07,1,0,5,2,0,0,3.0,1,1,1.0,2,0,4,0,1,10,1,0.0,6.0,2.0,6,42.06666667,0,1,0,30.2,1,0,0,22.41,2.0,0
67.54,1,0,2,2,0,2,3.0,1,1,3.0,2,0,0,0,0,3,1,0.0,10.0,4.026,2,185.7666667,1,0,0,183.32,0,0,0,13.0,1.0,2
74.78,0,0,2,0,0,2,3.0,1,1,2.0,2,0,0,1,0,9,1,0.0,3.0,3.05,2,19.56666667,0,1,1,15.36,1,0,1,25.0,2.0,0
72.61,1,0,2,0,0,2,3.0,1,1,3.0,2,0,0,1,0,3,1,5.0,3.0,6.07,2,125.9,0,1,1,124.24,0,0,1,35.0,2.0,1
46.26,1,0,2,2,1,6,3.0,0,0,3.0,0,1,0,0,1,6,0,1.0,9.0,5.07,2,226.7,1,0,0,223.72,0,0,3,35.0,2.0,2
73.55,1,0,2,0,0,3,3.0,1,1,2.0,2,0,0,1,0,2,0,3.0,4.0,4.046,2,2.5333333330000003,0,1,0,2.5,0,0,1,23.0,2.0,1
59.02,1,0,0,0,0,3,3.0,1,1,2.0,2,0,6,1,0,3,1,0.0,5.0,3.07,1,110.46666670000002,1,1,0,109.01,0,0,0,35.0,2.0,2
72.23,1,0,5,2,0,2,3.0,1,1,3.0,2,0,4,1,0,3,1,21.0,3.0,6.04,6,34.3,0,0,1,10.86,1,0,1,20.0,3.0,1
57.62,0,0,2,0,0,3,3.0,1,1,3.0,3,0,0,1,0,7,0,1.0,4.0,5.06,2,46.36666667,0,0,1,24.05,1,0,0,30.0,2.0,0
40.75,0,0,2,2,1,0,3.0,0,1,3.0,1,0,0,0,1,1,1,2.0,6.0,5.032,2,17.66666667,0,0,1,11.78,1,0,2,16.0,2.0,0
44.5,0,0,2,0,1,1,3.0,0,0,2.0,0,1,0,0,1,6,1,6.0,13.0,5.05,2,42.43333333,0,0,1,21.71,1,0,3,25.0,2.0,0
47.3,0,0,3,2,0,2,3.0,1,1,2.0,2,0,1,1,1,8,1,0.0,7.0,3.04,3,238.5,1,1,1,235.36,0,0,1,20.0,1.0,2
80.08,1,0,2,2,0,3,3.0,1,1,3.0,2,0,0,1,0,10,0,2.0,2.0,5.06,2,31.8,0,0,1,20.39,1,0,0,30.0,2.0,1
75.65,0,0,2,0,0,3,3.0,1,1,3.0,1,0,0,1,0,10,0,0.0,13.0,4.05,2,123.3,0,1,1,115.66,1,0,0,25.0,2.0,0
53.6,0,0,2,0,0,2,3.0,1,1,2.0,2,0,0,0,0,3,1,0.0,3.0,3.03,2,216.9666667,1,1,0,140.13,1,0,1,15.0,1.0,2
65.31,1,0,2,0,0,2,3.0,1,1,2.0,2,0,0,0,0,9,0,0.0,5.0,3.08,2,51.2,0,1,0,8.03,1,0,1,40.0,2.0,0
72.25,1,0,2,2,0,3,3.0,1,1,3.0,2,0,0,0,0,9,1,0.0,10.0,4.13,2,65.83333333,0,1,0,15.36,1,0,0,65.0,2.0,0
74.28,1,0,3,1,0,2,3.0,1,1,3.0,2,0,1,1,0,3,1,6.0,8.0,6.102,3,23.36666667,0,0,0,12.76,1,0,1,51.0,2.0,0
69.84,1,0,3,0,0,3,3.0,1,1,3.0,1,0,1,1,0,2,1,0.0,9.0,4.102,3,57.23333333,0,0,0,20.56,1,0,0,51.0,2.0,0
42.64,1,0,2,0,0,2,3.0,1,1,2.0,2,0,0,1,1,4,1,0.0,9.0,3.04,2,228.8,1,1,0,225.79,0,0,1,20.0,2.0,2
69.56,0,0,2,2,0,3,3.0,1,1,2.0,1,0,0,0,0,0,1,0.0,6.0,3.04,2,237.5,1,1,1,26.81,1,0,0,20.0,1.0,2
64.1,0,0,2,2,0,1,3.0,1,1,3.0,0,0,0,0,0,0,0,0.0,6.0,4.03,2,225.1666667,1,0,1,222.2,0,0,3,15.0,1.0,2
65.5,1,0,2,0,0,2,3.0,1,1,1.0,2,0,7,0,0,4,1,0.0,5.0,2.04,2,123.73333329999998,1,1,0,122.11,0,0,1,20.0,1.0,2
51.62,0,0,2,0,0,3,3.0,1,1,2.0,2,0,0,0,0,8,0,0.0,7.0,3.056,2,189.7333333,1,1,1,187.24,0,0,0,28.0,2.0,2
74.26,0,0,5,2,0,3,3.0,1,1,2.0,2,0,4,0,0,3,0,0.0,7.0,3.03,6,164.6,0,1,1,33.68,1,0,0,15.0,1.0,0
75.73,1,0,5,2,0,2,3.0,1,1,3.0,2,0,4,1,0,3,0,0.0,10.0,4.07,6,103.1,0,1,0,101.74,1,0,1,35.0,2.0,0
54.18,0,0,2,0,0,1,3.0,0,0,3.0,2,0,0,0,0,1,0,0.0,13.0,4.04,2,158.9666667,1,1,0,156.88,0,0,2,20.0,1.0,2
86.55,1,0,2,1,0,0,3.0,1,1,2.0,1,0,0,1,0,7,1,4.0,7.0,5.058,2,36.63333333,0,1,0,34.51,1,0,0,29.0,2.0,0
63.45,0,0,2,0,0,2,3.0,1,1,2.0,2,0,0,1,0,4,1,1.0,1.0,4.04,2,182.9,1,1,1,180.49,0,0,1,20.0,2.0,2
72.39,0,0,2,0,0,3,3.0,1,1,3.0,2,0,0,1,0,4,0,1.0,4.0,5.04,2,30.86666667,0,1,1,22.34,1,0,0,20.0,2.0,0
72.61,1,0,2,0,0,2,3.0,1,1,2.0,2,0,0,1,0,9,0,1.0,7.0,4.09,2,169.2333333,0,1,0,167.01,0,0,0,45.0,2.0,1
38.49,1,0,5,0,0,2,3.0,1,1,3.0,2,0,4,1,1,8,0,4.0,5.0,6.05,6,16.3,0,0,0,0.82,1,0,0,25.0,2.0,0
69.27,0,0,2,0,0,3,3.0,1,1,3.0,2,0,0,1,0,4,0,0.0,10.0,4.09,2,124.8,1,0,1,123.16,0,0,0,45.0,2.0,2
63.2,0,0,4,2,0,3,3.0,1,1,3.0,2,0,5,1,0,8,1,0.0,9.0,4.056,4,2.0,1,0,1,1.97,0,0,0,28.0,2.0,2
45.42,0,0,2,0,0,0,3.0,0,0,3.0,2,0,0,0,1,1,1,0.0,10.0,4.04,2,151.06666669999998,1,0,1,149.08,0,0,2,20.0,1.0,2
53.48,1,0,2,0,1,6,3.0,0,0,2.0,0,1,0,1,0,5,0,8.0,3.0,5.022,2,180.5666667,1,0,1,178.19,0,0,2,11.0,2.0,2
40.21,0,0,2,0,1,0,3.0,0,0,3.0,2,0,0,0,1,1,0,2.0,5.0,5.07,2,14.8,0,0,1,10.56,1,0,2,35.0,2.0,0
50.61,1,0,2,1,0,0,3.0,1,1,3.0,2,0,0,1,0,8,0,2.0,6.0,5.05,2,185.9333333,1,1,0,183.49,0,0,0,25.0,2.0,2
66.56,0,0,2,0,0,6,3.0,0,0,2.0,2,0,0,0,0,1,1,0.0,7.0,3.03,2,183.9666667,1,0,1,181.55,0,0,2,15.0,1.0,2
69.66,1,0,2,0,0,2,3.0,1,1,2.0,0,0,0,1,0,8,1,2.0,3.0,4.06,2,79.86666667,0,0,0,66.18,1,0,0,30.0,2.0,0
71.64,0,0,5,1,0,5,3.0,1,1,3.0,2,0,4,1,0,0,0,1.0,7.0,5.04,6,158.0333333,1,1,1,155.95,0,0,1,20.0,2.0,2
80.09,1,0,2,2,0,6,3.0,1,1,2.0,2,0,0,1,0,4,0,10.0,4.0,5.05,2,79.1,0,0,1,42.6,1,0,2,25.0,3.0,0
49.87,1,0,2,0,1,1,3.0,0,0,3.0,0,1,0,1,1,6,0,4.0,5.0,6.044,2,120.1333333,0,0,1,83.32,1,0,3,22.0,2.0,0
76.53,0,0,5,0,0,3,3.0,1,1,3.0,0,1,4,1,0,0,0,4.0,7.0,6.04,6,48.43333333,0,0,0,20.99,1,0,0,20.0,2.0,0
60.13,0,0,2,2,0,2,3.0,1,1,2.0,0,0,0,1,0,4,0,0.0,4.0,3.04,2,200.1333333,1,1,1,57.99,1,0,1,20.0,1.0,2
79.11,0,0,2,1,0,2,3.0,1,1,3.0,1,0,0,1,0,3,0,0.0,8.0,4.08,2,34.43333333,0,1,0,33.98,0,0,1,40.0,2.0,1
40.96,1,0,6,0,0,5,3.0,1,1,2.0,2,0,0,0,1,8,1,0.0,5.0,3.01,0,233.2666667,1,1,0,101.05,1,0,1,5.0,1.0,2
43.08,0,0,2,2,1,0,3.0,0,0,3.0,2,0,0,0,1,1,1,1.0,5.0,5.06,2,98.56666667,1,0,1,97.27,0,0,2,30.0,2.0,2
62.43,1,0,2,0,0,6,3.0,0,0,3.0,2,0,0,0,0,1,0,0.0,3.0,4.1,2,25.33333333,1,0,0,25.0,0,0,2,50.0,2.0,2
54.83,0,0,2,2,1,1,3.0,0,0,2.0,0,1,0,0,0,0,0,2.0,6.0,4.04,2,88.93333333,0,0,1,67.93,1,0,2,20.0,2.0,0
84.3,1,0,2,2,0,2,3.0,1,1,2.0,2,0,0,1,0,3,0,0.0,3.0,3.052,2,171.3,0,1,0,169.05,0,0,0,26.0,2.0,1
67.24,0,0,2,2,0,0,3.0,0,0,3.0,2,0,0,1,0,1,1,0.0,8.0,4.053999999999999,2,182.2333333,1,0,1,179.84,0,0,2,27.0,2.0,2
69.77,0,0,2,2,0,3,3.0,1,1,3.0,2,0,0,1,0,7,0,2.0,4.0,2.08,2,34.7,0,1,0,23.26,1,0,0,40.0,2.0,0
70.52,1,0,2,1,0,3,3.0,1,1,2.0,2,0,0,1,0,2,1,0.0,5.0,3.06,2,154.5,0,1,0,152.47,0,0,0,30.0,2.0,1
57.75,0,0,3,2,0,2,3.0,1,1,1.0,2,0,1,1,0,2,1,0.0,5.0,2.052,3,229.8333333,1,1,1,226.81,0,0,0,26.0,2.0,2
53.56,0,0,2,0,0,3,3.0,1,1,3.0,2,0,0,1,0,0,1,0.0,9.0,4.04,2,225.4,1,0,1,222.43,0,0,0,20.0,1.0,2
35.13,1,0,2,1,1,0,3.0,0,0,3.0,0,1,0,0,1,6,1,1.0,9.0,5.15,2,25.03333333,1,1,0,24.7,0,0,3,75.0,3.0,2
42.12,1,0,6,1,1,0,3.0,0,1,3.0,2,0,0,0,1,1,0,1.0,4.0,5.096,0,18.83333333,0,1,1,11.58,1,0,2,48.0,2.0,0
44.05,0,0,2,2,0,0,3.0,0,0,2.0,1,0,0,0,1,1,1,0.0,2.0,3.03,2,186.6,1,0,1,184.14,0,0,2,15.0,1.0,2
73.93,0,0,2,2,0,3,3.0,1,1,2.0,2,0,0,0,0,2,0,0.0,2.0,3.03,2,102.9666667,0,1,1,41.28,1,0,0,15.0,1.0,1
76.3,1,0,3,1,0,2,3.0,1,1,2.0,0,0,1,0,0,3,1,0.0,7.0,3.03,3,117.6666667,0,0,0,116.12,0,0,1,15.0,1.0,1
64.27,0,0,2,0,1,6,3.0,0,0,3.0,2,0,0,1,0,1,0,2.0,3.0,5.06,2,194.1,0,1,1,191.55,0,0,2,30.0,2.0,1
38.44,0,0,2,0,1,0,3.0,0,0,3.0,2,0,0,1,1,1,1,14.0,3.0,6.064,2,234.4,1,0,1,20.23,1,0,2,32.0,2.0,2
74.95,0,0,5,2,0,2,3.0,1,1,2.0,2,0,4,1,0,3,1,0.0,5.0,3.04,6,178.56666669999998,0,1,1,176.22,0,0,1,20.0,1.0,1
78.84,1,0,2,0,0,2,3.0,1,1,2.0,2,0,0,1,0,8,0,1.0,5.0,4.05,2,153.8666667,0,1,0,66.74,1,0,1,25.0,2.0,0
47.88,0,0,2,0,0,6,3.0,0,0,3.0,2,0,0,0,1,1,1,0.0,2.0,4.03,2,178.6333333,1,0,1,176.28,0,0,2,15.0,1.0,2
52.63,0,0,2,0,0,3,3.0,1,1,2.0,2,0,0,1,0,0,0,0.0,3.0,3.04,2,117.6666667,0,1,1,116.12,0,0,0,20.0,1.0,1
67.79,0,0,5,2,0,3,3.0,1,1,3.0,2,0,4,1,0,0,0,0.0,10.0,4.04,6,194.0,1,1,1,191.45,0,0,0,20.0,1.0,2
68.64,1,0,3,0,0,6,3.0,1,0,3.0,2,0,1,1,0,3,1,8.0,9.0,6.12,3,55.4,0,0,0,44.57,1,0,0,60.0,3.0,0
68.82,0,0,5,2,0,2,3.0,1,1,3.0,2,0,4,1,0,2,1,4.0,5.0,6.06,6,90.6,0,1,1,79.9,1,0,1,30.0,2.0,0
75.28,1,0,2,2,0,2,3.0,1,1,2.0,2,0,0,1,0,4,0,0.0,9.0,3.05,2,71.63333333,0,1,0,70.69,0,0,1,25.0,2.0,1
46.43,0,0,2,2,0,2,3.0,1,1,2.0,2,0,7,0,1,3,0,0.0,6.0,3.02,2,222.3333333,1,1,1,219.41,0,0,1,10.0,1.0,2
50.75,0,0,2,2,0,2,3.0,1,1,2.0,2,0,0,0,0,8,0,0.0,3.0,3.032,2,111.3666667,1,1,1,109.9,0,0,1,16.0,1.0,2
69.55,0,0,2,0,0,1,3.0,1,1,3.0,2,0,0,1,0,0,0,0.0,23.0,4.04,2,91.1,0,0,0,89.9,0,0,0,20.0,1.0,1
75.88,1,0,2,0,0,2,3.0,1,1,2.0,2,0,0,1,0,9,1,0.0,5.0,3.07,2,53.9,0,0,0,49.18,1,0,1,35.0,2.0,0
66.55,1,0,5,2,0,6,3.0,1,1,3.0,2,0,4,1,0,4,1,2.0,3.0,5.0360000000000005,6,81.13333333,0,0,0,69.31,1,0,2,18.0,2.0,0
70.86,0,0,2,0,0,2,3.0,1,1,2.0,2,0,0,1,0,9,1,0.0,5.0,3.04,2,185.1333333,1,1,1,182.7,0,0,1,20.0,2.0,2
64.93,0,0,2,2,0,3,3.0,1,1,3.0,2,0,0,1,0,4,1,0.0,12.0,4.052,2,17.83333333,1,1,0,17.6,0,0,0,26.0,2.0,2
46.28,0,0,2,2,0,2,3.0,1,1,2.0,2,0,0,1,1,3,0,0.0,14.0,3.03,2,155.3666667,0,1,0,23.03,1,0,1,15.0,2.0,1
66.01,0,0,3,1,0,3,3.0,1,1,2.0,2,0,1,0,0,9,0,0.0,11.0,3.04,3,26.33333333,0,1,1,17.7,1,0,0,20.0,2.0,1
40.53,1,0,3,1,1,1,3.0,0,0,3.0,0,1,1,0,1,6,0,1.0,11.0,5.07,3,92.5,0,0,1,32.96,1,0,3,35.0,2.0,0
54.27,1,0,3,2,0,2,3.0,1,1,2.0,2,0,1,1,0,3,1,20.0,11.0,5.06,3,167.93333330000002,0,1,0,123.68,1,0,1,30.0,2.0,0
75.38,1,0,2,2,0,2,3.0,1,1,2.0,0,0,0,1,0,3,0,1.0,8.0,4.06,2,32.73333333,0,1,0,32.3,0,0,1,30.0,2.0,1
62.88,0,0,2,0,0,2,3.0,1,1,2.0,2,0,0,1,0,8,1,3.0,5.0,4.04,2,224.8666667,1,1,1,221.91,0,0,1,20.0,2.0,2
61.73,0,0,2,0,0,2,3.0,1,1,2.0,2,0,0,1,0,3,0,3.0,5.0,4.032,2,214.8,0,0,1,211.97,0,0,1,16.0,2.0,1
39.7,0,0,2,0,1,0,3.0,0,0,3.0,2,0,0,0,1,1,0,8.0,5.0,6.08,2,224.4333333,1,0,1,221.48,0,0,2,40.0,2.0,2
70.79,1,0,2,0,0,2,3.0,1,1,2.0,2,0,0,1,0,2,0,2.0,2.0,4.04,2,171.6333333,0,0,1,169.38,0,0,1,20.0,2.0,1
66.88,0,0,2,0,0,3,3.0,1,1,2.0,0,0,0,1,0,0,1,2.0,5.0,4.05,2,145.6333333,1,1,1,143.72,0,0,0,25.0,2.0,2
40.37,0,0,2,0,0,3,3.0,1,1,2.0,1,0,0,0,1,3,1,0.0,4.0,3.05,2,123.7,1,1,1,122.07,0,0,0,25.0,2.0,2
80.21,0,0,2,0,0,3,3.0,1,1,2.0,2,0,0,1,0,1,0,1.0,7.0,4.1,2,212.3666667,0,1,0,209.57,0,0,0,50.0,3.0,1
62.87,0,0,2,1,0,2,3.0,1,1,3.0,0,0,0,0,0,10,0,0.0,9.0,4.034,2,116.4333333,0,1,1,82.63,1,0,1,17.0,1.0,0
41.53,0,0,2,2,1,6,3.0,0,0,3.0,2,0,0,0,1,1,0,4.0,3.0,6.04,2,180.6333333,1,0,1,178.26,0,0,2,20.0,2.0,2
81.63,0,0,2,0,0,2,3.0,1,1,2.0,2,0,0,1,0,4,1,1.0,2.0,4.064,2,128.2,0,1,1,126.51,0,0,1,32.0,2.0,1
79.42,1,0,2,2,0,2,3.0,1,1,2.0,2,0,0,1,0,9,0,2.0,6.0,4.062,2,42.06666667,0,1,0,37.53,1,0,1,31.0,2.0,0
62.89,0,0,2,0,0,3,3.0,1,1,3.0,2,0,0,1,0,0,0,0.0,4.0,4.046,2,182.9333333,1,1,1,180.53,0,0,0,23.0,2.0,2
44.99,1,0,2,0,0,3,3.0,1,1,2.0,2,0,0,1,1,3,1,0.0,12.0,3.04,2,137.8,0,1,0,135.99,0,0,0,20.0,1.0,1
55.43,0,0,2,0,1,0,3.0,0,0,3.0,2,0,0,1,0,1,1,1.0,17.0,5.05,2,136.0,1,0,1,134.21,0,0,1,25.0,2.0,2
45.51,1,0,2,2,1,0,3.0,0,0,3.0,2,0,0,0,1,10,1,0.0,5.0,5.08,2,32.3,0,0,0,30.2,1,0,2,40.0,2.0,0
73.75,1,0,2,0,0,2,3.0,1,1,2.0,2,0,0,1,0,9,1,5.0,4.0,5.04,2,82.96666667,1,0,1,81.88,0,0,1,20.0,2.0,2
65.06,0,0,2,0,0,3,3.0,1,1,3.0,0,1,0,1,0,6,1,4.0,6.0,6.0,2,42.6,0,1,1,14.28,1,0,0,22.41,2.0,0
71.36,0,0,2,2,0,2,3.0,1,1,2.0,2,0,0,1,0,3,0,0.0,6.0,3.06,2,103.8,0,1,1,102.43,0,0,0,30.0,2.0,1
78.55,1,0,2,0,0,3,3.0,1,1,2.0,0,0,0,1,0,10,0,4.0,5.0,5.07,2,38.16666667,0,0,1,19.7,1,0,0,35.0,2.0,0
62.7,1,0,2,2,1,6,3.0,0,0,3.0,2,0,0,0,0,5,0,7.0,2.0,6.06,2,35.03333333,0,0,1,29.28,1,0,2,30.0,3.0,0
55.53,1,0,2,0,0,0,3.0,0,0,3.0,2,0,0,0,0,1,1,0.0,4.0,4.06,2,62.9,0,0,0,54.8,1,0,2,30.0,2.0,0
57.2,0,0,2,0,0,2,3.0,1,1,2.0,0,0,0,1,0,4,1,0.0,8.0,3.03,2,21.06666667,0,0,1,9.93,1,0,1,15.0,1.0,0
68.49,1,0,2,0,0,3,3.0,1,1,3.0,0,0,0,1,0,10,1,2.0,4.0,2.06,2,108.3,0,1,0,73.45,1,0,0,30.0,2.0,1
65.14,0,0,2,2,0,2,3.0,1,1,2.0,2,0,0,1,0,8,0,0.0,3.0,3.04,2,195.7,0,1,1,193.13,0,0,0,20.0,1.0,1
58.0,1,0,2,1,0,5,3.0,1,1,2.0,2,0,0,0,0,4,0,0.0,5.0,3.002,2,172.3,1,1,0,170.03,0,0,1,1.0,1.0,2
78.64,0,0,2,1,0,3,3.0,1,1,3.0,1,0,0,1,0,2,0,0.0,3.0,4.044,2,181.8666667,1,1,1,179.47,0,0,0,22.0,2.0,2
68.13,1,0,2,2,0,2,3.0,1,1,2.0,2,0,0,1,0,4,0,1.0,4.0,4.0680000000000005,2,156.8,0,1,1,154.74,0,0,1,34.0,3.0,1
71.31,0,0,2,0,0,2,3.0,1,1,2.0,2,0,0,1,0,8,1,0.0,6.0,3.04,2,22.23333333,0,1,1,21.94,0,0,1,20.0,1.0,1
58.4,0,0,5,2,0,3,3.0,1,1,3.0,2,0,4,1,0,0,1,0.0,7.0,4.06,6,167.1,0,0,1,164.9,0,0,0,30.0,2.0,1
65.43,1,0,2,0,0,2,3.0,1,1,3.0,2,0,0,1,0,7,1,11.0,5.0,6.07,2,30.8,0,0,1,30.39,0,0,0,35.0,2.0,1
74.92,0,0,2,1,0,2,3.0,1,1,2.0,2,0,0,1,0,9,1,0.0,5.0,4.08,2,199.9666667,0,1,1,197.34,0,0,1,40.0,2.0,1
51.98,0,0,5,2,1,6,3.0,0,0,3.0,2,0,4,1,0,3,1,1.0,7.0,5.052,6,21.0,0,0,1,13.62,1,0,2,26.0,2.0,0
68.75,0,0,2,2,0,5,3.0,0,1,3.0,0,0,0,1,0,5,0,0.0,7.0,4.03,2,104.6666667,0,0,1,103.29,0,0,2,15.0,1.0,1
60.72,1,0,2,0,0,3,3.0,1,1,3.0,2,0,0,1,0,10,0,0.0,6.0,4.05,2,194.6,1,0,0,192.04,0,0,0,25.0,2.0,2
82.94,1,0,2,0,0,3,3.0,1,1,2.0,2,0,0,1,0,9,0,1.0,6.0,4.11,2,173.0333333,0,1,0,170.76,0,0,0,55.0,2.0,1
67.57,1,0,2,0,0,0,3.0,0,0,3.0,2,0,0,1,0,1,1,0.0,9.0,4.05,2,191.8,1,0,0,189.28,0,0,2,25.0,2.0,2
74.76,1,0,2,1,0,5,3.0,1,1,2.0,2,0,0,0,0,3,0,0.0,11.0,3.032,2,126.4,0,1,0,24.64,1,0,1,16.0,1.0,1
68.7,1,0,5,2,0,2,5.0,1,1,2.0,2,0,4,1,0,3,0,0.0,4.0,3.03,6,135.3,0,0,0,133.52,0,0,1,15.0,2.0,1
86.61,1,0,3,2,0,2,5.0,1,1,1.0,2,0,1,1,0,3,0,0.0,10.0,2.032,3,63.56666667,0,1,0,62.73,0,0,1,16.0,1.0,1
70.65,1,0,3,0,0,1,5.0,1,1,2.0,2,0,1,1,0,3,1,0.0,20.0,3.05,3,70.53333333,0,0,0,69.61,0,0,0,25.0,2.0,1
80.33,1,0,3,0,0,3,5.0,1,1,3.0,2,0,1,0,0,10,0,0.0,8.0,4.05,3,69.1,0,1,0,29.47,1,0,0,25.0,2.0,0
70.28,1,0,2,0,0,3,5.0,1,1,3.0,2,0,0,1,0,1,0,0.0,7.0,4.03,2,218.2333333,1,0,0,215.36,0,0,0,15.0,2.0,2
59.22,1,0,2,0,0,3,5.0,1,1,3.0,0,0,0,0,0,0,0,0.0,7.0,1.05,2,211.1333333,0,0,0,208.36,1,0,0,25.0,2.0,0
67.46,1,0,3,2,0,2,5.0,1,1,2.0,2,0,1,0,0,9,0,0.0,8.0,3.0660000000000003,3,144.43333330000002,0,1,0,142.53,0,0,1,33.0,2.0,1
44.48,1,0,3,1,0,5,5.0,0,1,1.0,2,0,1,0,1,5,1,0.0,2.0,2.114,3,191.9333333,0,1,0,189.41,0,0,1,57.0,2.0,1
87.32,0,0,2,2,0,2,5.0,1,1,2.0,2,0,0,0,0,4,1,0.0,4.0,3.0460000000000003,2,143.5333333,0,1,0,141.64,0,0,1,23.0,2.0,1
72.19,1,0,2,2,0,2,5.0,1,1,1.0,2,0,0,1,0,3,0,0.0,5.0,2.06,2,70.9,0,1,0,69.97,0,0,1,30.0,2.0,1
65.03,1,0,2,1,0,2,5.0,1,1,2.0,2,0,0,0,0,9,1,0.0,5.0,3.05,2,143.16666669999998,0,1,0,141.28,1,0,1,25.0,2.0,0
67.0,1,0,2,0,0,5,5.0,1,1,2.0,2,0,0,0,0,4,0,0.0,9.0,3.14,2,13.53333333,0,0,0,13.36,0,0,1,70.0,2.0,1
75.63,1,0,2,1,0,3,5.0,1,1,2.0,0,1,0,0,0,0,0,0.0,5.0,3.04,2,48.26666667,0,0,0,47.63,0,0,3,20.0,2.0,1
51.94,1,0,3,0,0,2,5.0,1,1,2.0,2,0,1,0,0,3,1,0.0,4.0,3.0,3,301.2333333,1,1,0,297.27,0,0,1,22.41,2.0,2
90.0,1,0,2,0,0,3,5.0,1,1,2.0,2,0,0,1,0,9,1,2.0,6.0,4.1,2,52.06666667,0,1,0,8.22,1,0,0,50.0,2.0,0
60.28,1,0,3,2,0,5,5.0,1,1,2.0,2,0,1,0,0,9,1,0.0,5.0,3.068,3,232.9666667,1,0,0,229.9,0,0,0,34.0,2.0,2
65.63,1,0,2,2,0,2,5.0,1,1,2.0,2,0,0,0,0,9,1,2.0,3.0,4.04,2,252.2666667,0,1,0,248.95,1,0,1,20.0,2.0,0
87.75,1,0,2,2,0,3,5.0,1,1,2.0,2,0,0,0,0,0,1,0.0,10.0,3.05,2,49.73333333,0,0,0,49.08,0,0,0,25.0,2.0,1
63.35,0,0,0,0,0,2,5.0,1,1,3.0,2,0,6,1,0,8,0,6.0,13.0,6.02,1,278.3666667,0,1,1,139.51,1,0,1,10.0,2.0,0
66.76,1,0,2,0,0,2,5.0,1,1,1.0,2,0,0,1,0,8,0,0.0,6.0,2.04,2,145.3666667,0,1,0,65.0,1,0,1,20.0,2.0,1
44.65,1,0,2,2,0,6,5.0,0,0,3.0,0,1,0,0,1,1,0,0.0,7.0,4.04,2,287.9333333,1,0,0,284.14,0,0,2,20.0,2.0,2
65.96,1,0,2,0,0,1,5.0,1,1,3.0,0,0,0,1,0,10,1,1.0,5.0,5.07,2,73.13333333,0,1,0,10.39,1,0,0,35.0,2.0,1
70.12,1,0,2,0,0,5,5.0,1,1,2.0,2,0,0,0,0,3,1,0.0,9.0,3.06,2,263.4333333,1,1,0,259.97,0,0,1,30.0,2.0,2
70.64,1,0,2,2,0,1,5.0,1,1,2.0,2,0,0,0,0,7,1,0.0,6.0,3.06,2,219.1,0,0,0,216.22,0,0,0,30.0,2.0,1
72.94,1,0,0,0,0,1,5.0,1,1,2.0,2,0,6,1,0,10,1,12.0,14.0,5.03,1,37.86666667,0,1,0,12.93,1,0,0,15.0,2.0,0
58.84,1,0,2,0,0,1,5.0,1,1,2.0,0,1,0,1,0,10,0,0.0,3.0,3.05,2,168.2,0,1,0,165.99,0,0,3,25.0,2.0,1
62.29,1,0,2,0,0,1,5.0,1,1,2.0,0,1,0,0,0,6,0,0.0,20.0,3.08,2,264.2333333,1,1,0,260.76,0,0,3,40.0,2.0,2
51.07,1,0,2,0,0,2,5.0,1,1,2.0,2,0,0,0,0,9,1,0.0,3.0,3.04,2,192.2,1,1,0,189.67,0,0,1,20.0,2.0,2
65.39,1,0,2,2,0,2,5.0,1,1,2.0,2,0,0,1,0,3,1,1.0,5.0,4.072,2,186.8333333,0,0,0,182.43,1,0,1,36.0,2.0,0
36.47,1,0,2,1,0,6,5.0,0,0,3.0,2,0,0,0,1,5,0,0.0,6.0,4.03,2,255.3666667,1,0,0,252.01,0,0,2,15.0,2.0,2
69.39,1,0,2,2,0,3,5.0,1,1,1.0,2,0,0,1,0,0,0,2.0,4.0,3.052,2,250.8,1,0,0,247.5,0,0,0,26.0,2.0,2
33.08,0,0,2,0,1,6,5.0,0,0,3.0,2,0,2,0,1,1,0,2.0,12.0,5.05,2,200.4333333,1,0,1,197.8,0,0,2,25.0,2.0,2
41.79,1,0,2,0,1,0,5.0,0,0,2.0,2,0,0,0,1,1,1,2.0,10.0,4.0360000000000005,2,22.66666667,0,0,0,18.32,1,0,2,18.0,2.0,0
50.88,1,0,2,0,1,5,5.0,0,1,2.0,2,0,0,0,0,8,1,1.0,6.0,4.096,2,278.4666667,1,1,0,274.8,0,0,0,48.0,2.0,2
53.79,1,0,2,0,0,3,5.0,1,1,3.0,0,0,0,0,0,6,0,0.0,12.0,4.06,2,38.03333333,0,1,0,37.53,0,0,0,30.0,2.0,1
31.6,0,0,2,0,0,6,5.0,0,0,3.0,2,0,2,0,1,1,0,0.0,7.0,4.044,2,282.3666667,1,0,1,278.65,0,0,2,22.0,2.0,2
58.9,1,0,2,0,1,5,5.0,0,0,3.0,0,1,0,0,0,6,0,16.0,2.0,6.24,2,15.6,0,0,0,0.36,1,0,3,120.0,2.0,0
76.69,1,0,2,0,0,2,5.0,1,1,1.0,2,0,0,1,0,9,1,1.0,10.0,3.096,2,188.5333333,0,1,0,186.05,0,0,1,48.0,2.0,1
43.75,1,0,2,2,0,0,5.0,0,0,2.0,2,0,0,0,1,5,1,0.0,5.0,3.0,2,182.6,0,1,0,180.2,0,0,1,22.41,2.0,1
75.55,0,0,2,2,0,2,5.0,1,1,2.0,2,0,0,1,0,8,1,5.0,5.0,5.04,2,258.1333333,0,1,1,254.74,0,0,1,20.0,2.0,1
72.81,1,0,2,0,0,2,5.0,1,1,2.0,2,0,0,1,0,8,0,7.0,9.0,5.0680000000000005,2,57.4,0,1,0,50.72,1,0,0,34.0,2.0,0
84.04,1,0,2,0,0,3,5.0,1,1,2.0,2,0,0,0,0,8,0,0.0,3.0,3.05,2,182.3333333,0,1,0,179.93,1,0,0,25.0,2.0,0
70.92,1,0,2,1,0,4,5.0,1,1,2.0,2,0,0,0,0,8,0,0.0,6.0,3.032,2,170.2666667,0,1,0,168.03,0,0,0,16.0,2.0,1
68.91,0,0,2,2,0,3,5.0,1,1,2.0,2,0,0,1,0,10,1,0.0,5.0,3.0,2,239.1666667,0,0,1,171.88,1,0,0,22.41,2.0,0
79.04,1,0,2,0,0,3,5.0,1,1,3.0,2,0,2,1,0,4,1,5.0,4.0,6.06,2,54.1,0,1,1,27.07,1,0,0,30.0,3.0,0
46.47,1,0,2,1,1,5,5.0,0,1,2.0,2,1,0,0,1,8,1,8.0,15.0,5.14,2,102.5,0,0,0,101.15,1,0,1,70.0,2.0,0
73.03,1,0,2,0,0,2,5.0,1,1,2.0,2,0,0,1,0,9,0,0.0,11.0,3.042,2,164.0333333,0,1,0,161.88,0,0,1,21.0,2.0,1
58.38,1,0,2,0,1,1,5.0,0,0,2.0,0,1,0,1,0,5,1,4.0,12.0,5.052,2,23.9,1,0,0,23.59,0,0,2,26.0,2.0,2
80.59,0,0,5,2,0,5,5.0,1,1,2.0,2,0,4,0,0,3,1,0.0,6.0,3.042,6,2.3,0,0,0,2.27,0,0,1,21.0,2.0,1
68.59,0,0,2,0,0,2,5.0,1,1,2.0,2,0,0,1,0,9,1,1.0,6.0,4.016,2,159.7,0,0,1,157.6,0,0,0,8.0,2.0,1
28.29,1,0,2,0,1,0,5.0,0,0,3.0,2,0,0,0,1,1,0,1.0,6.0,5.16,2,10.63333333,0,0,0,0.69,1,0,1,80.0,2.0,0
53.45,0,0,2,0,1,1,5.0,0,0,2.0,0,1,0,0,0,6,0,2.0,4.0,4.06,2,10.06666667,0,0,1,8.06,1,0,1,30.0,3.0,0
82.51,1,0,2,0,0,5,5.0,1,1,2.0,2,0,0,0,0,8,0,0.0,10.0,3.07,2,77.5,0,1,0,76.48,0,0,1,35.0,2.0,1
66.28,1,0,5,1,0,5,5.0,1,1,2.0,2,0,4,1,0,3,0,0.0,4.0,3.0,6,239.4,1,0,0,236.25,0,0,1,22.41,2.0,2
78.93,1,0,5,2,0,1,5.0,1,1,1.0,2,1,4,0,0,8,0,0.0,6.0,2.026,6,192.2,0,1,0,189.67,0,0,0,13.0,2.0,1
71.38,1,0,3,2,0,5,5.0,1,1,3.0,2,0,1,1,0,3,0,0.0,13.0,4.0,3,123.3333333,0,1,0,121.71,0,0,1,22.41,2.0,1
38.01,1,0,2,0,0,2,5.0,1,1,2.0,1,0,0,1,1,4,1,0.0,2.0,3.036,2,193.9666667,1,1,0,191.41,0,0,1,18.0,1.0,2
39.41,1,0,2,0,1,1,5.0,0,1,2.0,0,1,0,0,1,6,0,2.0,4.0,4.04,2,124.5666667,0,0,0,122.34,1,0,3,20.0,2.0,0
70.76,1,0,2,0,1,1,5.0,0,1,2.0,0,1,0,0,0,6,1,10.0,6.0,5.056,2,66.83333333,1,1,0,65.95,0,0,0,28.0,2.0,2
66.13,1,0,2,0,0,1,5.0,0,1,2.0,0,1,0,0,0,6,1,0.0,11.0,3.06,2,193.1333333,1,1,0,190.59,0,0,3,30.0,2.0,2
41.11,0,0,2,1,0,2,5.0,1,1,2.0,2,0,0,0,1,3,1,0.0,8.0,3.03,2,264.6,1,1,1,93.09,1,0,1,15.0,1.0,2
54.74,1,0,2,2,1,0,5.0,0,1,2.0,1,0,0,0,0,5,0,3.0,7.0,4.07,2,260.2,1,1,0,256.78,0,0,2,35.0,2.0,2
76.99,1,0,2,0,0,2,5.0,1,1,3.0,2,0,0,1,0,3,1,15.0,7.0,6.03,2,115.6333333,0,1,0,114.11,0,0,0,15.0,2.0,1
63.27,1,0,2,2,0,5,5.0,1,1,2.0,2,0,0,1,0,4,0,0.0,7.0,3.03,2,153.9,0,1,0,151.88,0,0,1,15.0,2.0,1
57.27,1,0,2,0,0,1,5.0,1,0,2.0,0,1,0,0,0,6,0,0.0,10.0,3.122,2,257.6666667,1,0,0,254.28,0,0,3,61.0,2.0,2
74.6,1,0,3,0,0,2,5.0,1,1,2.0,2,0,1,0,0,3,1,0.0,7.0,3.0780000000000003,3,61.8,0,0,0,60.99,1,0,0,39.0,2.0,0
69.38,1,0,2,0,0,3,5.0,1,1,2.0,2,0,0,1,0,10,1,1.0,7.0,4.03,2,78.6,0,1,0,12.83,1,0,0,15.0,2.0,1
85.85,1,0,5,2,0,3,5.0,1,1,3.0,2,0,4,1,0,3,0,4.0,6.0,6.074,6,25.63333333,0,0,0,24.41,1,0,1,37.0,2.0,0
79.84,1,0,3,0,0,3,5.0,1,1,3.0,2,0,1,1,0,9,0,4.0,1.0,6.0,3,78.86666667,0,0,0,77.83,0,0,0,22.41,2.0,1
60.6,0,0,2,2,0,6,5.0,0,0,3.0,2,0,0,0,0,10,1,0.0,6.0,4.092,2,255.6,1,0,1,252.24,0,0,2,46.0,2.0,2
64.55,1,0,2,0,0,6,5.0,1,0,2.0,2,0,2,0,0,1,0,0.0,1.0,3.04,2,254.9333333,1,0,0,251.58,0,0,2,20.0,2.0,2
60.41,1,0,5,0,0,3,5.0,1,1,2.0,1,0,4,1,0,8,0,3.0,3.0,4.09,6,34.33333333,0,0,0,20.79,1,0,0,45.0,2.0,0
51.04,1,0,2,0,0,1,5.0,1,1,3.0,2,0,0,1,0,4,0,3.0,7.0,5.012,2,89.6,0,1,0,36.71,1,0,0,6.0,2.0,0
76.01,1,0,3,1,0,6,5.0,1,1,1.0,2,0,1,1,0,4,1,0.0,6.0,2.03,3,238.0666667,0,1,0,234.93,0,0,1,15.0,2.0,1
70.9,1,0,2,0,0,2,5.0,1,1,1.0,0,0,0,0,0,8,1,0.0,4.0,2.052,2,74.93333333,0,1,0,73.95,0,0,0,26.0,2.0,1
59.47,1,0,2,0,0,3,5.0,1,1,2.0,2,0,0,0,0,4,0,0.0,7.0,3.042,2,77.66666667,0,0,0,71.81,1,0,0,21.0,2.0,1
60.62,1,0,2,0,0,0,5.0,1,0,2.0,2,0,0,0,0,1,1,0.0,13.0,3.034,2,228.9,1,0,0,225.89,0,0,2,17.0,2.0,2
71.74,1,0,2,2,0,3,5.0,1,1,2.0,2,0,0,0,0,9,1,0.0,4.0,3.05,2,195.3,1,1,0,192.73,0,0,0,25.0,2.0,2
49.5,1,0,2,0,0,1,5.0,1,0,3.0,0,1,0,0,1,6,0,0.0,4.0,4.05,2,58.93333333,0,1,0,28.75,1,0,3,25.0,2.0,0
86.29,1,0,2,2,0,0,5.0,1,1,3.0,0,1,0,1,0,6,0,14.0,4.0,6.07,2,15.86666667,0,0,1,12.53,1,0,3,35.0,2.0,0
46.23,1,0,2,2,1,1,5.0,0,0,2.0,0,1,2,0,1,10,1,1.0,4.0,4.0,2,247.3666667,1,0,0,244.11,0,0,3,22.41,2.0,2
71.62,1,0,5,0,0,2,5.0,1,1,2.0,2,0,4,1,0,9,1,6.0,5.0,5.07,6,88.66666667,0,1,0,48.29,1,0,0,35.0,2.0,1
77.45,1,0,2,0,0,3,5.0,1,1,2.0,2,0,0,1,0,3,0,5.0,8.0,5.026,2,205.9,1,1,0,203.19,0,0,0,13.0,2.0,2
75.02,1,0,3,0,0,2,5.0,1,1,2.0,2,0,1,1,0,9,0,6.0,7.0,5.03,3,122.8,0,0,0,121.18,0,0,1,15.0,2.0,1
64.95,1,0,5,0,0,2,5.0,1,1,2.0,2,0,4,0,0,8,0,0.0,8.0,3.04,6,225.7,0,1,0,222.73,0,0,1,20.0,2.0,1
39.17,1,0,2,2,0,0,5.0,1,0,3.0,0,1,0,0,1,4,0,0.0,7.0,4.05,2,84.73333333,0,0,0,83.62,0,0,2,25.0,2.0,1
70.91,1,0,2,0,0,2,5.0,1,1,2.0,2,0,0,1,0,3,0,0.0,4.0,3.08,2,220.3,1,1,0,217.4,0,0,1,40.0,2.0,2
38.58,0,0,2,2,0,0,5.0,0,0,3.0,2,0,0,0,1,1,0,8.0,6.0,6.064,2,33.13333333,0,0,0,17.53,1,0,2,32.0,2.0,0
59.08,1,0,5,0,0,2,5.0,1,1,1.0,2,0,4,0,0,9,1,0.0,6.0,2.066,6,58.46666667,0,1,0,22.4,1,0,0,33.0,2.0,0
83.09,1,0,2,0,0,2,5.0,1,1,1.0,2,0,0,1,0,9,0,1.0,5.0,3.03,2,54.93333333,0,1,0,54.21,0,0,0,15.0,2.0,1
56.47,0,0,2,0,0,1,5.0,1,0,3.0,0,1,0,0,0,0,0,0.0,14.0,4.042,2,208.8,1,0,1,206.05,0,0,3,21.0,2.0,2
66.24,1,0,2,0,0,3,5.0,1,1,2.0,2,0,0,0,0,9,0,0.0,8.0,3.036,2,79.13333333,0,1,0,78.09,0,0,0,18.0,1.0,1
35.02,1,0,2,0,1,1,5.0,1,1,3.0,2,0,0,1,1,2,1,9.0,5.0,6.1,2,185.7,0,1,0,125.16,1,0,0,50.0,2.0,0
75.44,1,0,5,1,0,2,5.0,1,1,1.0,2,0,4,0,0,3,1,0.0,6.0,2.032,6,197.7333333,0,1,0,195.13,0,0,1,16.0,2.0,1
70.35,1,0,2,1,0,6,5.0,1,1,3.0,0,0,0,1,0,4,1,0.0,2.0,4.158,2,37.76666667,0,1,0,37.27,0,0,2,79.0,2.0,1
41.92,1,0,2,0,0,6,5.0,0,0,3.0,0,0,0,0,1,1,1,11.0,7.0,6.056,2,23.76666667,1,0,0,23.45,0,0,2,28.0,2.0,2
56.25,0,0,5,2,0,3,5.0,1,1,2.0,2,0,4,1,0,8,1,0.0,4.0,3.084,6,240.2,1,1,1,237.04,0,0,0,42.0,2.0,2
79.24,1,0,2,0,0,2,5.0,1,1,2.0,2,0,0,1,0,4,1,3.0,7.0,4.056,2,24.63333333,0,0,0,24.31,0,0,1,28.0,2.0,1
78.45,1,0,2,0,0,3,5.0,1,1,2.0,2,0,0,1,0,7,0,2.0,7.0,4.07,2,42.63333333,0,1,0,42.07,0,0,0,35.0,2.0,1
44.51,1,0,5,0,1,5,5.0,0,0,2.0,2,0,4,0,1,5,0,9.0,8.0,5.05,6,52.46666667,0,1,1,0.0,1,0,1,25.0,2.0,0
66.01,1,0,3,0,0,2,5.0,1,1,2.0,2,0,1,1,0,3,0,0.0,8.0,3.0460000000000003,3,202.2333333,1,0,0,199.57,0,0,1,23.0,2.0,2
65.52,1,0,2,0,0,2,5.0,1,1,3.0,2,0,0,1,0,10,0,1.0,3.0,5.06,2,30.06666667,0,0,0,18.32,1,0,0,30.0,2.0,0
79.2,0,0,2,0,0,3,5.0,1,1,2.0,2,0,0,0,0,10,0,0.0,5.0,3.02,2,222.7,0,1,1,219.77,0,0,0,10.0,1.0,1
41.08,1,0,2,0,0,5,5.0,1,1,3.0,2,0,0,1,1,4,0,0.0,4.0,4.046,2,56.76666667,0,1,0,56.02,0,0,1,23.0,2.0,1
65.01,1,0,2,0,0,2,1.0,1,1,3.0,2,0,0,1,0,9,0,0.0,6.0,4.044,2,166.7333333,0,1,1,164.54,0,0,1,18.0,2.0,1
80.76,1,0,2,0,0,2,5.0,1,1,2.0,2,0,0,0,0,9,1,0.0,6.0,3.03,2,118.3,0,0,0,116.74,0,0,1,15.0,2.0,1
56.93,0,0,2,0,0,5,5.0,1,1,2.0,2,0,0,1,0,3,0,2.0,8.0,4.04,2,221.2,1,0,1,218.29,0,0,0,20.0,2.0,2
82.1,1,0,2,0,0,2,5.0,1,1,2.0,2,0,0,0,0,9,0,0.0,4.0,3.0460000000000003,2,42.3,0,1,0,41.74,0,0,1,23.0,2.0,1
61.81,0,0,0,0,0,2,5.0,1,1,2.0,2,0,6,0,0,8,0,0.0,4.0,3.03,1,224.2333333,1,1,1,221.28,0,0,1,15.0,1.0,2
60.75,1,0,2,0,0,2,5.0,1,1,2.0,2,0,0,0,0,8,1,0.0,5.0,3.044,2,203.5333333,0,1,0,200.86,0,0,1,22.0,2.0,1
74.43,1,0,2,0,0,2,5.0,1,1,2.0,2,0,0,1,0,3,0,1.0,2.0,4.04,2,174.5,0,1,0,172.2,0,0,1,20.0,2.0,1
47.51,1,0,4,2,1,3,5.0,0,1,1.0,0,0,5,1,1,10,1,3.0,6.0,3.0,4,211.5333333,0,1,0,208.75,0,0,0,22.41,2.0,1
49.67,1,0,2,0,0,2,5.0,1,1,3.0,0,0,0,0,1,0,0,0.0,7.0,4.044,2,147.7666667,0,0,0,101.15,1,0,1,22.0,2.0,0
58.83,0,0,2,0,1,0,5.0,0,0,3.0,2,0,2,0,0,1,0,2.0,5.0,5.04,2,221.9333333,1,0,1,219.01,0,0,2,20.0,2.0,2
66.94,1,0,2,0,1,1,5.0,0,0,3.0,0,1,0,0,0,6,0,31.0,4.0,6.02,2,35.46666667,0,1,1,26.51,1,0,2,10.0,2.0,0
68.43,1,0,2,0,0,2,5.0,1,1,2.0,2,0,0,0,0,8,1,0.0,17.0,3.032,2,117.8666667,1,1,0,116.32,0,0,1,16.0,1.0,2
73.37,1,0,5,2,0,5,5.0,1,1,2.0,2,0,4,1,0,9,0,0.0,5.0,3.074,6,35.36666667,0,1,0,34.9,0,0,0,37.0,2.0,1
37.33,1,0,2,2,0,6,5.0,0,0,3.0,2,0,0,0,1,5,0,3.0,5.0,5.04,2,200.1,1,1,0,197.47,0,0,2,20.0,2.0,2
75.33,1,0,2,0,0,2,5.0,1,1,1.0,2,0,0,0,0,9,1,0.0,5.0,2.03,2,0.1,0,1,0,0.1,1,0,1,15.0,1.0,0
52.95,1,0,2,0,0,2,5.0,1,1,2.0,2,0,0,1,0,3,0,0.0,5.0,5.042,2,74.8,0,1,0,0.0,1,0,1,21.0,2.0,0
77.96,1,0,2,0,0,5,5.0,1,1,3.0,1,0,0,0,0,3,0,0.0,7.0,4.04,2,72.56666667,0,1,0,71.61,0,0,1,20.0,2.0,1
71.22,1,0,5,0,0,2,5.0,1,1,2.0,2,0,4,1,0,3,0,4.0,11.0,5.06,6,85.0,0,1,0,83.88,0,0,1,30.0,2.0,1
70.65,0,0,5,0,0,3,5.0,1,1,1.0,2,0,4,0,0,9,0,0.0,9.0,2.04,6,201.1666667,1,1,1,198.52,0,0,1,20.0,1.0,2
66.35,1,0,5,2,0,5,5.0,1,1,2.0,2,0,4,0,0,4,0,0.0,4.0,3.0,6,213.3666667,1,1,0,210.56,0,0,1,22.41,2.0,2
75.62,1,0,2,0,0,0,5.0,0,0,3.0,0,0,0,0,0,1,1,0.0,4.0,4.04,2,105.2,0,0,0,103.82,0,0,2,20.0,1.0,1
84.87,1,0,5,0,0,2,5.0,1,1,2.0,2,0,4,0,0,8,0,0.0,6.0,3.0580000000000003,6,172.9666667,0,1,0,170.69,1,0,1,29.0,2.0,0
52.84,0,0,5,0,1,5,5.0,1,1,2.0,2,0,4,0,0,9,1,6.0,5.0,5.04,6,200.3333333,1,1,1,197.7,0,0,0,20.0,2.0,2
41.29,0,0,2,0,1,0,5.0,0,0,3.0,2,0,0,0,1,1,0,8.0,15.0,6.11,2,165.43333330000002,1,0,1,163.26,0,0,2,55.0,2.0,2
47.01,0,0,2,0,0,0,5.0,0,0,3.0,2,0,0,0,1,1,1,0.0,5.0,4.04,2,177.6333333,1,0,0,175.3,0,0,2,20.0,2.0,2
58.39,1,0,2,0,1,1,5.0,0,0,3.0,0,1,0,0,0,6,0,2.0,9.0,5.06,2,52.9,0,0,0,52.2,0,0,3,30.0,2.0,1
51.22,1,0,2,0,1,0,5.0,0,0,3.0,2,0,0,1,0,1,0,1.0,8.0,5.11,2,182.8333333,1,0,1,180.43,0,0,2,55.0,2.0,2
48.59,1,0,2,0,1,0,5.0,0,0,3.0,1,0,0,0,1,1,1,1.0,6.0,5.06,2,14.7,0,0,1,12.2,1,0,1,30.0,2.0,0
62.9,0,0,3,0,0,2,5.0,1,1,1.0,2,0,1,0,0,9,0,0.0,7.0,2.022,3,194.3666667,1,1,1,191.81,0,0,1,11.0,2.0,2
78.69,1,0,4,2,0,3,5.0,1,1,2.0,2,0,5,1,0,2,0,0.0,4.0,3.142,4,60.9,0,1,0,60.1,1,0,1,71.0,2.0,0
67.33,0,0,2,0,0,2,5.0,1,1,1.0,2,0,0,0,0,3,1,0.0,5.0,2.028,2,127.8333333,0,1,1,126.15,0,0,1,14.0,2.0,1
49.38,0,0,2,0,0,3,5.0,1,1,3.0,2,0,0,1,1,9,0,0.0,3.0,4.032,2,91.0,1,1,1,89.8,0,0,0,16.0,2.0,2
79.42,1,0,2,2,0,2,5.0,1,1,2.0,2,0,0,1,0,4,0,8.0,5.0,5.048,2,75.86666667,1,0,0,74.87,0,0,1,24.0,2.0,2
64.4,0,0,2,0,0,2,5.0,1,1,2.0,1,0,0,0,0,8,1,0.0,11.0,3.05,2,157.7333333,1,0,0,155.66,0,0,1,25.0,2.0,2
36.93,0,0,2,1,1,6,5.0,0,0,3.0,2,0,0,0,1,1,1,3.0,6.0,5.0,2,22.4,0,0,1,17.5,1,0,1,22.41,2.0,0
43.08,1,0,2,0,1,2,5.0,0,1,2.0,2,0,7,0,1,3,1,1.0,9.0,4.032,2,189.4333333,1,1,0,186.94,0,0,1,16.0,2.0,2
53.68,1,0,2,0,1,0,5.0,0,0,3.0,2,0,0,0,0,1,0,1.0,6.0,5.088,2,27.86666667,0,0,1,9.05,1,0,1,44.0,2.0,0
75.1,0,0,2,0,0,3,5.0,1,1,2.0,2,0,0,1,0,7,0,7.0,6.0,5.01,2,3.5,0,1,0,3.45,0,0,1,5.0,2.0,1
73.07,1,0,3,1,0,2,5.0,1,1,3.0,2,0,1,1,0,8,0,1.0,10.0,5.05,3,92.4,0,1,0,91.18,0,0,1,25.0,2.0,1
67.81,0,0,0,2,0,3,5.0,1,1,2.0,1,0,6,1,0,10,1,0.0,3.0,3.06,1,88.33333333,0,1,1,87.17,0,0,1,30.0,2.0,1
85.17,1,0,2,2,0,2,5.0,1,1,2.0,2,0,0,0,0,3,0,0.0,4.0,3.04,2,49.53333333,0,1,0,48.88,0,0,1,20.0,2.0,1
58.08,1,0,2,2,1,3,5.0,0,1,3.0,1,0,0,0,0,0,1,1.0,5.0,5.07,2,35.2,0,1,1,13.65,1,0,1,35.0,2.0,0
74.33,0,0,2,0,0,3,5.0,1,1,3.0,2,0,0,1,0,7,0,0.0,5.0,4.046,2,100.3,0,1,1,60.49,1,0,1,23.0,2.0,0
52.55,0,0,2,0,0,2,5.0,1,1,2.0,0,0,0,1,0,9,1,0.0,6.0,3.06,2,170.8666667,1,0,1,168.62,0,0,1,30.0,2.0,2
62.92,1,0,2,0,0,3,5.0,1,1,2.0,2,0,0,1,0,3,0,1.0,6.0,4.03,2,63.83333333,0,1,0,62.99,0,0,1,15.0,2.0,1
67.78,1,0,2,0,0,3,5.0,1,1,3.0,2,0,0,1,0,10,0,5.0,4.0,6.053999999999999,2,125.8666667,0,0,1,124.21,0,0,0,27.0,2.0,1
52.85,1,0,2,0,1,6,5.0,0,0,3.0,0,0,2,0,0,1,0,3.0,9.0,5.06,2,89.53333333,0,0,1,40.1,1,0,2,30.0,2.0,0
78.22,0,0,2,0,0,3,5.0,1,1,3.0,0,0,0,1,0,0,0,0.0,5.0,4.058,2,64.6,0,1,1,63.75,0,0,0,29.0,2.0,1
81.75,0,0,2,0,0,2,5.0,1,1,2.0,2,0,0,1,0,9,1,9.0,7.0,5.046,2,151.93333330000002,0,1,1,149.93,0,0,1,23.0,2.0,1
85.02,1,0,2,0,0,3,5.0,1,1,3.0,2,0,0,1,0,10,1,0.0,7.0,4.078,2,162.7666667,1,0,0,160.63,0,0,0,39.0,2.0,2
68.57,0,0,4,0,0,1,5.0,1,1,2.0,0,1,5,0,0,0,0,0.0,5.0,3.028,4,134.83333330000002,1,0,0,36.15,1,0,3,14.0,2.0,2
86.9,1,0,2,2,0,3,5.0,1,1,3.0,0,0,0,1,0,2,1,3.0,7.0,5.106,2,29.23333333,0,1,0,28.85,0,0,0,53.0,2.0,1
81.37,1,0,2,0,0,1,5.0,1,0,3.0,2,0,0,0,0,1,1,0.0,14.0,4.07,2,109.23333329999998,0,0,0,107.8,0,0,2,35.0,2.0,1
57.9,0,0,3,0,1,5,5.0,0,1,2.0,2,0,1,1,0,3,1,6.0,2.0,5.124,3,154.7,1,1,1,152.66,0,0,1,62.0,2.0,2
80.93,0,0,5,0,0,3,5.0,1,1,2.0,2,0,4,1,0,4,0,9.0,11.0,5.05,6,80.36666667,0,0,1,73.29,1,0,0,25.0,2.0,1
76.56,1,0,4,0,0,3,5.0,1,1,1.0,2,0,5,1,0,8,0,10.0,6.0,4.12,4,18.26666667,0,0,1,15.39,1,0,0,60.0,2.0,0
75.89,1,0,2,0,0,2,5.0,1,1,1.0,2,0,0,1,0,2,1,0.0,2.0,2.06,2,126.6666667,1,1,0,125.0,0,0,0,30.0,2.0,2
68.48,0,0,2,0,0,3,5.0,0,1,3.0,2,0,0,1,0,10,1,0.0,7.0,4.046,2,81.5,0,1,0,80.43,0,0,0,23.0,2.0,1
36.81,1,0,2,0,1,1,5.0,0,0,2.0,0,1,0,1,1,5,1,2.0,4.0,4.04,2,140.33333330000002,1,0,1,138.49,0,0,3,20.0,2.0,2
60.12,1,0,2,0,0,1,5.0,0,1,3.0,0,1,0,1,0,10,1,0.0,6.0,4.042,2,128.1,1,1,0,126.41,0,0,3,21.0,2.0,2
63.22,1,0,2,2,1,0,5.0,0,0,3.0,2,0,0,0,0,2,1,18.0,2.0,6.05,2,17.2,0,0,1,12.07,1,0,2,25.0,2.0,0
58.25,1,0,2,0,1,0,5.0,0,0,3.0,0,1,0,0,0,6,1,14.0,7.0,6.11,2,110.8666667,0,0,1,109.41,0,0,3,55.0,2.0,1
82.0,1,0,2,2,0,3,5.0,1,1,2.0,2,0,0,0,0,0,1,0.0,9.0,3.12,2,152.93333330000002,0,0,0,100.79,1,0,0,60.0,2.0,0
63.2,0,0,4,0,0,3,5.0,1,1,2.0,2,0,5,0,0,9,1,0.0,3.0,3.044,4,281.5,1,1,1,277.8,0,0,0,22.0,2.0,2
57.77,1,0,3,0,0,1,5.0,1,0,2.0,0,1,1,0,0,6,1,0.0,4.0,3.05,3,37.86666667,0,0,0,37.37,1,0,3,25.0,2.0,0
73.42,1,0,2,0,0,1,5.0,1,1,2.0,2,0,0,0,0,7,0,0.0,8.0,3.044,2,85.03333333,0,0,0,70.59,1,0,0,22.0,2.0,0
60.77,1,0,2,2,1,0,5.0,0,0,3.0,0,1,0,0,0,6,1,7.0,7.0,6.05,2,16.7,0,0,1,0.0,1,0,3,25.0,2.0,0
69.28,1,0,0,2,0,3,4.0,1,1,2.0,0,0,6,1,0,0,0,1.0,9.0,4.022,1,97.4,1,1,0,96.12,0,0,0,11.0,2.0,2
72.71,0,0,2,0,0,2,4.0,1,1,2.0,0,1,0,1,0,6,0,0.0,9.0,3.02,2,102.7,1,0,1,101.35,0,0,3,10.0,2.0,2
74.52,1,0,2,2,0,3,4.0,1,1,2.0,1,0,0,1,0,4,0,0.0,7.0,3.032,2,57.93333333,1,1,0,57.17,0,0,0,16.0,2.0,2
50.44,1,0,2,1,0,5,4.0,1,1,2.0,2,0,0,1,0,3,1,2.0,5.0,4.053999999999999,2,91.23333333,0,1,0,90.03,0,0,1,27.0,2.0,1
74.2,1,0,3,2,0,2,4.0,1,1,2.0,2,0,1,1,0,9,1,4.0,9.0,5.06,3,50.46666667,1,0,1,49.8,0,0,1,30.0,2.0,2
70.84,0,0,2,0,0,3,4.0,1,1,1.0,2,0,0,1,0,9,1,2.0,2.0,3.052,2,45.33333333,1,0,1,44.74,0,0,1,26.0,2.0,2
58.8,0,0,2,1,0,2,4.0,1,1,1.0,2,0,0,1,0,3,0,1.0,11.0,3.0380000000000003,2,109.9333333,1,1,1,108.49,0,0,1,19.0,2.0,2
54.44,1,0,2,0,1,0,4.0,0,0,3.0,0,0,0,0,0,1,0,1.0,7.0,5.034,2,58.6,1,0,1,57.83,0,0,2,17.0,2.0,2
69.94,1,0,2,0,0,6,4.0,0,0,3.0,2,0,0,0,0,5,1,0.0,2.0,4.048,2,50.9,0,0,0,50.23,0,0,2,24.0,2.0,1
68.28,0,0,2,0,1,0,4.0,0,0,3.0,2,0,0,0,0,1,1,2.0,3.0,5.053999999999999,2,54.76666667,0,0,1,18.85,1,0,2,27.0,2.0,0
70.25,1,0,2,2,0,2,4.0,1,1,1.0,2,0,0,1,0,8,1,0.0,7.0,2.046,2,74.03333333,1,1,0,73.06,0,0,1,23.0,2.0,2
68.9,1,0,5,2,0,3,4.0,1,1,3.0,0,0,4,1,0,10,0,0.0,3.0,4.08,6,70.06666667,0,1,1,69.14,0,0,0,40.0,2.0,1
60.96,0,0,2,0,1,0,4.0,0,0,3.0,2,0,0,0,0,1,0,0.0,5.0,4.04,2,19.83333333,0,0,1,12.47,1,0,2,20.0,2.0,0
30.53,0,0,2,0,0,2,4.0,1,1,1.0,2,0,0,1,1,9,1,0.0,5.0,2.036,2,46.43333333,1,1,1,45.82,0,0,1,18.0,2.0,2
67.57,0,0,5,0,0,0,4.0,1,1,3.0,2,0,4,1,0,0,0,1.0,16.0,5.038,6,68.7,1,1,1,67.8,0,0,0,19.0,2.0,2
63.79,0,0,2,0,0,3,4.0,1,1,3.0,2,0,0,1,0,9,1,0.0,3.0,4.05,2,78.16666667,1,1,1,77.14,0,0,0,25.0,2.0,2
36.63,0,0,5,0,1,6,4.0,0,0,3.0,2,0,4,0,1,1,1,1.0,5.0,5.053999999999999,6,135.33333330000002,1,0,1,133.55,0,0,2,27.0,2.0,2
72.12,1,0,2,2,1,1,4.0,0,1,2.0,2,0,0,0,0,10,1,3.0,5.0,4.08,2,86.53333333,0,0,1,84.57,1,0,0,40.0,2.0,0
68.44,1,0,2,2,0,3,4.0,1,1,2.0,2,0,0,1,0,3,0,0.0,8.0,3.042,2,80.73333333,0,1,0,79.67,0,0,1,21.0,2.0,1
44.47,1,0,2,2,1,1,4.0,0,0,3.0,0,1,0,0,1,6,0,2.0,10.0,5.053999999999999,2,71.63333333,0,0,0,38.68,1,0,3,27.0,2.0,0
70.61,1,0,2,0,0,3,4.0,1,1,2.0,2,0,0,1,0,9,0,0.0,7.0,3.068,2,85.5,1,1,0,84.38,0,0,0,34.0,2.0,2
66.66,1,0,2,0,1,6,4.0,0,0,3.0,2,0,0,0,0,1,1,2.0,6.0,5.08,2,27.96666667,0,0,1,6.38,1,0,2,40.0,2.0,0
54.92,1,0,2,0,0,3,4.0,1,1,3.0,2,0,0,1,0,0,0,0.0,9.0,4.0360000000000005,2,70.26666667,1,0,0,69.34,0,0,0,18.0,2.0,2
65.22,0,0,2,0,0,6,4.0,0,0,3.0,2,0,0,0,0,5,0,0.0,2.0,4.026,2,80.23333333,1,0,1,79.18,0,0,2,13.0,2.0,2
35.27,0,0,2,2,0,3,4.0,1,1,2.0,0,0,0,1,1,3,0,1.0,6.0,4.052,2,111.7,0,1,1,110.23,0,0,1,26.0,2.0,1
60.56,1,0,2,2,1,1,4.0,0,0,3.0,0,1,0,0,0,6,1,12.0,6.0,6.03,2,36.96666667,0,0,1,29.84,1,0,3,15.0,2.0,0
65.94,0,0,2,0,0,3,4.0,1,1,2.0,2,0,0,1,0,0,0,2.0,8.0,4.056,2,89.8,1,0,1,88.62,0,0,0,28.0,2.0,2
43.45,0,0,2,2,0,2,4.0,1,1,1.0,1,0,0,1,1,4,0,0.0,7.0,2.046,2,76.86666667,1,1,1,75.86,0,0,1,23.0,2.0,2
74.21,1,0,0,1,0,0,4.0,1,0,2.0,2,0,6,1,0,4,1,1.0,5.0,4.1,1,31.33333333,0,0,1,30.92,0,0,2,50.0,2.0,1
60.58,1,0,2,0,1,0,4.0,0,0,3.0,2,0,0,0,0,1,1,1.0,5.0,5.08,2,85.36666667,1,0,1,84.24,0,0,1,40.0,2.0,2
79.36,1,0,6,2,0,2,4.0,1,1,1.0,2,0,0,1,0,3,1,0.0,4.0,2.046,0,71.46666667,1,1,0,70.53,0,0,1,23.0,2.0,2
78.73,1,0,2,2,0,2,4.0,1,1,2.0,2,0,0,1,0,3,1,0.0,3.0,3.0860000000000003,2,75.1,1,1,0,74.11,0,0,1,43.0,2.0,2
45.3,1,0,2,2,1,1,4.0,0,0,3.0,0,1,0,0,1,6,1,13.0,4.0,6.1,2,32.06666667,0,0,1,14.93,1,0,3,50.0,2.0,0
54.48,1,0,2,0,1,0,4.0,0,0,3.0,2,0,0,0,0,1,0,2.0,4.0,5.0360000000000005,2,120.4333333,1,0,1,118.85,0,0,2,18.0,2.0,2
68.74,0,0,2,2,0,2,4.0,1,1,1.0,2,0,0,0,0,9,0,0.0,3.0,2.03,2,86.4,1,1,1,85.26,0,0,1,15.0,2.0,2
57.62,0,0,2,0,1,0,4.0,0,0,3.0,2,0,0,0,0,1,1,1.0,16.0,5.044,2,81.03333333,1,0,1,79.97,0,0,2,22.0,2.0,2
78.19,1,0,5,2,0,0,4.0,1,0,2.0,2,0,4,1,0,4,0,1.0,2.0,4.124,6,49.2,0,0,0,47.4,1,0,2,62.0,2.0,0
81.32,0,0,2,2,0,2,4.0,1,1,2.0,2,0,0,1,0,4,0,1.0,6.0,4.044,2,71.83333333,1,0,0,70.89,0,0,1,22.0,2.0,2
79.48,1,0,3,2,0,2,4.0,1,1,3.0,2,0,1,1,0,3,1,0.0,16.0,1.05,3,101.9666667,0,1,0,100.63,0,0,1,25.0,2.0,1
61.72,0,0,2,2,0,3,4.0,1,1,1.0,2,0,0,1,0,9,0,1.0,11.0,3.052,2,88.5,1,1,1,87.34,0,0,0,26.0,2.0,2
72.65,1,0,2,0,0,6,4.0,1,1,3.0,2,0,0,1,0,4,1,0.0,7.0,4.0360000000000005,2,91.53333333,1,1,1,90.33,0,0,1,18.0,2.0,2
67.24,0,0,2,1,0,6,4.0,1,1,2.0,2,0,0,1,0,4,1,0.0,4.0,3.03,2,86.83333333,1,1,1,85.69,0,0,1,15.0,2.0,2
61.39,0,0,2,0,0,1,4.0,0,0,2.0,2,0,0,1,0,5,1,0.0,3.0,3.04,2,94.93333333,0,0,1,92.17,1,0,2,20.0,2.0,0
76.02,0,0,2,2,0,1,4.0,1,1,2.0,0,1,0,1,0,7,0,0.0,8.0,3.0460000000000003,2,146.4,0,0,1,144.47,0,0,0,23.0,2.0,1
36.27,0,0,2,0,0,1,4.0,1,1,2.0,2,0,0,1,1,0,1,0.0,5.0,3.028,2,88.46666667,1,0,1,87.3,0,0,0,14.0,2.0,2
48.75,0,0,2,0,0,0,4.0,0,0,3.0,2,0,0,0,1,5,1,0.0,7.0,4.0360000000000005,2,102.0333333,1,0,1,100.69,0,0,2,18.0,2.0,2
64.99,0,0,2,2,1,1,4.0,1,1,2.0,0,1,0,1,0,6,1,1.0,5.0,4.045,2,65.13333333,0,1,1,53.62,1,0,0,22.5,2.0,0
63.44,0,0,2,0,0,1,4.0,1,1,2.0,2,0,0,1,0,7,0,0.0,4.0,3.04,2,85.93333333,0,0,1,72.37,1,0,0,20.0,2.0,0
45.45,0,0,2,0,0,6,4.0,0,0,3.0,2,0,0,0,1,10,1,0.0,3.0,4.0358,2,106.1333333,1,0,1,104.74,0,0,2,17.9,2.0,2
45.64,0,0,2,0,0,2,4.0,1,1,3.0,2,0,0,0,1,4,0,0.0,6.0,4.029,2,122.1333333,1,1,1,120.53,0,0,0,14.5,2.0,2
73.74,1,0,3,1,1,6,4.0,1,0,3.0,2,0,1,1,0,1,0,2.0,5.0,5.0256,3,30.43333333,0,1,0,22.63,1,0,2,12.8,2.0,0
54.87,1,0,2,1,0,0,4.0,0,0,3.0,2,0,0,0,0,1,0,0.0,6.0,4.052,2,9.133333333,0,0,0,2.8,1,0,1,26.0,2.0,0
71.82,1,0,2,2,0,2,4.0,1,1,2.0,2,0,0,1,0,3,1,7.0,20.0,5.042,2,117.0,1,1,0,115.46,0,0,1,21.0,2.0,2
72.81,1,0,2,0,1,5,4.0,0,0,2.0,2,0,0,1,0,5,0,2.0,8.0,4.044,2,43.83333333,0,0,0,43.26,1,0,1,22.0,2.0,0
45.81,1,0,2,2,0,5,4.0,1,1,3.0,2,0,0,1,1,3,0,4.0,7.0,3.054,2,122.5,1,1,0,120.89,0,0,1,27.0,2.0,2
50.55,1,0,6,0,1,1,4.0,0,0,3.0,0,1,0,0,0,6,0,23.0,6.0,6.047999999999999,0,119.3333333,1,0,1,117.76,0,0,3,24.0,2.0,2
69.25,1,0,3,0,0,2,4.0,1,1,1.0,1,0,1,1,0,3,0,6.0,4.0,4.1,3,112.6666667,0,0,1,62.47,1,0,1,50.0,2.0,1
61.6,0,0,2,2,0,5,4.0,1,1,2.0,2,0,0,1,0,4,0,0.0,4.0,3.04,2,96.76666667,0,0,1,95.49,0,0,1,20.0,2.0,1
63.77,0,0,2,0,0,2,4.0,1,1,1.0,2,0,0,1,0,3,0,1.0,5.0,3.032,2,95.86666667,1,1,1,94.61,0,0,1,16.0,2.0,2
76.77,0,0,2,0,0,2,4.0,1,1,3.0,2,0,0,1,0,3,0,0.0,7.0,4.04,2,86.6,1,1,1,85.46,0,0,1,20.0,2.0,2
45.35,0,0,2,2,0,3,4.0,1,1,2.0,2,0,0,0,1,10,0,0.0,6.0,3.0380000000000003,2,107.8666667,1,1,1,106.45,0,0,0,19.0,2.0,2
64.24,0,0,2,1,1,1,4.0,0,0,3.0,0,0,0,0,0,3,1,1.0,7.0,5.037,2,89.76666667,1,0,1,88.59,0,0,1,18.5,2.0,2
69.64,1,0,2,1,0,1,4.0,0,0,2.0,0,1,0,1,0,6,0,0.0,4.0,3.031,2,105.0,1,0,0,103.62,0,0,3,15.5,2.0,2
58.95,0,0,2,0,0,1,4.0,1,1,3.0,0,1,0,1,0,10,0,0.0,7.0,4.052,2,98.46666667,1,0,1,97.17,0,0,3,26.0,2.0,2
67.6,0,0,2,2,0,1,4.0,1,0,3.0,0,1,0,1,0,6,0,0.0,14.0,4.043,2,114.6,1,0,1,113.09,0,0,3,21.5,2.0,2
68.76,1,0,2,0,0,1,4.0,1,1,3.0,0,0,0,1,0,10,0,2.0,6.0,5.004,2,108.0666667,1,1,0,106.64,0,0,0,2.0,2.0,2
27.56,0,0,3,2,0,1,4.0,1,1,3.0,2,0,1,0,1,3,0,0.0,22.0,4.0360000000000005,3,102.0666667,1,1,1,100.72,0,0,0,18.0,2.0,2
71.24,1,0,5,2,0,3,4.0,1,1,2.0,0,0,4,1,0,0,0,14.0,8.0,5.13,6,52.33333333,0,1,1,30.76,1,0,0,65.0,2.0,0
54.69,1,0,2,0,1,0,4.0,0,0,3.0,0,1,0,0,0,6,0,13.0,5.0,6.04,2,137.93333330000002,0,0,0,136.12,0,0,3,20.0,2.0,1
51.36,1,0,2,1,0,5,4.0,1,1,1.0,2,0,0,1,0,4,1,0.0,4.0,2.036,2,108.1666667,1,0,0,106.74,0,0,1,18.0,2.0,2
64.4,1,0,5,0,0,3,4.0,1,1,2.0,0,0,4,1,0,0,1,0.0,5.0,3.032,6,111.6333333,1,0,0,110.16,0,0,0,16.0,2.0,2
56.13,1,0,2,2,0,2,4.0,1,1,2.0,2,0,0,1,0,8,0,0.0,6.0,3.044,2,142.66666669999998,0,1,0,140.79,0,0,1,22.0,2.0,1
37.89,0,0,2,0,0,2,4.0,1,1,2.0,2,0,0,1,1,3,1,5.0,6.0,5.034,2,101.2666667,1,1,1,99.93,0,0,1,17.0,2.0,2
74.8,1,0,2,2,0,6,4.0,0,0,3.0,2,0,0,1,0,1,0,0.0,6.0,4.1,2,4.166666667,0,0,1,3.95,1,0,2,50.0,2.0,0
70.3,1,0,2,1,0,6,4.0,1,1,2.0,2,0,0,1,0,4,1,1.0,5.0,4.06,2,91.06666667,1,0,0,89.87,0,0,2,30.0,2.0,2
64.01,1,0,2,0,0,2,4.0,1,1,1.0,2,0,0,1,0,9,1,0.0,5.0,2.0340000000000003,2,91.23333333,1,1,0,90.03,0,0,1,17.0,2.0,2
69.12,0,0,2,2,0,6,4.0,0,0,3.0,2,0,0,1,0,1,1,0.0,6.0,4.056,2,140.2333333,1,0,1,138.39,0,0,2,28.0,2.0,2
57.07,0,0,2,0,1,1,4.0,0,0,3.0,0,1,0,0,0,6,1,1.0,2.0,5.04,2,98.26666667,1,0,1,96.97,0,0,3,20.0,2.0,2
50.42,0,0,2,0,1,3,4.0,1,1,2.0,2,0,0,1,0,10,0,0.0,8.0,3.052,2,105.46666670000002,1,1,1,104.08,0,0,0,26.0,2.0,2
74.07,1,0,6,0,0,0,4.0,0,0,3.0,0,1,0,1,0,1,1,0.0,4.0,4.12,0,116.53333329999998,1,0,0,115.0,0,0,2,60.0,2.0,2
60.5,1,0,2,1,0,5,4.0,1,1,2.0,2,0,0,1,0,8,0,3.0,3.0,4.06,2,110.1,1,1,1,87.47,1,0,1,30.0,2.0,2
70.52,0,0,5,0,0,3,4.0,1,1,2.0,2,0,4,1,0,10,0,2.0,2.0,4.0360000000000005,6,123.53333329999998,1,1,1,121.91,0,0,0,18.0,2.0,2
66.61,0,0,2,0,1,0,4.0,0,0,3.0,2,0,0,1,0,1,0,3.0,6.0,5.0280000000000005,2,5.066666667,0,0,1,5.0,0,0,1,14.0,2.0,1
72.05,1,0,2,2,0,1,4.0,1,1,3.0,0,1,0,1,0,6,0,2.0,9.0,5.05,2,123.53333329999998,1,0,0,121.91,0,0,3,25.0,2.0,2
47.7,0,0,2,2,1,6,4.0,0,0,3.0,0,0,0,0,1,1,1,1.0,10.0,5.0360000000000005,2,118.9,1,0,1,117.34,0,0,2,18.0,2.0,2
48.52,0,0,2,0,1,0,4.0,0,0,3.0,2,0,0,0,1,1,0,3.0,4.0,5.034,2,109.76666670000002,1,0,1,108.32,0,0,2,17.0,2.0,2
55.71,0,0,2,0,0,2,4.0,1,1,1.0,1,0,0,1,0,8,0,4.0,3.0,4.0360000000000005,2,110.26666670000002,1,1,1,108.82,0,0,1,18.0,2.0,2
55.67,0,0,5,0,0,1,4.0,0,1,1.0,2,0,4,1,0,0,0,0.0,10.0,2.04,6,122.4,1,1,1,120.79,0,0,0,20.0,2.0,2
76.25,1,0,2,2,1,2,4.0,1,1,1.0,2,0,0,1,0,3,1,2.0,3.0,3.0338,2,125.8333333,0,1,0,77.01,1,0,1,16.9,2.0,1
60.75,0,0,2,2,0,3,4.0,1,1,3.0,2,0,0,1,0,10,0,0.0,3.0,4.0488,2,113.3666667,1,1,1,111.88,0,0,0,24.4,2.0,2
74.64,0,0,2,0,0,2,4.0,1,1,1.0,2,0,0,1,0,9,1,0.0,3.0,2.05,2,115.6333333,1,0,1,114.11,0,0,0,25.0,2.0,2
48.27,0,0,2,0,0,2,4.0,1,1,2.0,2,0,0,1,1,3,0,1.0,6.0,4.025,2,124.0,1,1,1,122.37,0,0,1,12.5,2.0,2
60.09,1,0,2,0,1,3,4.0,1,1,3.0,2,0,0,1,0,9,0,2.0,10.0,2.0806,2,65.16666667,0,0,0,41.58,1,0,0,40.3,2.0,0
80.31,1,0,2,0,0,3,4.0,1,1,2.0,2,0,0,1,0,10,1,2.0,5.0,4.0760000000000005,2,163.16666669999998,0,1,1,161.02,0,0,0,38.0,2.0,1
70.56,0,0,2,0,0,3,4.0,1,1,3.0,2,0,0,1,0,9,0,2.0,3.0,5.056,2,156.33333330000002,0,1,1,154.28,0,0,0,28.0,2.0,1
49.16,0,0,3,1,0,2,4.0,1,1,2.0,2,0,1,1,1,3,1,0.0,5.0,3.031,3,124.26666670000002,1,1,1,122.63,0,0,1,15.5,2.0,2
73.16,1,0,5,2,0,3,4.0,1,1,1.0,2,0,4,1,0,3,0,1.0,6.0,3.04,6,104.1,0,1,0,102.73,0,0,0,20.0,2.0,1
59.93,0,0,2,2,0,6,4.0,1,1,3.0,2,0,0,1,0,7,1,2.0,3.0,5.038,2,122.8333333,0,0,1,121.22,0,0,2,19.0,2.0,1
80.13,1,0,2,1,0,2,4.0,1,1,1.0,2,0,0,1,0,2,1,18.0,7.0,4.058,2,37.5,0,1,0,37.01,1,0,1,29.0,2.0,0
67.85,1,0,2,2,0,2,4.0,1,1,3.0,2,0,0,1,0,9,0,3.0,11.0,5.06,2,56.93333333,0,0,0,42.86,1,0,0,30.0,2.0,0
67.27,1,0,2,0,0,3,4.0,1,1,3.0,0,0,0,1,0,2,0,16.0,6.0,6.037999999999999,2,117.53333329999998,1,1,0,115.99,0,0,0,19.0,2.0,2
52.12,1,0,2,2,0,0,4.0,1,1,3.0,2,0,0,1,0,0,0,5.0,3.0,6.1,2,30.16666667,0,1,0,29.77,1,0,0,50.0,2.0,0
40.74,1,0,2,1,1,3,4.0,1,1,3.0,2,0,0,0,1,2,0,0.0,2.0,4.08,2,64.7,0,1,0,37.57,1,0,0,40.0,2.0,0
66.04,1,0,2,2,0,2,4.0,1,1,1.0,2,0,0,1,0,8,0,0.0,6.0,2.02,2,136.7,0,1,0,134.9,0,0,1,10.0,2.0,1
55.57,0,0,2,0,0,0,4.0,0,0,3.0,2,0,0,1,0,1,0,0.0,8.0,4.032,2,123.26666670000002,1,0,1,121.64,0,0,2,16.0,2.0,2
80.56,1,0,2,0,0,1,4.0,1,1,3.0,0,1,0,1,0,6,0,0.0,5.0,4.14,2,141.7333333,0,0,1,139.87,0,0,3,70.0,2.0,1
77.17,1,0,2,0,0,3,4.0,1,1,2.0,2,0,0,1,0,9,0,1.0,11.0,4.08,2,33.36666667,0,0,0,24.97,1,0,0,40.0,2.0,0
70.15,1,0,2,2,0,2,4.0,1,1,2.0,2,0,0,1,0,9,0,0.0,2.0,3.04,2,140.56666669999998,1,1,0,138.72,0,0,1,20.0,2.0,2
54.53,0,0,2,0,1,0,4.0,0,0,3.0,2,0,0,1,0,1,0,2.0,8.0,5.046,2,128.36666670000002,1,0,1,126.68,0,0,2,23.0,2.0,2
49.02,1,0,2,1,1,6,4.0,0,0,3.0,2,0,0,1,1,1,0,4.0,3.0,6.0760000000000005,2,88.83333333,0,0,1,87.66,0,0,2,38.0,2.0,1
83.39,1,0,2,2,0,0,4.0,1,1,3.0,2,0,0,1,0,4,0,1.0,5.0,5.06,2,29.9,0,0,0,29.51,0,0,0,30.0,2.0,1
56.97,1,0,2,2,0,2,4.0,1,1,1.0,0,0,0,1,0,0,0,0.0,7.0,2.072,2,137.66666669999998,1,1,0,135.86,0,0,1,36.0,2.0,2
71.16,1,0,2,0,0,2,4.0,1,1,2.0,2,0,0,1,0,8,0,1.0,3.0,4.04,2,139.6,1,1,0,137.76,0,0,0,20.0,2.0,2
52.43,0,0,2,2,0,5,4.0,1,1,3.0,2,0,0,1,0,10,0,0.0,2.0,3.0380000000000003,2,135.33333330000002,1,1,1,133.55,0,0,0,19.0,2.0,2
71.05,1,0,6,0,0,2,4.0,1,1,2.0,0,1,0,1,0,6,0,0.0,5.0,3.042,0,60.26666667,0,1,0,59.47,0,0,3,21.0,2.0,1
72.28,0,0,2,0,0,3,4.0,1,1,3.0,0,0,0,1,0,10,0,3.0,5.0,5.062,2,102.9666667,0,0,1,101.61,1,0,1,31.0,2.0,0
58.04,1,0,2,2,0,3,4.0,1,1,3.0,2,0,0,1,0,9,1,1.0,14.0,5.042,2,134.7333333,1,0,0,132.96,0,0,0,21.0,2.0,2
69.06,1,0,2,2,0,3,4.0,1,1,2.0,2,0,0,1,0,8,0,0.0,2.0,3.0380000000000003,2,131.6,1,1,0,129.87,0,0,1,19.0,2.0,2
71.41,0,0,3,0,0,3,4.0,1,1,3.0,2,0,1,1,0,0,1,2.0,8.0,5.0360000000000005,3,23.83333333,0,0,1,22.5,1,0,0,18.0,2.0,0
56.93,0,0,2,1,1,1,4.0,0,0,3.0,0,1,0,1,0,6,0,16.0,7.0,6.0520000000000005,2,26.73333333,0,0,1,14.28,1,0,3,26.0,2.0,0
64.24,0,0,2,2,0,2,4.0,1,1,3.0,2,0,0,1,0,4,0,0.0,3.0,2.042,2,179.8,1,0,1,177.43,0,0,1,21.0,2.0,2
68.16,0,0,2,0,0,3,4.0,1,1,3.0,2,0,0,1,0,9,0,0.0,3.0,4.044,2,123.0,0,1,1,121.38,0,0,0,22.0,2.0,1
58.27,1,0,2,2,0,3,4.0,1,1,3.0,2,0,0,1,0,9,1,5.0,8.0,6.12,2,90.8,0,0,0,53.16,1,0,0,60.0,2.0,0
78.16,1,0,2,0,0,2,4.0,1,1,2.0,2,0,0,1,0,8,0,0.0,8.0,3.0236,2,138.56666669999998,1,1,0,136.74,0,0,1,11.8,2.0,2
55.52,1,0,2,0,0,3,4.0,1,1,2.0,2,0,0,1,0,2,1,0.0,2.0,3.026,2,175.9,0,1,0,137.8,1,0,0,13.0,2.0,1
61.38,0,0,2,0,0,1,4.0,0,0,3.0,0,1,0,1,0,6,0,0.0,1.0,4.0680000000000005,2,186.3666667,1,0,1,183.91,0,0,3,34.0,2.0,2
59.34,0,0,2,0,0,3,4.0,1,1,3.0,2,0,0,1,0,9,1,0.0,4.0,4.045,2,102.6333333,0,1,1,101.28,0,0,0,22.5,2.0,1
44.42,0,0,2,0,1,0,4.0,0,0,3.0,2,0,0,0,1,1,1,2.0,9.0,5.05,2,138.33333330000002,1,0,1,136.51,0,0,2,25.0,2.0,2
76.98,1,0,5,0,0,3,4.0,1,1,3.0,2,0,4,1,0,7,1,0.0,6.0,4.06,6,168.6,0,1,0,166.38,0,0,0,30.0,2.0,1
62.97,1,0,6,1,1,2,4.0,1,1,3.0,2,0,0,1,0,9,0,0.0,5.0,6.26,0,19.0,0,1,1,7.11,1,0,0,130.0,2.0,0
66.52,1,0,2,2,0,3,4.0,1,1,3.0,2,0,0,1,0,10,0,14.0,5.0,6.1,2,44.63333333,0,0,1,39.7,1,0,0,50.0,2.0,1
70.88,1,0,2,0,0,3,4.0,1,1,3.0,2,0,0,0,0,3,1,0.0,5.0,4.074,2,128.96666670000002,1,0,0,127.27,0,0,0,37.0,2.0,2
59.06,1,0,2,0,0,0,4.0,1,0,3.0,2,0,0,1,0,1,0,0.0,9.0,4.042,2,144.43333330000002,1,0,0,142.53,0,0,2,21.0,2.0,2
62.13,1,0,2,0,0,1,4.0,1,1,3.0,0,0,0,1,0,10,0,0.0,4.0,4.0360000000000005,2,195.8,0,0,0,193.22,0,0,0,18.0,2.0,1
74.11,1,0,2,0,0,1,4.0,1,1,2.0,2,0,0,1,0,9,1,0.0,12.0,3.05,2,142.8,1,0,0,140.92,0,0,0,25.0,2.0,2
77.54,1,0,2,0,0,0,4.0,0,0,3.0,2,0,0,1,0,1,1,0.0,14.0,4.0652,2,108.46666670000002,0,0,0,107.04,0,0,2,32.6,2.0,1
41.14,0,0,2,0,1,0,4.0,0,0,3.0,2,0,0,0,1,1,0,1.0,5.0,5.0344,2,149.7666667,1,0,1,147.8,0,0,2,17.2,2.0,2
56.86,1,0,2,0,0,3,4.0,1,1,2.0,2,0,0,1,0,9,1,2.0,7.0,4.038,2,219.6333333,1,1,1,129.87,1,0,0,19.0,2.0,2
50.73,1,0,2,0,1,6,4.0,0,0,3.0,2,0,0,0,0,5,0,16.0,6.0,6.058,2,46.43333333,0,0,0,31.78,1,0,2,29.0,2.0,0
60.45,0,0,2,0,1,0,4.0,0,0,3.0,2,0,0,1,0,1,0,0.0,3.0,4.0680000000000005,2,21.93333333,0,0,1,9.8,1,0,1,34.0,2.0,0
51.34,0,0,2,0,0,1,4.0,1,1,3.0,0,0,0,1,0,10,0,0.0,11.0,4.046,2,148.06666669999998,1,1,1,146.12,0,0,0,23.0,2.0,2
47.67,0,0,2,1,0,2,4.0,1,1,2.0,0,0,0,0,1,7,0,5.0,3.0,5.092,2,121.53333329999998,1,1,1,119.93,0,0,0,46.0,2.0,2
59.84,0,0,2,2,0,2,4.0,1,1,1.0,2,0,0,1,0,3,1,0.0,2.0,2.0276,2,140.2,1,1,1,138.36,0,0,1,13.8,2.0,2
43.81,1,0,2,2,1,2,4.0,0,1,2.0,2,0,0,1,1,3,0,15.0,3.0,5.06,2,52.63333333,0,1,0,50.92,1,0,1,30.0,2.0,0
49.13,0,0,2,0,0,2,4.0,1,1,1.0,2,0,0,1,1,3,0,2.0,5.0,3.0314,2,211.4,1,1,1,208.62,0,0,1,15.7,2.0,2
28.78,0,0,2,0,1,0,4.0,0,0,3.0,2,0,0,0,1,1,0,1.0,7.0,5.364,2,147.16666669999998,1,0,1,145.23,0,0,2,182.0,2.0,2
43.26,1,0,2,0,0,1,4.0,1,1,2.0,2,0,0,1,1,9,0,0.0,5.0,3.17,2,141.0333333,1,1,1,139.18,0,0,1,85.0,2.0,2
60.33,1,0,2,1,0,2,4.0,1,1,3.0,2,0,0,1,0,8,1,0.0,9.0,4.05,2,150.5,1,1,0,148.52,0,0,1,25.0,2.0,2
58.56,0,0,2,0,0,2,4.0,1,1,2.0,2,0,0,1,0,4,0,0.0,15.0,3.04,2,155.4,1,0,1,153.36,0,0,1,20.0,2.0,2
71.82,0,0,2,0,0,3,4.0,1,1,3.0,2,0,0,1,0,10,1,3.0,7.0,5.062,2,160.4,0,1,1,158.29,0,0,0,31.0,2.0,1
62.7,1,0,2,0,0,3,4.0,1,1,2.0,2,0,0,1,0,9,1,3.0,3.0,4.0366,2,149.3,1,1,0,131.88,1,0,0,18.3,2.0,2
67.4,1,0,3,0,0,2,4.0,1,1,2.0,2,0,1,1,0,9,1,0.0,5.0,3.0432,3,63.53333333,0,0,0,62.7,0,0,0,21.6,2.0,1
60.63,0,0,2,0,0,3,4.0,1,1,3.0,2,0,0,1,0,7,1,0.0,6.0,4.04,2,140.7666667,1,0,1,138.91,0,0,0,20.0,2.0,2
50.51,0,0,2,0,0,2,4.0,1,1,2.0,2,0,0,1,0,9,1,1.0,2.0,4.057,2,194.4,0,1,1,191.84,0,0,0,28.5,2.0,1
63.09,0,0,2,0,0,3,4.0,1,1,3.0,0,0,0,1,0,0,0,1.0,6.0,5.042,2,157.5333333,1,0,1,155.46,0,0,0,21.0,2.0,2
58.26,1,0,2,2,1,1,4.0,1,1,3.0,2,0,0,1,0,10,0,0.0,6.0,4.053999999999999,2,49.46666667,0,0,0,33.52,1,0,0,27.0,2.0,0
70.76,0,0,2,0,0,2,4.0,1,1,2.0,2,0,0,1,0,9,0,8.0,9.0,5.0324,2,125.03333329999998,0,1,1,123.39,1,0,1,16.2,2.0,0
48.92,1,0,2,0,0,3,4.0,1,1,2.0,2,0,0,0,1,8,0,6.0,15.0,5.066,2,4.866666667,1,1,0,4.8,0,0,0,33.0,2.0,2
49.35,0,0,2,2,1,5,4.0,0,0,2.0,0,1,0,1,1,6,0,0.0,7.0,3.0046,2,146.83333330000002,0,0,1,79.93,1,0,3,2.3,2.0,0
68.45,0,0,6,0,0,3,4.0,1,1,3.0,2,0,0,1,0,8,0,0.0,5.0,1.05,0,188.1666667,0,1,1,185.69,0,0,1,25.0,2.0,1
58.75,0,0,2,0,1,3,4.0,1,1,2.0,1,0,0,1,0,0,1,1.0,1.0,4.042,2,143.6,0,0,1,88.19,1,0,1,21.0,2.0,0
76.65,1,0,2,2,0,3,4.0,1,1,3.0,0,0,0,1,0,7,0,0.0,3.0,4.0304,2,87.46666667,0,1,0,86.32,0,0,0,15.2,2.0,1
63.71,0,0,2,0,1,3,4.0,1,1,2.0,2,0,0,1,0,2,0,0.0,5.0,3.043,2,46.66666667,0,0,0,28.72,1,0,0,21.5,2.0,0
72.99,1,0,3,2,0,2,4.0,1,1,2.0,2,0,1,1,0,9,0,0.0,3.0,3.05,3,80.43333333,0,1,0,79.38,0,0,1,25.0,2.0,1
67.99,1,0,2,0,0,1,4.0,1,1,3.0,2,0,0,1,0,10,1,4.0,5.0,6.15,2,107.1,0,1,1,100.66,1,0,0,75.0,2.0,0
70.58,1,0,2,0,0,3,4.0,1,1,2.0,2,0,0,1,0,9,1,1.0,7.0,4.04,2,187.8666667,0,1,0,185.39,0,0,0,20.0,2.0,1
67.89,1,0,2,0,0,0,4.0,1,1,3.0,2,0,0,1,0,7,0,0.0,4.0,4.08,2,16.73333333,0,1,0,14.57,1,0,0,40.0,2.0,0
81.14,1,0,2,0,0,3,4.0,1,1,2.0,2,0,0,1,0,9,0,1.0,4.0,4.04,2,76.0,0,0,0,75.0,0,0,0,20.0,2.0,1
71.69,0,0,2,2,0,3,4.0,1,1,3.0,2,0,0,1,0,9,0,0.0,7.0,4.046,2,97.6,0,1,1,96.32,0,0,0,23.0,2.0,1
62.07,0,0,2,0,0,6,4.0,1,0,2.0,2,0,0,1,0,3,1,0.0,4.0,3.032,2,163.43333330000002,1,1,1,161.28,0,0,2,16.0,2.0,2
38.17,0,0,2,2,1,0,4.0,0,0,3.0,2,0,0,1,1,1,0,2.0,15.0,5.05,2,166.0333333,1,0,1,163.85,0,0,2,25.0,2.0,2
43.28,1,0,2,0,1,1,4.0,0,0,3.0,0,1,0,1,1,0,1,1.0,4.0,2.06,2,55.73333333,0,0,1,14.74,1,0,2,30.0,2.0,0
48.83,1,0,2,0,1,0,4.0,0,0,3.0,2,0,0,1,1,1,0,9.0,4.0,6.0622,2,45.93333333,0,0,1,11.68,1,0,2,31.1,2.0,0
62.26,1,0,3,0,0,2,4.0,1,1,3.0,0,0,1,1,0,3,0,0.0,3.0,4.0286,3,52.5,0,1,0,51.81,0,0,1,14.3,2.0,1
60.15,0,0,2,2,0,6,4.0,1,1,2.0,2,0,2,1,0,4,0,2.0,6.0,4.031000000000001,2,208.9666667,0,0,1,206.22,0,0,1,15.5,2.0,1
79.23,1,0,3,2,0,3,4.0,1,1,2.0,2,0,1,1,0,4,0,0.0,1.0,3.04,3,207.4666667,0,1,0,204.74,0,0,1,20.0,2.0,1
62.61,0,0,2,1,0,2,4.0,1,1,3.0,2,0,0,0,0,3,1,0.0,5.0,1.02,2,90.4,0,1,1,89.21,0,0,1,10.0,2.0,1
57.87,0,0,3,2,0,2,4.0,1,1,1.0,2,0,1,1,0,3,0,2.0,5.0,3.0252,3,165.43333330000002,1,1,1,163.26,0,0,1,12.6,2.0,2
60.07,1,0,2,0,0,2,4.0,1,1,1.0,2,0,0,1,0,9,0,1.0,3.0,3.025,2,165.2,1,1,1,106.94,1,0,1,12.5,2.0,2
70.97,0,0,2,2,0,3,4.0,1,1,2.0,2,0,0,1,0,9,0,0.0,8.0,3.0502,2,183.2,0,1,1,1.61,1,0,1,25.1,2.0,1
49.61,1,0,2,0,1,0,4.0,0,0,3.0,0,0,0,1,1,1,0,3.0,5.0,5.0760000000000005,2,55.0,0,0,1,40.46,1,0,1,38.0,2.0,0
67.88,1,0,2,0,1,3,4.0,1,1,3.0,0,0,0,1,0,7,0,3.0,4.0,5.0352,2,53.36666667,0,0,0,41.71,1,0,0,17.6,2.0,0
72.66,1,0,2,2,0,5,4.0,1,1,2.0,2,0,0,1,0,3,0,0.0,2.0,3.034,2,63.2,0,0,0,62.27,1,0,0,17.0,2.0,1
58.92,1,0,2,1,0,5,4.0,1,1,2.0,0,0,0,1,0,8,0,6.0,7.0,5.07,2,239.1666667,1,1,0,236.02,0,0,1,35.0,2.0,2
73.52,1,0,5,0,0,2,4.0,1,1,3.0,2,0,4,1,0,9,1,1.0,7.0,5.058,6,111.6,0,1,0,110.13,0,0,0,29.0,2.0,1
51.45,0,0,2,2,0,2,4.0,1,1,2.0,2,0,0,1,0,3,0,0.0,8.0,3.03,2,182.6,1,1,1,180.2,0,0,0,15.0,2.0,2
68.41,1,0,2,2,0,2,4.0,1,1,3.0,2,0,0,0,0,4,0,0.0,8.0,1.0759999999999998,2,199.0333333,0,1,0,196.41,0,0,1,38.0,2.0,1
58.37,1,0,2,0,0,2,4.0,1,1,2.0,2,0,0,0,0,9,1,0.0,4.0,3.00424,2,177.6,1,1,0,175.26,0,0,1,2.12,2.0,2
74.76,1,0,2,2,0,1,4.0,1,1,2.0,2,0,0,1,0,9,0,0.0,6.0,3.0426,2,222.0333333,0,1,0,219.11,0,0,1,21.3,2.0,1
63.43,0,0,2,0,0,3,4.0,1,1,3.0,2,0,0,1,0,7,0,0.0,4.0,4.016,2,222.2,1,0,1,219.28,0,0,0,8.0,2.0,2
62.45,1,0,0,0,0,2,4.0,1,1,2.0,0,0,6,1,0,9,0,2.0,12.0,4.04,1,170.8,1,1,0,168.55,0,0,1,20.0,2.0,2
51.46,0,0,6,2,0,3,4.0,1,1,2.0,0,0,0,1,0,9,0,5.0,1.0,5.04464,0,201.4666667,0,1,1,129.38,1,0,1,22.32,2.0,1
77.37,1,0,2,2,0,4,4.0,1,1,2.0,0,0,0,1,0,10,0,8.0,10.0,5.0360000000000005,2,23.93333333,0,1,0,21.18,1,0,0,18.0,2.0,0
71.11,1,0,2,0,0,1,4.0,1,1,3.0,2,0,0,1,0,9,0,0.0,7.0,4.053999999999999,2,23.26666667,0,0,0,10.13,1,0,0,27.0,2.0,0
47.85,1,0,2,2,0,3,4.0,1,1,2.0,2,0,0,0,1,8,0,1.0,9.0,4.046,2,171.1,1,1,0,168.85,0,0,1,23.0,2.0,2
78.89,1,0,2,2,0,2,4.0,1,1,1.0,2,0,0,1,0,9,0,0.0,5.0,2.0340000000000003,2,148.8,0,0,0,146.84,0,0,1,17.0,2.0,1
54.81,0,0,2,2,0,2,4.0,1,1,1.0,2,0,0,0,0,9,1,1.0,10.0,3.024,2,184.1666667,1,1,1,181.74,0,0,1,12.0,2.0,2
75.13,0,0,2,1,0,2,4.0,1,1,3.0,0,0,0,1,0,9,0,0.0,4.0,1.042,2,58.66666667,0,1,1,57.89,0,0,1,21.0,2.0,1
48.45,0,0,2,2,0,1,4.0,0,0,3.0,0,1,0,0,1,6,0,0.0,10.0,4.0354,2,51.0,0,0,1,10.36,1,0,3,17.7,2.0,0
54.66,1,0,2,2,0,1,4.0,1,0,3.0,0,1,0,1,0,6,0,5.0,1.0,6.03094,2,21.56666667,0,0,0,19.47,1,0,3,15.47,2.0,0
74.8,1,0,2,0,0,1,4.0,1,0,3.0,0,0,0,1,0,4,0,5.0,9.0,6.07,2,35.7,0,0,0,32.4,1,0,2,35.0,2.0,1
69.72,1,0,2,0,0,3,4.0,1,1,2.0,2,0,0,1,0,3,0,0.0,3.0,3.05,2,59.96666667,0,0,0,56.88,1,0,0,25.0,2.0,0
62.46,1,0,2,2,0,2,4.0,1,1,2.0,2,0,0,1,0,9,0,2.0,8.0,4.046,2,192.2,1,1,0,189.67,0,0,0,23.0,2.0,2
50.92,0,0,2,0,1,1,4.0,0,0,2.0,0,1,0,1,0,6,0,17.0,4.0,5.08,2,34.7,0,0,1,27.63,1,0,3,40.0,2.0,0
45.11,0,0,2,0,1,0,4.0,0,0,3.0,2,0,0,1,1,1,0,6.0,12.0,6.06,2,15.06666667,0,0,1,9.87,1,0,1,30.0,2.0,0
52.41,0,0,2,2,1,1,4.0,0,1,3.0,0,1,0,0,0,6,1,7.0,9.0,6.0483,2,31.16666667,1,0,1,30.76,0,0,3,24.15,2.0,2
83.8,0,0,2,2,0,1,4.0,1,1,3.0,2,0,0,1,0,10,0,1.0,10.0,5.08,2,104.0333333,0,0,0,102.66,0,0,0,40.0,2.0,1
63.89,0,0,2,0,0,3,4.0,1,1,2.0,0,0,0,1,0,10,0,2.0,6.0,4.06,2,164.9666667,0,1,1,97.6,1,0,0,30.0,2.0,1
60.57,0,0,2,2,0,5,4.0,1,1,3.0,2,0,0,1,0,4,0,11.0,3.0,6.07,2,42.96666667,0,0,1,22.11,1,0,1,35.0,2.0,0
59.82,0,0,2,2,0,3,4.0,1,1,1.0,2,0,0,1,0,10,0,1.0,4.0,3.08,2,68.16666667,0,1,1,30.53,1,0,1,40.0,2.0,0
28.37,1,0,2,2,1,0,4.0,0,0,3.0,0,0,0,0,1,1,0,3.0,7.0,5.041,2,195.3666667,0,0,1,136.58,1,0,1,20.5,2.0,1
34.64,1,0,2,2,0,2,4.0,1,1,3.0,1,0,0,1,1,9,0,1.0,6.0,5.1,2,227.4666667,1,1,1,72.96,1,0,0,50.0,2.0,2
36.6,0,0,2,2,1,0,4.0,0,0,3.0,0,0,0,1,1,1,0,2.0,4.0,5.05,2,21.16666667,0,0,1,13.19,1,0,2,25.0,2.0,0
50.84,1,0,2,0,1,0,4.0,0,0,3.0,2,0,0,0,0,1,0,1.0,8.0,5.032,2,175.16666669999998,1,0,0,172.86,0,0,2,16.0,2.0,2
47.47,0,0,3,0,1,1,4.0,0,0,3.0,0,1,1,0,1,6,0,1.0,5.0,5.04,3,208.2,1,0,1,205.46,0,0,3,20.0,2.0,2
30.02,1,0,2,0,1,1,4.0,0,0,3.0,0,1,0,0,1,6,1,3.0,8.0,5.04,2,44.4,0,1,0,22.63,1,0,3,20.0,2.0,0
61.27,0,0,2,0,0,2,4.0,1,1,1.0,2,0,0,1,0,9,0,4.0,9.0,4.04,2,185.3333333,1,1,1,182.89,0,0,1,20.0,2.0,2
56.78,1,0,2,0,0,2,4.0,1,1,2.0,2,0,0,1,0,9,0,3.0,3.0,4.06,2,187.0333333,1,1,0,184.57,0,0,1,30.0,2.0,2
67.89,1,0,2,0,0,2,4.0,1,1,2.0,2,0,0,1,0,3,0,1.0,3.0,4.03,2,241.3,0,1,0,238.13,0,0,1,15.0,2.0,1
86.14,1,0,2,0,0,1,4.0,1,1,2.0,0,0,0,1,0,10,0,3.0,4.0,4.1,2,21.3,0,1,0,19.08,1,0,3,50.0,2.0,0
63.5,1,0,2,0,0,2,4.0,1,1,2.0,2,0,0,1,0,8,0,6.0,6.0,5.08,2,195.5333333,1,1,0,192.96,0,0,0,40.0,2.0,2
51.22,1,0,2,2,1,1,4.0,1,0,3.0,0,1,0,1,0,6,0,3.0,3.0,5.032,2,49.53333333,0,0,1,24.54,1,0,3,16.0,2.0,0
54.42,0,0,3,2,1,3,4.0,1,1,2.0,1,0,1,1,0,7,0,33.0,10.0,5.06,3,28.86666667,0,0,1,12.8,1,0,0,30.0,2.0,0
61.23,1,0,2,0,0,2,4.0,1,1,3.0,2,0,0,1,0,7,1,1.0,5.0,5.03,2,203.0,0,0,0,146.97,1,0,1,15.0,2.0,1
53.14,0,0,2,2,0,6,4.0,1,1,2.0,0,0,0,1,0,7,0,3.0,1.0,4.04,2,109.0,0,1,1,107.57,1,0,1,20.0,2.0,0
66.48,1,0,2,0,0,3,4.0,1,1,3.0,2,0,0,1,0,3,0,3.0,2.0,5.05,2,158.6333333,0,0,0,156.55,0,0,0,25.0,2.0,1
63.09,1,0,2,2,0,3,4.0,1,1,3.0,0,1,0,1,0,6,0,10.0,9.0,6.06,2,96.96666667,0,1,0,63.29,1,0,0,30.0,2.0,0
55.7,0,0,2,0,0,3,4.0,1,1,2.0,2,0,0,1,0,9,0,8.0,2.0,5.06,2,27.06666667,0,0,1,9.34,1,0,0,30.0,2.0,0
51.87,1,0,2,2,0,5,4.0,1,1,2.0,0,0,0,1,0,4,0,5.0,5.0,5.13,2,126.6666667,0,1,0,53.29,1,0,1,65.0,2.0,0
53.87,1,0,2,0,0,6,4.0,1,0,3.0,0,1,0,1,0,0,0,22.0,4.0,6.1,2,6.833333333,0,0,0,6.18,1,0,3,50.0,2.0,0
52.9,0,0,2,0,0,3,4.0,1,1,2.0,0,0,0,1,0,7,0,1.0,3.0,4.03,2,78.46666667,0,1,1,32.76,1,0,0,15.0,2.0,0
56.9,1,0,2,0,0,2,4.0,1,1,3.0,2,0,0,1,0,3,0,1.0,5.0,5.09,2,199.2333333,1,1,0,196.61,0,0,1,45.0,2.0,2
59.2,1,0,2,0,0,3,4.0,1,1,2.0,0,0,0,1,0,0,0,1.0,2.0,4.03,2,82.73333333,0,1,0,81.64,1,0,0,15.0,2.0,0
43.1,0,0,3,0,0,2,4.0,1,1,3.0,2,0,1,1,1,3,1,1.0,4.0,5.05,3,196.8666667,1,1,1,194.28,0,0,1,25.0,2.0,2
42.88,1,0,2,0,0,3,4.0,1,1,3.0,0,1,0,0,1,6,0,1.0,6.0,5.04,2,44.73333333,0,0,1,16.09,1,0,1,20.0,2.0,0
62.9,1,0,2,0,0,3,4.0,1,1,3.0,2,0,0,1,0,0,0,45.0,4.0,6.05,2,175.9666667,0,1,1,121.18,1,0,1,25.0,2.0,0
61.16,1,0,2,2,0,3,4.0,1,1,2.0,2,0,0,1,0,0,0,12.0,15.0,5.05,2,86.23333333,0,1,0,85.1,0,0,0,25.0,2.0,1
60.02,0,0,2,0,0,3,4.0,1,1,3.0,2,0,0,1,0,1,0,1.0,3.0,5.04,2,201.9,0,0,1,199.24,0,0,0,20.0,2.0,1
55.64,1,0,2,0,0,2,1.0,1,1,2.0,2,0,0,1,0,9,0,0.0,3.0,4.044,2,116.46666670000002,0,1,1,64.67,0,0,1,13.0,2.0,2
48.0,1,0,2,0,0,2,9.0,1,1,3.0,2,0,0,1,0,9,0,1.0,4.0,2.62,2,116.46666670000002,0,1,1,59.31,0,0,1,31.0,2.0,2
82.0,1,0,2,0,0,2,9.0,1,1,2.0,2,0,0,1,0,9,0,0.0,8.0,1.48,2,116.46666670000002,0,1,1,49.34,0,0,1,24.0,2.0,2
61.0,1,0,6,0,0,2,9.0,1,1,3.0,2,0,0,1,0,9,0,0.0,6.0,1.98,0,116.46666670000002,0,1,1,23.49,1,0,1,49.0,2.0,2
60.0,1,0,2,0,0,2,9.0,1,1,3.0,2,0,0,1,0,9,0,0.0,6.0,1.38,2,116.46666670000002,0,1,1,67.8,0,0,1,19.0,1.0,2
58.0,1,0,2,0,0,2,9.0,1,1,3.0,2,0,0,1,0,9,0,3.0,10.0,2.4,2,116.46666670000002,0,1,1,65.76,0,0,1,20.0,2.0,2
64.0,1,0,2,0,0,2,9.0,0,0,3.0,2,0,0,1,0,9,0,0.0,6.0,1.3,2,116.46666670000002,0,1,1,51.12,0,0,1,15.0,1.0,2
63.0,1,0,2,0,0,2,9.0,1,1,3.0,2,0,0,1,0,9,0,0.0,4.0,1.36,2,116.46666670000002,0,1,1,47.57,0,0,1,18.0,1.0,2
57.0,1,0,5,0,0,2,9.0,1,1,3.0,2,0,4,1,0,9,0,0.0,7.0,4.044,6,116.46666670000002,0,1,1,0.86,1,0,1,22.41,2.0,2
73.0,1,0,3,0,0,2,9.0,1,1,2.0,2,0,1,1,0,9,0,0.0,5.0,1.14,3,116.46666670000002,0,1,1,84.47,1,0,1,7.0,1.0,2
32.0,1,0,2,0,0,2,9.0,1,1,2.0,2,0,0,1,0,9,0,1.0,1.0,4.044,2,116.46666670000002,0,1,1,179.11,0,0,1,22.41,3.0,2
66.0,1,0,2,0,0,2,9.0,1,1,3.0,2,0,0,1,0,9,0,0.0,17.0,1.44,2,116.46666670000002,0,1,1,47.6,1,0,1,22.0,2.0,2
78.0,1,0,2,0,0,2,9.0,1,1,2.0,2,0,0,1,0,9,0,2.0,1.0,2.52,2,116.46666670000002,0,1,1,0.33,0,0,1,26.0,2.0,2
76.0,1,0,2,0,0,2,9.0,0,0,3.0,2,0,0,1,0,9,0,1.0,5.0,2.9,2,116.46666670000002,0,1,1,35.36,1,0,1,45.0,2.0,2
64.0,1,0,2,0,0,2,9.0,1,1,3.0,2,0,0,1,0,9,0,1.0,2.0,2.36,2,116.46666670000002,0,1,1,24.21,1,0,1,18.0,2.0,2
51.0,1,0,2,0,0,2,9.0,1,1,3.0,2,0,0,1,0,9,0,0.0,5.0,1.44,2,116.46666670000002,0,1,1,26.35,0,0,1,22.0,2.0,2
53.0,1,0,2,0,0,2,9.0,1,1,2.0,2,0,0,1,0,9,0,0.0,2.0,4.044,2,116.46666670000002,0,1,1,42.83,0,0,1,36.0,2.0,2
59.0,1,0,5,0,0,2,9.0,1,1,2.0,2,0,4,1,0,9,0,0.0,7.0,1.42,6,116.46666670000002,0,1,1,68.85,0,0,1,21.0,2.0,2
51.0,1,0,3,0,0,2,9.0,1,1,3.0,2,0,1,1,0,9,0,0.0,1.0,4.044,3,116.46666670000002,0,1,1,215.86,0,0,1,22.41,2.0,2
80.0,1,0,3,0,0,2,9.0,1,1,3.0,2,0,1,1,0,9,0,7.0,2.0,3.8,3,116.46666670000002,0,1,1,68.55,0,0,1,40.0,3.0,2
78.0,1,0,5,0,0,2,9.0,1,1,3.0,2,0,4,1,0,9,0,10.0,7.0,3.6,6,116.46666670000002,0,1,1,61.97,0,0,1,30.0,2.0,2
70.0,1,0,3,0,0,2,9.0,1,1,2.0,2,0,1,1,0,9,0,0.0,2.0,2.8,3,116.46666670000002,0,1,1,51.45,0,0,1,90.0,2.0,2
78.0,1,0,3,0,0,2,9.0,1,1,3.0,2,0,1,1,0,9,0,30.0,4.0,4.5,3,116.46666670000002,0,1,1,12.01,1,0,1,75.0,3.0,2
59.0,1,0,3,0,0,2,9.0,1,1,2.0,2,0,1,1,0,9,0,0.0,1.0,1.16,3,116.46666670000002,0,1,1,55.03,0,0,1,8.0,1.0,2
76.0,1,0,3,0,0,2,9.0,1,1,2.0,2,0,1,1,0,9,0,0.0,4.0,2.02,3,116.46666670000002,0,1,1,57.53,0,0,1,51.0,3.0,2
75.0,1,0,3,0,0,2,9.0,1,1,2.0,2,0,1,1,0,9,0,1.0,2.0,3.38,3,116.46666670000002,0,1,1,40.13,0,0,1,69.0,3.0,2
54.0,1,0,3,0,0,2,9.0,1,1,2.0,2,0,1,1,0,9,0,0.0,4.0,2.02,3,116.46666670000002,0,1,1,43.88,0,0,1,51.0,2.0,2
87.0,1,0,3,0,0,2,9.0,1,1,2.0,2,0,1,1,0,9,0,0.0,3.0,2.02,3,116.46666670000002,0,1,1,50.07,0,0,1,51.0,2.0,2
67.0,1,0,3,0,0,2,9.0,1,1,2.0,2,0,1,1,0,9,0,3.0,3.0,2.5,3,116.46666670000002,0,1,1,45.13,0,0,1,25.0,2.0,2
64.0,1,0,3,0,0,2,9.0,1,1,2.0,2,0,1,1,0,9,0,1.0,7.0,4.044,3,116.46666670000002,0,1,1,44.14,0,0,1,27.0,2.0,2
42.0,1,0,5,0,0,2,9.0,1,1,2.0,2,0,4,1,0,9,0,4.0,3.0,3.94,6,116.46666670000002,0,1,1,39.38,0,0,1,47.0,2.0,2
89.0,1,0,3,0,0,2,9.0,1,1,2.0,2,0,1,1,0,9,0,0.0,3.0,1.7,3,116.46666670000002,0,1,1,23.98,0,0,1,35.0,2.0,2
70.0,1,0,3,0,0,2,9.0,1,1,2.0,2,0,1,1,0,9,0,0.0,3.0,1.84,3,116.46666670000002,0,1,1,33.36,0,0,1,42.0,2.0,2
49.0,1,0,2,0,0,2,9.0,1,1,2.0,2,0,0,1,0,9,0,2.0,5.0,4.044,2,116.46666670000002,0,1,1,24.7,0,0,1,24.0,2.0,2
65.0,1,0,3,0,0,2,9.0,1,1,2.0,2,0,1,1,0,9,0,0.0,3.0,1.36,3,116.46666670000002,0,1,1,19.01,0,0,1,18.0,1.0,2
52.0,1,0,2,0,0,2,9.0,1,1,2.0,2,0,0,1,0,9,0,0.0,8.0,1.6,2,116.46666670000002,0,1,1,18.95,0,0,1,30.0,2.0,2
73.0,1,0,3,0,0,2,9.0,1,1,2.0,2,0,1,1,0,9,0,0.0,2.0,1.72,3,116.46666670000002,0,1,1,25.89,0,0,1,36.0,2.0,2
83.0,1,0,3,0,0,2,9.0,1,1,2.0,2,0,1,1,0,9,0,0.0,6.0,1.4,3,116.46666670000002,0,1,1,20.63,0,0,1,20.0,1.0,2
62.0,1,0,3,0,0,2,9.0,1,1,2.0,2,0,1,1,0,9,0,5.0,7.0,4.044,3,116.46666670000002,0,1,1,10.03,0,0,1,88.0,2.0,2
36.0,1,0,2,0,0,2,7.0,0,0,2.0,2,0,0,1,0,9,0,0.0,1.0,4.044,2,116.46666670000002,0,1,1,99.095,0,0,1,22.41,2.0,2
64.0,1,0,3,0,0,2,7.0,1,1,2.0,2,0,1,1,0,9,0,0.0,5.0,4.044,3,116.46666670000002,0,1,1,99.095,0,0,1,22.41,2.0,2
53.0,1,0,6,0,0,2,7.0,0,0,3.0,2,0,0,1,0,9,0,0.0,3.0,4.044,0,116.46666670000002,0,1,1,99.095,1,0,1,22.41,2.0,2
40.0,1,0,2,0,0,2,7.0,1,1,3.0,2,0,0,1,0,9,0,0.0,2.0,4.044,2,116.46666670000002,0,1,1,99.095,0,0,1,22.41,2.0,2
59.0,1,0,3,0,0,2,7.0,1,1,2.0,2,0,1,1,0,9,0,0.0,1.0,4.044,3,116.46666670000002,0,1,1,99.095,0,0,1,22.41,2.0,2
46.0,1,0,6,0,0,2,7.0,1,1,2.0,2,0,0,1,0,9,0,0.0,4.0,4.044,0,116.46666670000002,0,1,1,99.095,0,0,1,22.41,2.0,2
41.0,1,0,2,0,0,2,7.0,1,1,2.0,2,0,0,1,0,9,0,0.0,5.0,4.044,2,116.46666670000002,0,1,1,99.095,0,0,1,22.41,2.0,2
54.0,1,0,2,0,0,2,7.0,1,1,3.0,2,0,0,1,0,9,0,0.0,5.0,4.044,2,116.46666670000002,0,1,1,99.095,0,0,1,22.41,2.0,2
70.0,1,0,2,0,0,2,7.0,0,0,2.0,2,0,0,1,0,9,0,0.0,6.0,4.044,2,116.46666670000002,0,1,1,99.095,1,0,1,22.41,2.0,2
45.0,1,0,6,0,0,2,7.0,1,1,2.0,2,0,0,1,0,9,0,0.0,5.0,4.044,0,116.46666670000002,0,1,1,99.095,0,0,1,22.41,2.0,2
64.0,1,0,2,0,0,2,7.0,1,1,3.0,2,0,0,1,0,9,0,0.0,5.0,4.044,2,116.46666670000002,0,1,1,99.095,0,0,1,22.41,2.0,2
35.0,1,0,2,0,0,2,7.0,1,1,3.0,2,0,0,1,0,9,0,0.0,2.0,4.044,2,116.46666670000002,0,1,1,99.095,0,0,1,22.41,2.0,2
51.0,1,0,6,0,0,2,7.0,1,1,3.0,2,0,0,1,0,9,0,0.0,3.0,4.044,0,116.46666670000002,0,1,1,99.095,0,0,1,22.41,2.0,2
43.0,1,0,2,0,0,2,7.0,1,1,2.0,2,0,0,1,0,9,0,0.0,1.0,4.044,2,116.46666670000002,0,1,1,99.095,0,0,1,22.41,2.0,2
49.0,1,0,2,0,0,2,7.0,0,0,2.0,2,0,0,1,0,9,0,0.0,5.0,4.044,2,116.46666670000002,0,1,1,99.095,1,0,1,22.41,2.0,2
67.0,1,0,2,0,0,2,7.0,0,0,3.0,2,0,0,1,0,9,0,0.0,9.0,4.044,2,116.46666670000002,0,1,1,99.095,1,0,1,22.41,2.0,2
52.0,1,0,2,0,0,2,7.0,1,1,3.0,2,0,0,1,0,9,0,0.0,1.0,4.044,2,116.46666670000002,0,1,1,99.095,0,0,1,22.41,2.0,2
56.0,1,0,2,0,0,2,7.0,0,0,3.0,2,0,0,1,0,9,0,0.0,6.0,4.044,2,116.46666670000002,0,1,1,99.095,0,0,1,22.41,2.0,2
35.0,1,0,2,0,0,2,7.0,1,1,3.0,2,0,0,1,0,9,0,0.0,1.0,4.044,2,116.46666670000002,0,1,1,99.095,0,0,1,22.41,2.0,2
38.0,1,0,3,0,0,2,7.0,1,1,2.0,2,0,1,1,0,9,0,0.0,3.0,4.044,3,116.46666670000002,0,1,1,99.095,1,0,1,22.41,2.0,2
53.0,1,0,2,0,0,2,7.0,1,1,3.0,2,0,0,1,0,9,0,0.0,5.0,4.044,2,116.46666670000002,0,1,1,99.095,0,0,1,22.41,2.0,2
45.0,1,0,2,0,0,2,7.0,1,1,2.0,2,0,0,1,0,9,0,0.0,4.0,4.044,2,116.46666670000002,0,1,1,99.095,0,0,1,22.41,2.0,2
58.0,1,0,5,0,0,2,7.0,1,1,2.0,2,0,4,1,0,9,0,0.0,1.0,4.044,6,116.46666670000002,0,1,1,99.095,1,0,1,22.41,2.0,2
58.0,1,0,2,0,0,2,7.0,1,1,3.0,2,0,0,1,0,9,0,0.0,4.0,4.044,2,116.46666670000002,0,1,1,99.095,0,0,1,22.41,2.0,2
43.0,1,0,2,0,0,2,7.0,1,1,3.0,2,0,0,1,0,9,0,0.0,1.0,4.044,2,116.46666670000002,0,1,1,99.095,0,0,1,22.41,2.0,2
49.0,1,0,3,0,0,2,7.0,1,1,2.0,2,0,1,1,0,9,0,0.0,4.0,4.044,3,116.46666670000002,0,1,1,99.095,0,0,1,22.41,2.0,2
62.0,1,0,6,0,0,2,7.0,0,0,3.0,2,0,0,1,0,9,0,0.0,11.0,4.044,0,116.46666670000002,0,1,1,99.095,0,0,1,22.41,2.0,2
46.0,1,0,6,0,0,2,7.0,1,1,2.0,2,0,0,1,0,9,0,0.0,9.0,4.044,0,116.46666670000002,0,1,1,99.095,0,0,1,22.41,2.0,2
75.0,1,0,6,0,0,2,7.0,0,0,2.0,2,0,0,1,0,9,0,0.0,5.0,4.044,0,116.46666670000002,0,1,1,99.095,0,0,1,22.41,2.0,2
36.0,1,0,6,0,0,2,7.0,0,0,3.0,2,0,0,1,0,9,0,0.0,4.0,4.044,0,116.46666670000002,0,1,1,99.095,1,0,1,22.41,2.0,2
39.0,1,0,6,0,0,2,6.0,1,1,2.0,2,0,0,1,0,9,0,17.0,2.0,5.6,0,116.46666670000002,0,1,1,99.095,1,0,1,30.0,2.0,2
61.11,1,0,6,0,0,2,3.0,1,1,3.0,2,0,0,1,0,9,0,0.0,3.0,4.044,0,116.46666670000002,0,1,1,99.095,0,0,1,22.41,0.0,2
50.0,1,0,2,0,0,2,6.0,1,1,3.0,2,0,0,1,0,9,0,15.0,2.0,7.06,2,116.46666670000002,0,1,1,99.095,1,0,1,53.0,2.0,2
73.0,1,0,2,0,0,2,6.0,1,1,1.0,2,0,0,1,0,9,0,0.0,2.0,2.26,2,116.46666670000002,0,1,1,99.095,1,0,1,13.0,1.0,2
56.22,1,0,2,0,0,2,1.0,1,1,2.0,2,0,0,1,0,9,0,6.0,5.0,7.0,2,116.46666670000002,0,1,1,99.095,0,0,1,100.0,3.0,2
44.28,1,0,2,0,0,2,1.0,1,1,2.0,2,0,0,1,0,9,0,0.0,4.0,3.2,2,116.46666670000002,0,1,1,226.97,0,0,1,10.0,1.0,2
58.77,1,0,2,0,0,2,1.0,1,1,2.0,2,0,0,1,0,9,0,0.0,6.0,3.44,2,116.46666670000002,0,1,1,223.03,0,0,1,22.0,1.0,2
57.81,1,0,2,0,0,2,1.0,1,1,2.0,2,0,0,1,0,9,0,0.0,3.0,3.4,2,116.46666670000002,0,1,1,42.24,1,0,1,20.0,1.0,2
50.1,1,0,2,0,0,2,1.0,1,1,2.0,2,0,0,1,0,9,0,0.0,5.0,3.26,2,116.46666670000002,0,1,1,217.11,0,0,1,13.0,1.0,2
40.84,1,0,2,0,0,2,1.0,1,1,2.0,2,0,0,1,0,9,0,1.0,3.0,4.7,2,116.46666670000002,0,1,1,27.63,1,0,1,35.0,2.0,2
51.24,1,0,2,0,0,2,1.0,1,1,3.0,2,0,0,1,0,9,0,1.0,3.0,5.3,2,116.46666670000002,0,1,1,201.32,0,0,1,15.0,2.0,2
32.84,1,0,2,0,0,2,1.0,0,0,3.0,2,0,0,1,0,9,0,0.0,2.0,4.14,2,116.46666670000002,0,1,1,187.5,0,0,1,7.0,1.0,2
64.2,1,0,2,0,0,2,1.0,1,1,3.0,2,0,0,1,0,9,0,0.0,6.0,4.64,2,116.46666670000002,0,1,1,56.55,0,0,1,32.0,1.0,2
38.6,1,0,3,0,0,2,1.0,1,1,1.0,2,0,1,1,0,9,0,0.0,3.0,2.24,3,116.46666670000002,0,1,1,39.47,1,0,1,12.0,1.0,2
50.65,1,0,5,0,0,2,1.0,0,0,3.0,2,0,4,1,0,9,0,3.0,3.0,5.38,6,116.46666670000002,0,1,1,17.37,1,0,1,19.0,2.0,2
56.49,1,0,2,0,0,2,1.0,0,0,3.0,2,0,0,1,0,9,0,0.0,5.0,4.98,2,116.46666670000002,0,1,1,5.53,1,0,1,49.0,1.0,2
65.7,1,0,3,0,0,2,1.0,0,0,3.0,2,0,1,1,0,9,0,0.0,2.0,4.36,3,116.46666670000002,0,1,1,162.83,0,0,1,18.0,1.0,2
54.54,1,0,2,0,0,2,1.0,1,1,3.0,2,0,0,1,0,9,0,2.0,5.0,5.5,2,116.46666670000002,0,1,1,23.68,1,0,1,25.0,2.0,2
62.14,1,0,0,0,0,2,1.0,0,0,1.0,2,0,6,1,0,9,0,0.0,1.0,2.3,1,116.46666670000002,0,1,1,213.16,0,0,1,15.0,1.0,2
52.63,1,0,2,0,0,2,1.0,0,0,3.0,2,0,0,1,0,9,0,0.0,6.0,4.3,2,116.46666670000002,0,1,1,151.97,1,0,1,15.0,1.0,2
54.84,1,0,2,0,0,2,1.0,0,0,1.0,2,0,0,1,0,9,0,0.0,5.0,2.4,2,116.46666670000002,0,1,1,237.83,0,0,1,20.0,1.0,2
50.52,1,0,5,0,0,2,1.0,0,0,3.0,2,0,4,1,0,9,0,2.0,2.0,5.6,6,116.46666670000002,0,1,1,230.92,0,0,1,30.0,2.0,2
39.78,1,0,3,0,0,2,1.0,0,0,3.0,2,0,1,1,0,9,0,1.0,6.0,5.3,3,116.46666670000002,0,1,1,189.47,0,0,1,15.0,2.0,2
47.0,1,0,2,0,0,2,1.0,0,0,3.0,2,0,0,1,0,9,0,3.0,5.0,5.9,2,116.46666670000002,0,1,1,7.5,1,0,1,45.0,2.0,2
50.22,1,0,2,0,0,2,1.0,1,1,3.0,2,0,0,1,0,9,0,0.0,3.0,4.46,2,116.46666670000002,0,1,1,2.37,1,0,1,23.0,1.0,2
41.52,1,0,5,0,0,2,1.0,0,0,3.0,2,0,4,1,0,9,0,5.0,4.0,6.84,6,116.46666670000002,0,1,1,10.26,1,0,1,42.0,3.0,2
47.13,1,0,2,0,0,2,1.0,0,0,2.0,2,0,0,1,0,9,0,0.0,1.0,3.26,2,116.46666670000002,0,1,1,208.22,0,0,1,13.0,1.0,2
50.34,1,0,2,0,0,2,1.0,0,0,3.0,2,0,2,1,0,9,0,7.0,7.0,6.6,2,116.46666670000002,0,1,1,33.55,1,0,1,30.0,2.0,2
50.0,1,0,2,0,0,2,1.0,0,0,3.0,2,0,0,1,0,9,0,1.0,15.0,5.44,2,116.46666670000002,0,1,1,96.91,0,0,1,22.0,2.0,2
40.2,1,0,2,0,0,2,1.0,0,0,3.0,2,0,0,1,0,9,0,2.0,6.0,4.044,2,116.46666670000002,0,1,1,109.21,0,0,1,17.0,2.0,2
56.65,1,0,6,0,0,2,1.0,0,0,3.0,2,0,0,1,0,9,0,0.0,7.0,4.044,0,116.46666670000002,0,1,1,154.47,0,0,1,13.6,2.0,2
83.87,1,0,2,0,0,2,1.0,1,1,1.0,2,0,0,1,0,9,0,1.0,6.0,4.044,2,116.46666670000002,0,1,1,69.57,0,0,1,25.0,2.0,2
68.05,1,0,2,0,0,2,1.0,0,0,3.0,2,0,0,1,0,9,0,0.0,2.0,4.044,2,116.46666670000002,0,1,1,15.2,0,0,1,35.0,2.0,2
75.68,1,0,3,0,0,2,1.0,0,0,3.0,2,0,1,1,0,9,0,0.0,12.0,4.044,3,116.46666670000002,0,1,1,181.94,0,0,1,45.0,2.0,2
40.41,1,0,5,0,0,2,1.0,0,0,3.0,2,0,4,1,0,9,0,0.0,1.0,4.16,6,116.46666670000002,0,1,1,110.07,0,0,1,8.0,2.0,2
80.79,1,0,2,0,0,2,1.0,0,0,3.0,2,0,0,1,0,9,0,0.0,5.0,4.044,2,116.46666670000002,0,1,1,118.22,0,0,1,55.0,2.0,2
46.65,1,0,2,0,0,2,1.0,0,0,3.0,2,0,0,1,0,9,0,7.0,6.0,4.044,2,116.46666670000002,0,1,1,10.56,1,0,1,66.0,2.0,2
88.45,1,0,2,0,0,2,1.0,1,1,1.0,2,0,0,1,0,9,0,15.0,7.0,4.044,2,116.46666670000002,0,1,1,81.38,0,0,1,24.0,2.0,2
75.61,1,0,3,0,0,2,1.0,1,1,2.0,2,0,1,1,0,9,0,0.0,4.0,4.044,3,116.46666670000002,0,1,1,86.88,0,0,1,40.0,2.0,2
58.85,1,0,3,0,0,2,1.0,1,1,2.0,2,0,1,1,0,9,0,0.0,4.0,4.044,3,116.46666670000002,0,1,1,100.0,1,0,1,20.0,2.0,2
43.28,1,0,2,0,0,2,1.0,0,0,3.0,2,0,0,1,0,9,0,3.0,3.0,4.044,2,116.46666670000002,0,1,1,50.59,1,0,1,25.0,2.0,2
56.8,1,0,2,0,0,2,1.0,1,1,3.0,2,0,0,1,0,9,0,4.0,2.0,4.044,2,116.46666670000002,0,1,1,62.73,1,0,1,20.8,2.0,2
50.99,1,0,2,0,0,2,1.0,1,1,1.0,2,0,0,1,0,9,0,0.0,5.0,4.044,2,116.46666670000002,0,1,1,134.44,0,0,1,27.3,2.0,2
47.93,1,0,2,0,0,2,1.0,0,0,3.0,2,0,0,1,0,9,0,2.0,5.0,4.044,2,116.46666670000002,0,1,1,13.29,1,0,1,21.0,2.0,2
77.73,1,0,2,0,0,2,1.0,1,1,3.0,2,0,0,1,0,9,0,0.0,9.0,4.044,2,116.46666670000002,0,1,1,37.96,1,0,1,25.0,2.0,2
65.24,1,0,3,0,0,2,1.0,1,1,3.0,2,0,1,1,0,9,0,1.0,10.0,4.044,3,116.46666670000002,0,1,1,42.24,1,0,1,21.1,2.0,2
72.77,1,0,2,0,0,2,1.0,1,1,2.0,2,0,0,1,0,9,0,1.0,7.0,4.044,2,116.46666670000002,0,1,1,148.75,0,0,1,22.8,2.0,2
52.28,1,0,2,0,0,2,1.0,1,1,2.0,2,0,0,1,0,9,0,5.0,9.0,4.044,2,116.46666670000002,0,1,1,111.91,1,0,1,47.0,2.0,2
82.41,1,0,2,0,0,2,1.0,0,0,3.0,2,0,0,1,0,9,0,0.0,14.0,4.044,2,116.46666670000002,0,1,1,37.76,0,0,1,45.0,2.0,2
66.13,1,0,3,0,0,2,1.0,1,1,3.0,2,0,1,1,0,9,0,0.0,4.0,4.044,3,116.46666670000002,0,1,1,155.66,0,0,1,22.41,2.0,2
54.59,1,0,5,0,0,2,1.0,0,0,2.0,2,0,4,1,0,9,0,0.0,3.0,4.044,6,116.46666670000002,0,1,1,17.14,1,0,1,26.0,2.0,2
70.34,1,0,2,0,0,2,1.0,1,1,3.0,2,0,0,1,0,9,0,4.0,4.0,4.044,2,116.46666670000002,0,1,1,1.88,0,0,1,21.0,2.0,2
73.42,1,0,6,0,0,2,1.0,1,1,2.0,2,0,0,1,0,9,0,2.0,5.0,4.044,0,116.46666670000002,0,1,1,39.05,0,0,1,25.2,2.0,2
79.92,1,0,2,0,0,2,1.0,1,1,2.0,2,0,0,1,0,9,0,0.0,3.0,4.044,2,116.46666670000002,0,1,1,149.34,0,0,1,26.7,2.0,2
46.99,1,0,5,0,0,2,1.0,0,0,3.0,2,0,4,1,0,9,0,0.0,3.0,4.044,6,116.46666670000002,0,1,1,157.76,0,0,1,8.0,2.0,2
45.54,1,0,5,0,0,2,1.0,1,1,3.0,2,0,4,1,0,9,0,0.0,6.0,4.044,6,116.46666670000002,0,1,1,175.23,0,0,1,8.9,2.0,2
58.5,1,0,2,0,0,2,1.0,1,1,3.0,2,0,0,1,0,9,0,0.0,6.0,4.044,2,116.46666670000002,0,1,1,25.26,1,0,1,34.0,2.0,2
70.5,1,0,2,0,0,2,1.0,0,0,3.0,2,0,0,1,0,9,0,0.0,7.0,4.044,2,116.46666670000002,0,1,1,166.15,0,0,1,21.0,2.0,2
50.78,1,0,2,0,0,2,1.0,1,1,2.0,2,0,0,1,0,9,0,1.0,12.0,4.044,2,116.46666670000002,0,1,1,149.9,1,0,1,19.1,2.0,2
44.19,1,0,2,0,0,2,1.0,1,1,1.0,2,0,0,1,0,9,0,0.0,6.0,4.044,2,116.46666670000002,0,1,1,160.23,0,0,1,7.0,2.0,2
40.48,1,0,2,0,0,2,1.0,0,0,3.0,2,0,0,1,0,9,0,2.0,4.0,4.044,2,116.46666670000002,0,1,1,81.84,1,0,1,25.0,2.0,2
52.28,1,0,2,0,0,2,1.0,0,0,3.0,2,0,0,1,0,9,0,0.0,8.0,4.044,2,116.46666670000002,0,1,1,164.21,0,0,1,11.4,2.0,2
74.4,1,0,2,0,0,2,1.0,1,1,3.0,2,0,0,1,0,9,0,1.0,7.0,4.044,2,116.46666670000002,0,1,1,112.76,0,0,1,14.9,2.0,2
56.09,1,0,2,0,0,2,1.0,1,1,2.0,2,0,0,1,0,9,0,2.0,9.0,4.044,2,116.46666670000002,0,1,1,81.64,1,0,1,24.4,2.0,2
66.04,1,0,2,0,0,2,1.0,1,1,2.0,2,0,0,1,0,9,0,10.0,6.0,4.044,2,116.46666670000002,0,1,1,100.82,1,0,1,30.0,2.0,2
65.22,1,0,2,0,0,2,1.0,1,1,2.0,2,0,0,1,0,9,0,4.0,12.0,4.044,2,116.46666670000002,0,1,1,160.23,1,0,1,20.33,2.0,2
63.19,1,0,2,0,0,2,1.0,1,1,1.0,2,0,0,1,0,9,0,0.0,3.0,4.044,2,116.46666670000002,0,1,1,173.62,0,0,1,17.06,2.0,2
65.71,1,0,2,0,0,2,1.0,1,1,2.0,2,0,0,1,0,9,0,1.0,3.0,4.044,2,116.46666670000002,0,1,1,102.34,1,0,1,18.95,2.0,2
62.29,1,0,2,0,0,2,1.0,1,1,2.0,2,0,0,1,0,9,0,3.0,20.0,4.044,2,116.46666670000002,0,1,1,185.13,0,0,1,32.0,2.0,2
47.55,1,0,3,0,0,2,1.0,0,0,3.0,2,0,1,1,0,9,0,6.0,12.0,4.044,3,116.46666670000002,0,1,1,41.94,1,0,1,31.7,2.0,2
42.57,1,0,2,0,0,2,1.0,0,0,2.0,2,0,0,1,0,9,0,14.0,7.0,4.044,2,116.46666670000002,0,1,1,34.47,1,0,1,26.0,2.0,2
69.55,1,0,2,0,0,2,1.0,1,1,2.0,2,0,0,1,0,9,0,1.0,4.0,4.044,2,116.46666670000002,0,1,1,9.7,0,0,1,50.0,2.0,2
64.19,1,0,2,0,0,2,1.0,1,1,1.0,2,0,0,1,0,9,0,1.0,12.0,4.044,2,116.46666670000002,0,1,1,133.09,0,0,1,30.0,2.0,2
59.48,1,0,2,0,0,2,1.0,1,1,1.0,2,0,0,1,0,9,0,1.0,5.0,4.044,2,116.46666670000002,0,1,1,197.07,0,0,1,4.0,2.0,2
63.01,1,0,2,0,0,2,1.0,0,0,3.0,2,0,0,1,0,9,0,0.0,1.0,4.38,2,116.46666670000002,0,1,1,90.53,0,0,1,19.0,1.0,2
59.61,1,0,2,0,0,2,1.0,1,1,3.0,2,0,0,1,0,9,0,0.0,5.0,4.42,2,116.46666670000002,0,1,1,150.46,0,0,1,21.0,2.0,2
67.36,1,0,2,0,0,2,1.0,0,0,3.0,2,0,0,1,0,9,0,3.0,1.0,5.66,2,116.46666670000002,0,1,1,37.99,1,0,1,33.0,2.0,2
49.98,1,0,2,0,0,2,1.0,0,0,3.0,2,0,0,1,0,9,0,1.0,2.0,5.92,2,116.46666670000002,0,1,1,71.88,0,0,1,46.0,2.0,2
54.15,1,0,2,0,0,2,1.0,1,1,2.0,2,0,0,1,0,9,0,0.0,1.0,4.044,2,116.46666670000002,0,1,1,145.99,0,0,1,14.0,1.0,2
63.93,1,0,2,0,0,2,1.0,1,1,3.0,2,0,0,1,0,9,0,0.0,1.0,4.044,2,116.46666670000002,0,1,1,35.13,1,0,1,19.0,1.0,2
61.83,1,0,2,0,0,2,1.0,1,1,3.0,2,0,0,1,0,9,0,1.0,3.0,4.044,2,116.46666670000002,0,1,1,98.78,0,0,1,18.0,2.0,2
62.81,1,0,2,0,0,2,1.0,0,0,3.0,2,0,0,1,0,9,0,0.0,2.0,4.044,2,116.46666670000002,0,1,1,26.22,0,0,1,22.41,2.0,2
70.24,1,0,2,0,0,2,1.0,1,1,3.0,2,0,0,1,0,9,0,0.0,4.0,4.044,2,116.46666670000002,0,1,1,121.64,0,0,1,14.0,0.0,2
63.07,1,0,2,0,0,2,1.0,0,0,3.0,2,0,0,1,0,9,0,0.0,6.0,4.74,2,116.46666670000002,0,1,1,120.66,0,0,1,37.0,2.0,2
57.43,1,0,3,0,0,2,1.0,1,1,3.0,2,0,1,1,0,9,0,0.0,1.0,4.044,3,116.46666670000002,0,1,1,99.095,0,0,1,19.0,1.0,2
86.4,1,0,2,0,0,2,1.0,0,0,3.0,2,0,0,1,0,9,0,1.0,2.0,5.74,2,116.46666670000002,0,1,1,43.22,0,0,1,31.0,2.0,2
35.01,1,0,2,0,0,2,1.0,1,1,2.0,2,0,0,1,0,9,0,0.0,2.0,3.4,2,116.46666670000002,0,1,1,121.12,0,0,1,20.0,1.0,2
76.34,1,0,2,0,0,2,1.0,0,0,3.0,2,0,0,1,0,9,0,0.0,2.0,4.64,2,116.46666670000002,0,1,1,103.09,0,0,1,32.0,2.0,2
46.81,1,0,2,0,0,2,1.0,0,0,3.0,2,0,2,1,0,9,0,0.0,3.0,4.044,2,116.46666670000002,0,1,1,111.45,1,0,1,10.0,1.0,2
61.11,1,0,6,0,0,2,3.0,1,1,3.0,2,0,0,1,0,9,0,0.0,5.0,4.044,0,116.46666670000002,0,1,1,99.095,0,0,1,22.41,0.0,2
68.83,1,0,2,0,0,2,1.0,1,1,2.0,2,0,0,1,0,9,0,0.0,5.0,3.48,2,116.46666670000002,0,1,1,106.58,0,0,1,25.0,2.0,2
40.86,1,0,2,0,0,2,1.0,1,1,2.0,2,0,0,1,0,9,0,1.0,2.0,4.82,2,116.46666670000002,0,1,1,138.65,0,0,1,41.0,2.0,2
69.75,1,0,5,0,0,2,1.0,0,0,3.0,2,0,4,1,0,9,0,2.0,6.0,5.34,6,116.46666670000002,0,1,1,36.58,0,0,1,13.0,2.0,2
69.55,1,0,2,0,0,2,1.0,1,1,2.0,2,0,0,1,0,9,0,0.0,3.0,3.62,2,116.46666670000002,0,1,1,98.26,0,0,1,31.0,2.0,2
63.58,1,0,2,0,0,2,1.0,0,0,3.0,2,0,0,1,0,9,0,1.0,2.0,4.044,2,116.46666670000002,0,1,1,17.96,1,0,1,14.0,2.0,2
62.61,1,0,2,0,0,2,1.0,1,1,1.0,2,0,2,1,0,9,0,0.0,2.0,4.044,2,116.46666670000002,0,1,1,0.03,1,0,1,11.0,1.0,2
50.58,1,0,2,0,0,2,1.0,0,0,3.0,2,0,0,1,0,9,0,0.0,5.0,4.7,2,116.46666670000002,0,1,1,56.51,1,0,1,35.0,2.0,2
63.6,1,0,2,0,0,2,1.0,1,1,1.0,2,0,0,1,0,9,0,1.0,2.0,3.26,2,116.46666670000002,0,1,1,64.84,0,0,1,13.0,2.0,2
56.95,1,0,3,0,0,2,1.0,1,1,1.0,2,0,1,1,0,9,0,0.0,5.0,4.044,3,116.46666670000002,0,1,1,55.76,1,0,1,75.0,2.0,2
50.95,1,0,2,0,0,2,1.0,1,1,2.0,2,0,0,1,0,9,0,3.0,5.0,4.06,2,116.46666670000002,0,1,1,124.87,1,0,1,6.0,3.0,2
51.33,1,0,2,0,0,2,1.0,1,1,3.0,2,0,0,1,0,9,0,0.0,5.0,4.3,2,116.46666670000002,0,1,1,100.49,0,0,1,15.0,1.0,2
56.39,1,0,2,0,0,2,1.0,1,1,2.0,2,0,0,1,0,9,0,0.0,6.0,4.044,2,116.46666670000002,0,1,1,167.14,0,0,1,21.87,2.0,2
86.17,1,0,2,0,0,2,1.0,1,1,2.0,2,0,0,1,0,9,0,2.0,5.0,4.34,2,116.46666670000002,0,1,1,111.12,0,0,1,17.0,2.0,2
53.21,1,0,2,0,0,2,1.0,0,0,3.0,2,0,2,1,0,9,0,0.0,3.0,4.44,2,116.46666670000002,0,1,1,112.57,0,0,1,22.0,2.0,2
70.0,1,0,3,0,0,2,1.0,0,0,3.0,2,0,1,1,0,9,0,7.0,2.0,6.13,3,116.46666670000002,0,1,1,11.74,1,0,1,65.0,3.0,2
63.51,1,0,2,0,0,2,1.0,1,1,2.0,2,0,0,1,0,9,0,0.0,4.0,3.7,2,116.46666670000002,0,1,1,69.14,0,0,1,39.0,2.0,2
74.28,1,0,2,0,0,2,1.0,1,1,2.0,2,0,0,1,0,9,0,1.0,4.0,4.44,2,116.46666670000002,0,1,1,127.76,1,0,1,22.0,2.0,2
54.8,1,0,5,0,0,2,1.0,1,1,2.0,2,0,4,1,0,9,0,0.0,3.0,3.22,6,116.46666670000002,0,1,1,164.61,0,0,1,11.0,2.0,2
61.07,1,0,2,0,0,2,1.0,1,1,3.0,2,0,0,1,0,9,0,0.0,7.0,4.38,2,116.46666670000002,0,1,1,84.08,1,0,1,19.0,1.0,2
56.76,1,0,2,0,0,2,1.0,0,0,3.0,2,0,0,1,0,9,0,18.0,2.0,6.72,2,116.46666670000002,0,1,1,2.6,1,0,1,23.0,2.0,2
51.34,1,0,2,0,0,2,1.0,0,0,3.0,2,0,0,1,0,9,0,3.0,3.0,5.44,2,116.46666670000002,0,1,1,4.34,1,0,1,22.0,2.0,2
68.08,1,0,2,0,0,2,1.0,1,1,2.0,2,0,0,1,0,9,0,2.0,4.0,5.2,2,116.46666670000002,0,1,1,100.39,0,0,1,10.0,2.0,2
86.21,1,0,2,0,0,2,1.0,1,1,3.0,2,0,0,1,0,9,0,11.0,7.0,6.6,2,116.46666670000002,0,1,1,39.51,0,0,1,27.0,2.0,2
67.5,1,0,2,0,0,2,1.0,1,1,2.0,2,0,0,1,0,9,0,2.0,1.0,4.5,2,116.46666670000002,0,1,1,105.07,0,0,1,25.0,2.0,2
37.79,1,0,2,0,0,2,1.0,0,0,3.0,2,0,0,1,0,9,0,2.0,4.0,5.48,2,116.46666670000002,0,1,1,156.45,0,0,1,24.0,2.0,2
38.26,1,0,2,0,0,2,1.0,0,0,3.0,2,0,0,1,0,9,0,0.0,1.0,4.8,2,116.46666670000002,0,1,1,8.29,1,0,1,40.0,2.0,2
46.0,1,0,5,0,0,2,8.0,1,1,1.0,2,0,4,1,0,9,0,0.0,6.0,3.44,6,116.46666670000002,0,1,1,9.87,1,0,1,22.0,2.0,2
36.0,1,0,6,0,0,2,8.0,1,1,3.0,2,0,0,1,0,9,0,0.0,7.0,5.24,0,116.46666670000002,0,1,1,200.33,0,0,1,12.0,2.0,2
61.0,1,0,2,0,0,2,8.0,0,0,2.0,2,0,0,1,0,9,0,0.0,7.0,4.3,2,116.46666670000002,0,1,1,190.46,0,0,1,15.0,2.0,2
44.0,1,0,2,0,0,2,8.0,0,0,3.0,2,0,0,1,0,9,0,0.0,8.0,4.5,2,116.46666670000002,0,1,1,2.96,1,0,1,25.0,1.0,2
43.0,1,0,5,0,0,2,8.0,1,1,1.0,2,0,4,1,0,9,0,0.0,4.0,2.4,6,116.46666670000002,0,1,1,189.47,0,0,1,20.0,1.0,2
70.0,1,0,6,0,0,2,8.0,0,0,2.0,2,0,0,1,0,9,0,0.0,8.0,3.3,0,116.46666670000002,0,1,1,13.82,1,0,1,15.0,1.0,2
46.0,1,0,2,0,0,2,8.0,1,1,2.0,2,0,0,1,0,9,0,0.0,5.0,3.4,2,116.46666670000002,0,1,1,16.78,1,0,1,20.0,1.0,2
43.0,1,0,6,0,0,2,8.0,1,1,3.0,2,0,0,1,0,9,0,0.0,9.0,4.2,0,116.46666670000002,0,1,1,52.3,1,0,1,10.0,1.0,2
63.0,1,0,6,0,0,2,8.0,1,1,1.0,2,0,0,1,0,9,0,0.0,4.0,2.32,0,116.46666670000002,0,1,1,195.39,0,0,1,16.0,1.0,2
60.0,1,0,2,0,0,2,8.0,0,0,3.0,2,0,0,1,0,9,0,0.0,9.0,5.28,2,116.46666670000002,0,1,1,22.7,1,0,1,14.0,2.0,2
65.0,1,0,2,0,0,2,8.0,1,1,1.0,2,0,7,1,0,9,0,0.0,3.0,2.3,2,116.46666670000002,0,1,1,201.32,1,0,1,15.0,1.0,2
70.0,1,0,5,0,0,2,8.0,1,1,2.0,2,0,4,1,0,9,0,0.0,1.0,3.3,6,116.46666670000002,0,1,1,60.2,1,0,1,15.0,1.0,2
67.0,1,0,2,0,0,2,8.0,1,1,2.0,2,0,0,1,0,9,0,0.0,11.0,4.32,2,116.46666670000002,0,1,1,190.46,0,0,1,16.0,2.0,2
64.0,1,0,6,0,0,2,8.0,1,1,2.0,2,0,0,1,0,9,0,0.0,31.0,4.6,0,116.46666670000002,0,1,1,95.72,1,0,1,30.0,2.0,2
64.0,1,0,2,0,0,2,8.0,1,1,2.0,2,0,0,1,0,9,0,0.0,5.0,4.14,2,116.46666670000002,0,1,1,189.47,0,0,1,7.0,2.0,2
63.0,1,0,3,0,0,2,8.0,1,1,1.0,2,0,1,1,0,9,0,0.0,6.0,2.28,3,116.46666670000002,0,1,1,208.22,0,0,1,14.0,1.0,2
50.0,1,0,5,0,0,2,8.0,1,1,1.0,2,0,4,1,0,9,0,0.0,9.0,4.24,6,116.46666670000002,0,1,1,41.45,1,0,1,12.0,3.0,2
57.0,1,0,5,0,0,2,8.0,1,1,2.0,2,0,4,1,0,9,0,0.0,4.0,3.22,6,116.46666670000002,0,1,1,100.66,0,0,1,11.0,1.0,2
45.0,1,0,5,0,0,2,8.0,0,0,1.0,2,0,4,1,0,9,0,0.0,6.0,2.28,6,116.46666670000002,0,1,1,200.33,1,0,1,14.0,1.0,2
54.0,1,0,2,0,0,2,8.0,1,1,3.0,2,0,0,1,0,9,0,0.0,4.0,4.7,2,116.46666670000002,0,1,1,47.37,1,0,1,35.0,1.0,2
45.0,1,0,2,0,0,2,8.0,0,0,2.0,2,0,0,1,0,9,0,0.0,6.0,3.3,2,116.46666670000002,0,1,1,189.47,0,0,1,15.0,1.0,2
50.0,1,0,2,0,0,2,8.0,0,0,3.0,2,0,0,1,0,9,0,0.0,9.0,4.3,2,116.46666670000002,0,1,1,189.47,0,0,1,15.0,1.0,2
45.0,1,0,5,0,0,2,8.0,1,1,2.0,2,0,4,1,0,9,0,0.0,3.0,5.38,6,116.46666670000002,0,1,1,80.92,1,0,1,19.0,3.0,2
49.0,1,0,5,0,0,2,8.0,1,1,1.0,2,0,4,1,0,9,0,0.0,3.0,2.2,6,116.46666670000002,0,1,1,197.37,0,0,1,10.0,1.0,2
63.0,1,0,5,0,0,2,8.0,0,0,3.0,2,0,4,1,0,9,0,0.0,8.0,5.26,6,116.46666670000002,0,1,1,21.71,1,0,1,13.0,2.0,2
60.0,1,0,5,0,0,2,8.0,1,1,2.0,2,0,4,1,0,9,0,0.0,7.0,3.3,6,116.46666670000002,0,1,1,194.41,0,0,1,15.0,1.0,2
62.0,1,0,6,0,0,2,8.0,0,0,3.0,2,0,0,1,0,9,0,0.0,3.0,4.02,0,116.46666670000002,0,1,1,191.45,0,0,1,1.0,1.0,2
65.0,1,0,6,0,0,2,8.0,1,1,2.0,2,0,0,1,0,9,0,0.0,5.0,3.2,0,116.46666670000002,0,1,1,83.88,1,0,1,10.0,1.0,2
68.0,1,0,5,0,0,2,8.0,1,1,2.0,2,0,4,1,0,9,0,0.0,7.0,3.44,6,116.46666670000002,0,1,1,141.12,1,0,1,22.0,1.0,2
56.0,1,0,2,0,0,2,8.0,1,1,2.0,2,0,0,1,0,9,0,0.0,6.0,3.34,2,116.46666670000002,0,1,1,186.51,0,0,1,17.0,1.0,2
41.0,1,0,5,0,0,2,8.0,0,0,2.0,2,0,4,1,0,9,0,0.0,7.0,4.6,6,116.46666670000002,0,1,1,18.75,1,0,1,30.0,2.0,2
63.0,1,0,6,0,0,2,8.0,1,1,2.0,2,0,0,1,0,9,0,0.0,4.0,3.44,0,116.46666670000002,0,1,1,165.79,0,0,1,22.0,1.0,2
66.0,1,0,5,0,0,2,8.0,1,1,1.0,2,0,4,1,0,9,0,0.0,2.0,2.18,6,116.46666670000002,0,1,1,63.16,1,0,1,9.0,1.0,2
42.0,1,0,2,0,0,2,8.0,0,0,3.0,2,0,2,1,0,9,0,0.0,3.0,4.32,2,116.46666670000002,0,1,1,11.84,1,0,1,16.0,1.0,2
49.0,1,0,2,0,0,2,8.0,0,0,3.0,2,0,0,1,0,9,0,0.0,6.0,6.36,2,116.46666670000002,0,1,1,22.7,1,0,1,18.0,3.0,2
65.0,1,0,5,0,0,2,8.0,1,1,2.0,2,0,4,1,0,9,0,0.0,9.0,4.4,6,116.46666670000002,0,1,1,197.37,0,0,1,20.0,2.0,2
45.0,1,0,2,0,0,2,8.0,0,0,3.0,2,0,0,1,0,9,0,0.0,8.0,5.36,2,116.46666670000002,0,1,1,152.96,0,0,1,18.0,2.0,2
53.0,1,0,5,0,0,2,8.0,1,1,1.0,2,0,4,1,0,9,0,0.0,3.0,2.34,6,116.46666670000002,0,1,1,168.75,0,0,1,17.0,1.0,2
57.0,1,0,2,0,0,2,8.0,1,1,3.0,2,0,0,1,0,9,0,0.0,11.0,5.4,2,116.46666670000002,0,1,1,179.61,0,0,1,20.0,2.0,2
57.0,1,0,6,0,0,2,8.0,1,1,2.0,2,0,0,1,0,9,0,0.0,7.0,5.48,0,116.46666670000002,0,1,1,55.26,1,0,1,24.0,3.0,2
52.0,1,0,5,0,0,2,8.0,1,1,2.0,2,0,4,1,0,9,0,0.0,4.0,4.3,6,116.46666670000002,0,1,1,185.53,0,0,1,15.0,2.0,2
54.0,1,0,2,0,0,2,8.0,0,0,2.0,2,0,0,1,0,9,0,0.0,4.0,4.5,2,116.46666670000002,0,1,1,202.3,0,0,1,25.0,2.0,2
32.0,1,0,5,0,0,2,8.0,1,1,2.0,2,0,4,1,0,9,0,0.0,6.0,3.3,6,116.46666670000002,0,1,1,89.8,1,0,1,15.0,1.0,2
56.0,1,0,5,0,0,2,8.0,0,0,1.0,2,0,4,1,0,9,0,0.0,5.0,2.44,6,116.46666670000002,0,1,1,109.54,0,0,1,22.0,1.0,2
47.0,1,0,2,0,0,2,8.0,0,0,3.0,2,0,0,1,0,9,0,0.0,4.0,4.6,2,116.46666670000002,0,1,1,190.46,0,0,1,30.0,1.0,2
67.0,1,0,2,0,0,2,8.0,1,1,3.0,2,0,0,1,0,9,0,0.0,2.0,4.4,2,116.46666670000002,0,1,1,73.03,1,0,1,20.0,1.0,2
55.0,1,0,2,0,0,2,8.0,0,0,3.0,2,0,0,1,0,9,0,0.0,4.0,5.74,2,116.46666670000002,0,1,1,27.63,1,0,1,37.0,2.0,2
66.0,1,0,6,0,0,2,8.0,0,0,2.0,2,0,0,1,0,9,0,0.0,3.0,5.26,0,116.46666670000002,0,1,1,29.61,0,0,1,13.0,3.0,2
63.0,1,0,2,0,0,2,8.0,1,1,1.0,2,0,7,1,0,9,0,0.0,5.0,2.3,2,116.46666670000002,0,1,1,181.58,0,0,1,15.0,1.0,2
63.0,1,0,2,0,0,2,8.0,0,0,3.0,2,0,0,1,0,9,0,0.0,2.0,6.5,2,116.46666670000002,0,1,1,6.91,1,0,1,25.0,3.0,2
68.0,1,0,2,0,0,2,8.0,1,1,3.0,2,0,0,1,0,9,0,0.0,5.0,4.34,2,116.46666670000002,0,1,1,173.68,0,0,1,17.0,1.0,2
40.0,1,0,2,0,0,2,8.0,0,0,3.0,2,0,0,1,0,9,0,0.0,9.0,4.6,2,116.46666670000002,0,1,1,196.38,0,0,1,30.0,1.0,2
40.0,1,0,5,0,0,2,8.0,1,1,3.0,2,0,4,1,0,9,0,0.0,7.0,4.34,6,116.46666670000002,0,1,1,153.95,0,0,1,17.0,1.0,2
47.0,1,0,2,0,0,2,8.0,0,0,1.0,2,0,0,1,0,9,0,0.0,7.0,2.4,2,116.46666670000002,0,1,1,96.71,1,0,1,20.0,1.0,2
67.0,1,0,2,0,0,2,8.0,1,1,1.0,2,0,0,1,0,9,0,0.0,4.0,3.5,2,116.46666670000002,0,1,1,190.46,0,0,1,25.0,2.0,2
47.0,1,0,2,0,0,2,8.0,0,0,2.0,2,0,0,1,0,9,0,0.0,3.0,3.3,2,116.46666670000002,0,1,1,186.51,0,0,1,15.0,1.0,2
65.0,1,0,2,0,0,2,8.0,1,1,2.0,2,0,0,1,0,9,0,0.0,3.0,4.42,2,116.46666670000002,0,1,1,179.61,0,0,1,21.0,2.0,2
57.0,1,0,5,0,0,2,8.0,1,1,2.0,2,0,4,1,0,9,0,0.0,4.0,4.34,6,116.46666670000002,0,1,1,112.5,1,0,1,17.0,2.0,2
66.0,1,0,5,0,0,2,8.0,1,1,2.0,2,0,4,1,0,9,0,0.0,4.0,4.28,6,116.46666670000002,0,1,1,176.64,0,0,1,14.0,2.0,2
69.0,1,0,2,0,0,2,8.0,1,1,3.0,2,0,0,1,0,9,0,0.0,4.0,4.54,2,116.46666670000002,0,1,1,156.91,0,0,1,27.0,1.0,2
64.0,1,0,6,0,0,2,8.0,1,1,2.0,2,0,0,1,0,9,0,0.0,7.0,3.2,0,116.46666670000002,0,1,1,140.13,0,0,1,10.0,1.0,2
63.0,1,0,6,0,0,2,8.0,1,1,3.0,2,0,0,1,0,9,0,0.0,11.0,4.12,0,116.46666670000002,0,1,1,175.66,0,0,1,6.0,1.0,2
57.0,1,0,2,0,0,2,8.0,1,1,2.0,2,0,0,1,0,9,0,0.0,5.0,3.26,2,116.46666670000002,0,1,1,98.68,0,0,1,13.0,1.0,2
65.0,1,0,2,0,0,2,8.0,1,1,3.0,2,0,0,1,0,9,0,0.0,5.0,6.9,2,116.46666670000002,0,1,1,19.74,1,0,1,45.0,3.0,2
69.0,1,0,2,0,0,2,8.0,0,0,3.0,2,0,0,1,0,9,0,0.0,3.0,4.52,2,116.46666670000002,0,1,1,162.83,0,0,1,26.0,1.0,2
47.0,1,0,2,0,0,2,8.0,0,0,3.0,2,0,0,1,0,9,0,0.0,8.0,4.44,2,116.46666670000002,0,1,1,177.63,0,0,1,22.0,1.0,2
62.0,1,0,5,0,0,2,8.0,1,1,2.0,2,0,4,1,0,9,0,0.0,7.0,4.5,6,116.46666670000002,0,1,1,171.71,0,0,1,25.0,2.0,2
61.0,1,0,5,0,0,2,8.0,1,1,1.0,2,0,4,1,0,9,0,0.0,9.0,2.2,6,116.46666670000002,0,1,1,183.55,0,0,1,10.0,1.0,2
66.0,1,0,5,0,0,2,8.0,1,1,1.0,2,0,4,1,0,9,0,0.0,12.0,2.2,6,116.46666670000002,0,1,1,187.5,0,0,1,10.0,1.0,2
53.0,1,0,5,0,0,2,8.0,1,1,1.0,2,0,4,1,0,9,0,0.0,4.0,3.4,6,116.46666670000002,0,1,1,191.45,0,0,1,20.0,2.0,2
69.0,1,0,5,0,0,2,8.0,1,1,2.0,2,0,4,1,0,9,0,0.0,9.0,3.6,6,116.46666670000002,0,1,1,131.25,0,0,1,30.0,1.0,2
64.0,1,0,2,0,0,2,8.0,0,0,3.0,2,0,0,1,0,9,0,0.0,4.0,4.4,2,116.46666670000002,0,1,1,176.64,0,0,1,20.0,1.0,2
58.0,1,0,6,0,0,2,8.0,1,1,3.0,2,0,0,1,0,9,0,0.0,7.0,4.3,0,116.46666670000002,0,1,1,179.61,0,0,1,15.0,1.0,2
69.0,1,0,2,0,0,2,8.0,0,0,3.0,2,0,0,1,0,9,0,0.0,4.0,4.5,2,116.46666670000002,0,1,1,178.62,0,0,1,25.0,1.0,2
62.0,1,0,2,0,0,2,8.0,1,1,2.0,2,0,0,1,0,9,0,0.0,2.0,3.5,2,116.46666670000002,0,1,1,153.95,0,0,1,25.0,1.0,2
59.0,1,0,2,0,0,2,8.0,1,1,2.0,2,0,0,1,0,9,0,0.0,7.0,4.54,2,116.46666670000002,0,1,1,182.57,0,0,1,27.0,2.0,2
52.0,1,0,2,0,0,2,8.0,1,1,3.0,2,0,0,1,0,9,0,0.0,6.0,4.3,2,116.46666670000002,0,1,1,54.28,1,0,1,15.0,1.0,2
68.0,1,0,5,0,0,2,8.0,1,1,1.0,2,0,4,1,0,9,0,0.0,6.0,2.3,6,116.46666670000002,0,1,1,182.57,0,0,1,15.0,1.0,2
55.0,1,0,2,0,0,2,8.0,1,1,2.0,2,0,0,1,0,9,0,0.0,7.0,3.3,2,116.46666670000002,0,1,1,115.46,1,0,1,15.0,1.0,2
51.0,1,0,5,0,0,2,8.0,1,1,2.0,2,0,4,1,0,9,0,0.0,7.0,4.4,6,116.46666670000002,0,1,1,71.05,1,0,1,20.0,2.0,2
55.0,1,0,5,0,0,2,8.0,1,1,3.0,2,0,4,1,0,9,0,0.0,3.0,6.44,6,116.46666670000002,0,1,1,54.28,1,0,1,22.0,3.0,2
68.0,1,0,6,0,0,2,8.0,1,1,2.0,2,0,0,1,0,9,0,0.0,4.0,3.18,0,116.46666670000002,0,1,1,79.93,0,0,1,9.0,1.0,2
41.0,1,0,2,0,0,2,7.0,1,1,3.0,2,0,0,1,0,9,0,0.0,1.0,4.044,2,116.46666670000002,0,1,1,99.095,1,0,1,22.41,2.0,2
53.55,1,0,2,0,0,2,1.0,1,1,2.0,2,0,0,1,0,9,0,0.0,11.0,3.5,2,116.46666670000002,0,1,1,188.62,0,0,1,25.0,2.0,2
47.88,1,0,2,0,0,2,1.0,0,0,2.0,2,0,0,1,0,9,0,8.0,8.0,6.22,2,116.46666670000002,0,1,1,31.61,1,0,1,61.0,3.0,2
81.55,1,0,2,0,0,2,1.0,1,1,2.0,2,0,0,1,0,9,0,1.0,3.0,4.6,2,116.46666670000002,0,1,1,106.55,0,0,1,30.0,2.0,2
57.07,1,0,2,0,0,2,1.0,0,0,2.0,2,0,0,1,0,9,0,14.0,2.0,5.48,2,116.46666670000002,0,1,1,16.58,1,0,1,24.0,3.0,2
74.13,1,0,2,0,0,2,1.0,1,1,2.0,2,0,0,1,0,9,0,0.0,5.0,3.42,2,116.46666670000002,0,1,1,185.66,0,0,1,21.0,2.0,2
74.05,1,0,2,0,0,2,1.0,1,1,2.0,2,0,0,1,0,9,0,2.0,7.0,4.5,2,116.46666670000002,0,1,1,39.64,0,0,1,25.0,2.0,2
32.87,1,0,6,0,0,2,1.0,0,0,3.0,2,0,0,1,0,9,0,4.0,4.0,7.2,0,116.46666670000002,0,1,1,233.95,0,0,1,60.0,2.0,2
70.28,1,0,2,0,0,2,1.0,1,1,2.0,2,0,0,1,0,9,0,0.0,8.0,3.24,2,116.46666670000002,0,1,1,185.23,0,0,1,12.0,1.0,2
65.66,1,0,2,0,0,2,1.0,1,1,2.0,2,0,0,1,0,9,0,0.0,1.0,3.4,2,116.46666670000002,0,1,1,188.19,0,0,1,20.0,2.0,2
51.66,1,0,2,0,0,2,1.0,1,1,2.0,2,0,0,1,0,9,0,0.0,6.0,3.3,2,116.46666670000002,0,1,1,189.08,0,0,1,15.0,1.0,2
81.33,1,0,2,0,0,2,1.0,0,0,3.0,2,0,0,1,0,9,0,0.0,7.0,5.3,2,116.46666670000002,0,1,1,134.01,0,0,1,65.0,3.0,2
72.01,1,0,2,0,0,2,1.0,1,1,2.0,2,0,0,1,0,9,0,1.0,5.0,4.4,2,116.46666670000002,0,1,1,123.03,0,0,1,20.0,2.0,2
67.42,1,0,3,0,0,2,1.0,1,1,2.0,2,0,1,1,0,9,0,0.0,5.0,4.044,3,116.46666670000002,0,1,1,201.22,0,0,1,14.0,1.0,2
56.88,1,0,2,0,0,2,1.0,1,1,3.0,2,0,0,1,0,9,0,0.0,2.0,4.044,2,116.46666670000002,0,1,1,41.15,0,0,1,20.0,2.0,2
63.54,1,0,2,0,0,2,1.0,0,0,3.0,2,0,0,1,0,9,0,0.0,15.0,4.68,2,116.46666670000002,0,1,1,181.58,0,0,1,34.0,1.0,2
59.27,1,0,2,0,0,2,1.0,1,1,3.0,2,0,0,1,0,9,0,0.0,5.0,4.044,2,116.46666670000002,0,1,1,201.58,0,0,1,13.0,1.0,2
65.81,1,0,2,0,0,2,1.0,1,1,2.0,2,0,0,1,0,9,0,2.0,3.0,4.28,2,116.46666670000002,0,1,1,42.24,1,0,1,14.0,2.0,2
63.25,1,0,3,0,0,2,1.0,0,0,3.0,2,0,1,1,0,9,0,0.0,14.0,4.7,3,116.46666670000002,0,1,1,8.68,1,0,1,35.0,1.0,2
52.0,1,0,2,0,0,2,7.0,0,0,3.0,2,0,0,1,0,9,0,0.0,2.0,4.044,2,116.46666670000002,0,1,1,99.095,1,0,1,22.41,2.0,2
54.0,1,0,2,0,0,2,7.0,1,1,2.0,2,0,0,1,0,9,0,0.0,2.0,4.044,2,116.46666670000002,0,1,1,99.095,0,0,1,22.41,2.0,2
39.0,1,0,4,0,0,2,7.0,1,1,3.0,2,0,5,1,0,9,0,0.0,11.0,4.044,4,116.46666670000002,0,1,1,99.095,0,0,1,22.41,2.0,2
53.0,1,0,6,0,0,2,7.0,1,1,3.0,2,0,0,1,0,9,0,0.0,3.0,4.044,0,116.46666670000002,0,1,1,99.095,0,0,1,22.41,2.0,2
52.0,1,0,2,0,0,2,7.0,1,1,3.0,2,0,0,1,0,9,0,0.0,8.0,4.044,2,116.46666670000002,0,1,1,99.095,0,0,1,22.41,2.0,2
35.0,1,0,2,0,0,2,7.0,0,0,3.0,2,0,0,1,0,9,0,0.0,5.0,4.044,2,116.46666670000002,0,1,1,99.095,1,0,1,22.41,2.0,2
45.0,1,0,2,0,0,2,7.0,1,1,3.0,2,0,0,1,0,9,0,0.0,1.0,4.044,2,116.46666670000002,0,1,1,99.095,0,0,1,22.41,2.0,2
51.0,1,0,2,0,0,2,7.0,1,1,3.0,2,0,0,1,0,9,0,0.0,3.0,4.044,2,116.46666670000002,0,1,1,99.095,1,0,1,22.41,2.0,2
53.0,1,0,2,0,0,2,7.0,1,1,2.0,2,0,0,1,0,9,0,0.0,3.0,4.044,2,116.46666670000002,0,1,1,99.095,0,0,1,22.41,2.0,2
51.0,1,0,2,0,0,2,7.0,1,1,3.0,2,0,0,1,0,9,0,0.0,9.0,4.044,2,116.46666670000002,0,1,1,99.095,1,0,1,22.41,2.0,2
47.0,1,0,2,0,0,2,7.0,1,1,3.0,2,0,0,1,0,9,0,0.0,4.0,4.044,2,116.46666670000002,0,1,1,99.095,1,0,1,22.41,2.0,2
36.0,1,0,2,0,0,2,7.0,0,0,3.0,2,0,0,1,0,9,0,0.0,6.0,4.044,2,116.46666670000002,0,1,1,99.095,0,0,1,22.41,2.0,2
49.0,1,0,3,0,0,2,7.0,1,1,2.0,2,0,1,1,0,9,0,0.0,2.0,4.044,3,116.46666670000002,0,1,1,99.095,1,0,1,22.41,2.0,2
58.0,1,0,2,0,0,2,7.0,0,0,3.0,2,0,0,1,0,9,0,0.0,2.0,4.044,2,116.46666670000002,0,1,1,99.095,0,0,1,22.41,2.0,2
52.0,1,0,2,0,0,2,7.0,1,1,2.0,2,0,0,1,0,9,0,0.0,2.0,4.044,2,116.46666670000002,0,1,1,99.095,0,0,1,22.41,2.0,2
47.0,1,0,2,0,0,2,7.0,0,0,3.0,2,0,0,1,0,9,0,0.0,3.0,4.044,2,116.46666670000002,0,1,1,99.095,1,0,1,22.41,2.0,2
34.0,1,0,2,0,0,2,7.0,0,0,3.0,2,0,0,1,0,9,0,0.0,3.0,4.044,2,116.46666670000002,0,1,1,99.095,1,0,1,22.41,2.0,2
52.0,1,0,6,0,0,2,7.0,1,1,2.0,2,0,0,1,0,9,0,0.0,3.0,4.044,0,116.46666670000002,0,1,1,99.095,0,0,1,22.41,2.0,2
43.0,1,0,2,0,0,2,7.0,0,0,3.0,2,0,0,1,0,9,0,0.0,3.0,4.044,2,116.46666670000002,0,1,1,99.095,1,0,1,22.41,2.0,2
43.0,1,0,2,0,0,2,7.0,0,0,3.0,2,0,0,1,0,9,0,0.0,6.0,4.044,2,116.46666670000002,0,1,1,99.095,0,0,1,22.41,2.0,2
45.0,1,0,2,0,0,2,7.0,0,0,2.0,2,0,0,1,0,9,0,0.0,4.0,4.044,2,116.46666670000002,0,1,1,99.095,1,0,1,22.41,2.0,2
52.0,1,0,2,0,0,2,7.0,0,0,3.0,2,0,0,1,0,9,0,0.0,1.0,4.044,2,116.46666670000002,0,1,1,99.095,0,0,1,22.41,2.0,2
56.0,1,0,6,0,0,2,7.0,1,1,1.0,2,0,0,1,0,9,0,0.0,6.0,4.044,0,116.46666670000002,0,1,1,99.095,1,0,1,22.41,2.0,2
46.0,1,0,2,0,0,2,7.0,1,1,3.0,2,0,0,1,0,9,0,0.0,6.0,4.044,2,116.46666670000002,0,1,1,99.095,1,0,1,22.41,2.0,2
50.0,1,0,2,0,0,2,7.0,0,0,3.0,2,0,0,1,0,9,0,0.0,8.0,4.044,2,116.46666670000002,0,1,1,99.095,0,0,1,22.41,2.0,2
43.0,1,0,2,0,0,2,7.0,0,0,3.0,2,0,2,1,0,9,0,0.0,8.0,4.044,2,116.46666670000002,0,1,1,99.095,0,0,1,22.41,2.0,2
45.0,1,0,2,0,0,2,7.0,1,1,3.0,2,0,0,1,0,9,0,0.0,2.0,4.044,2,116.46666670000002,0,1,1,99.095,0,0,1,22.41,2.0,2
36.0,1,0,2,0,0,2,7.0,1,1,3.0,2,0,0,1,0,9,0,0.0,6.0,4.044,2,116.46666670000002,0,1,1,99.095,1,0,1,22.41,2.0,2
42.0,1,0,2,0,0,2,7.0,1,1,3.0,2,0,0,1,0,9,0,0.0,1.0,4.044,2,116.46666670000002,0,1,1,99.095,0,0,1,22.41,2.0,2
58.0,1,0,6,0,0,2,7.0,1,1,3.0,2,0,0,1,0,9,0,0.0,2.0,4.044,0,116.46666670000002,0,1,1,99.095,1,0,1,22.41,2.0,2
43.0,1,0,2,0,0,2,7.0,1,1,3.0,2,0,0,1,0,9,0,0.0,5.0,4.044,2,116.46666670000002,0,1,1,99.095,0,0,1,22.41,2.0,2
60.0,1,0,2,0,0,2,7.0,1,1,3.0,2,0,0,1,0,9,0,0.0,1.0,4.044,2,116.46666670000002,0,1,1,99.095,0,0,1,22.41,2.0,2
39.0,1,0,6,0,0,2,7.0,1,1,2.0,2,0,0,1,0,9,0,0.0,5.0,4.044,0,116.46666670000002,0,1,1,99.095,1,0,1,22.41,2.0,2
45.0,1,0,2,0,0,2,7.0,1,1,2.0,2,0,0,1,0,9,0,0.0,1.0,4.044,2,116.46666670000002,0,1,1,99.095,0,0,1,22.41,2.0,2
60.0,1,0,2,0,0,2,7.0,1,1,2.0,2,0,0,1,0,9,0,0.0,4.0,4.044,2,116.46666670000002,0,1,1,99.095,0,0,1,22.41,2.0,2
46.0,1,0,2,0,0,2,7.0,1,1,3.0,2,0,0,1,0,9,0,0.0,4.0,4.044,2,116.46666670000002,0,1,1,99.095,1,0,1,22.41,2.0,2
65.0,1,0,2,0,0,2,7.0,1,1,3.0,2,0,0,1,0,9,0,0.0,2.0,4.044,2,116.46666670000002,0,1,1,99.095,0,0,1,22.41,2.0,2
59.18,1,0,2,0,0,2,1.0,0,0,3.0,2,0,0,1,0,9,0,0.0,9.0,4.44,2,116.46666670000002,0,1,1,55.49,0,0,1,22.0,2.0,2
62.72,1,0,2,0,0,2,1.0,1,1,3.0,2,0,0,1,0,9,0,0.0,3.0,4.5,2,116.46666670000002,0,1,1,81.97,1,0,1,25.0,2.0,2
74.7,1,0,2,0,0,2,1.0,0,0,3.0,2,0,0,1,0,9,0,0.0,9.0,4.64,2,116.46666670000002,0,1,1,23.42,1,0,1,32.0,2.0,2
78.94,1,0,2,0,0,2,1.0,1,1,3.0,2,0,0,1,0,9,0,4.0,6.0,7.1,2,116.46666670000002,0,1,1,24.41,1,0,1,55.0,3.0,2
74.41,1,0,2,0,0,2,1.0,1,1,2.0,2,0,0,1,0,9,0,0.0,2.0,3.4,2,116.46666670000002,0,1,1,223.85,0,0,1,20.0,1.0,2
64.33,1,0,2,0,0,2,1.0,1,1,3.0,2,0,0,1,0,9,0,1.0,3.0,5.44,2,116.46666670000002,0,1,1,23.29,1,0,1,22.0,2.0,2
73.15,1,0,2,0,0,2,1.0,0,0,1.0,2,0,0,1,0,9,0,0.0,6.0,4.044,2,116.46666670000002,0,1,1,107.66,0,0,1,11.0,1.0,2
61.18,1,0,6,0,0,2,1.0,1,1,3.0,2,0,0,1,0,9,0,0.0,6.0,4.044,0,116.46666670000002,0,1,1,202.3,0,0,1,17.0,1.0,2
61.11,1,0,6,0,0,2,3.0,1,1,3.0,2,0,0,1,0,9,0,0.0,13.0,4.044,0,116.46666670000002,0,1,1,99.095,0,0,1,22.41,0.0,2
62.45,1,0,2,0,0,2,1.0,0,0,3.0,2,0,0,1,0,9,0,0.0,6.0,4.044,2,116.46666670000002,0,1,1,196.88,0,0,1,25.0,2.0,2
52.12,1,0,2,0,0,2,1.0,1,1,2.0,2,0,0,1,0,9,0,0.0,5.0,3.52,2,116.46666670000002,0,1,1,123.85,0,0,1,26.0,2.0,2
62.97,1,0,2,0,0,2,1.0,1,1,3.0,2,0,0,1,0,9,0,19.0,6.0,6.26,2,116.46666670000002,0,1,1,7.11,1,0,1,130.0,2.0,2
69.63,1,0,2,0,0,2,1.0,1,1,2.0,2,0,0,1,0,9,0,0.0,5.0,4.044,2,116.46666670000002,0,1,1,86.88,0,0,1,24.6,2.0,2
76.32,1,0,2,0,0,2,1.0,1,1,3.0,2,0,0,1,0,9,0,0.0,5.0,4.22,2,116.46666670000002,0,1,1,92.34,0,0,1,11.0,1.0,2
70.6,1,0,2,0,0,2,1.0,1,1,2.0,2,0,0,1,0,9,0,4.0,4.0,4.044,2,116.46666670000002,0,1,1,176.15,0,0,1,24.05,2.0,2
55.07,1,0,2,0,0,2,1.0,1,1,3.0,2,0,0,1,0,9,0,2.0,9.0,4.044,2,116.46666670000002,0,1,1,35.82,1,0,1,19.0,2.0,2
36.95,1,0,2,0,0,2,1.0,1,1,2.0,2,0,0,1,0,9,0,0.0,5.0,3.18,2,116.46666670000002,0,1,1,38.68,1,0,1,9.0,1.0,2
50.92,1,0,5,0,0,2,1.0,1,1,3.0,2,0,4,1,0,9,0,1.0,4.0,4.044,6,116.46666670000002,0,1,1,18.22,1,0,1,1.7,2.0,2
50.01,1,0,0,0,0,2,1.0,0,0,3.0,2,0,6,1,0,9,0,1.0,4.0,4.044,1,116.46666670000002,0,1,1,74.51,1,0,1,17.3,2.0,2
57.94,1,0,2,0,0,2,1.0,1,1,2.0,2,0,0,1,0,9,0,5.0,3.0,5.68,2,116.46666670000002,0,1,1,2.2,1,0,1,34.0,4.0,2
32.69,1,0,2,0,0,2,1.0,0,0,3.0,2,0,2,1,0,9,0,0.0,16.0,4.044,2,116.46666670000002,0,1,1,14.87,1,0,1,21.4,2.0,2
42.39,1,0,2,0,0,2,1.0,0,0,2.0,2,0,0,1,0,9,0,3.0,5.0,4.044,2,116.46666670000002,0,1,1,210.1,0,0,1,25.0,2.0,2
46.5,1,0,2,0,0,2,1.0,1,1,3.0,2,0,0,1,0,9,0,4.0,1.0,7.0,2,116.46666670000002,0,1,1,162.99,0,0,1,50.0,3.0,2
86.16,1,0,2,0,0,2,1.0,1,1,2.0,2,0,0,1,0,9,0,1.0,2.0,4.4,2,116.46666670000002,0,1,1,28.78,0,0,1,20.0,1.0,2
79.9,1,0,2,0,0,2,1.0,0,0,3.0,2,0,0,1,0,9,0,4.0,3.0,7.0,2,116.46666670000002,0,1,1,11.94,0,0,1,50.0,2.0,2
53.69,1,0,5,0,0,2,1.0,1,1,3.0,2,0,4,1,0,9,0,0.0,1.0,4.044,6,116.46666670000002,0,1,1,113.36,1,0,1,30.0,3.0,2
73.89,1,0,2,0,0,2,1.0,1,1,1.0,2,0,0,1,0,9,0,0.0,5.0,2.02,2,116.46666670000002,0,1,1,139.01,0,0,1,12.0,1.0,2
82.84,1,0,2,0,0,2,1.0,1,1,2.0,2,0,0,1,0,9,0,0.0,5.0,3.28,2,116.46666670000002,0,1,1,101.38,0,0,1,14.0,1.0,2
82.49,1,0,3,0,0,2,1.0,1,1,3.0,2,0,1,1,0,9,0,7.0,5.0,6.5,3,116.46666670000002,0,1,1,27.5,1,0,1,26.0,3.0,2
59.91,1,0,5,0,0,2,1.0,1,1,3.0,2,0,4,1,0,9,0,0.0,5.0,4.28,6,116.46666670000002,0,1,1,90.1,1,0,1,14.0,1.0,2
69.47,1,0,2,0,0,2,1.0,1,1,2.0,2,0,0,1,0,9,0,1.0,3.0,4.46,2,116.46666670000002,0,1,1,123.19,0,0,1,23.0,2.0,2
60.0,1,0,6,0,0,2,7.0,1,1,3.0,2,0,0,1,0,9,0,0.0,5.0,4.044,0,116.46666670000002,0,1,1,99.095,0,0,1,22.41,2.0,2
59.0,1,0,2,0,0,2,7.0,0,0,3.0,2,0,0,1,0,9,0,0.0,6.0,4.044,2,116.46666670000002,0,1,1,99.095,1,0,1,22.41,2.0,2
47.0,1,0,6,0,0,2,7.0,1,1,3.0,2,0,0,1,0,9,0,0.0,5.0,4.044,0,116.46666670000002,0,1,1,99.095,0,0,1,22.41,2.0,2
31.0,1,0,6,0,0,2,7.0,1,1,2.0,2,0,0,1,0,9,0,0.0,3.0,4.044,0,116.46666670000002,0,1,1,99.095,0,0,1,22.41,2.0,2
65.0,1,0,2,0,0,2,7.0,1,1,2.0,2,0,0,1,0,9,0,0.0,2.0,4.044,2,116.46666670000002,0,1,1,99.095,0,0,1,22.41,2.0,2
47.0,1,0,2,0,0,2,7.0,1,1,2.0,2,0,0,1,0,9,0,0.0,35.0,4.044,2,116.46666670000002,0,1,1,99.095,0,0,1,22.41,2.0,2
62.0,1,0,2,0,0,2,7.0,1,1,2.0,2,0,0,1,0,9,0,0.0,6.0,4.044,2,116.46666670000002,0,1,1,99.095,0,0,1,22.41,2.0,2
51.0,1,0,2,0,0,2,7.0,1,1,3.0,2,0,0,1,0,9,0,0.0,16.0,4.044,2,116.46666670000002,0,1,1,99.095,0,0,1,22.41,2.0,2
57.0,1,0,2,0,0,2,7.0,1,1,2.0,2,0,0,1,0,9,0,0.0,2.0,4.044,2,116.46666670000002,0,1,1,99.095,0,0,1,22.41,2.0,2
52.0,1,0,6,0,0,2,7.0,1,1,3.0,2,0,0,1,0,9,0,0.0,4.0,4.044,0,116.46666670000002,0,1,1,99.095,0,0,1,22.41,2.0,2
46.0,1,0,6,0,0,2,7.0,0,0,2.0,2,0,0,1,0,9,0,0.0,3.0,4.044,0,116.46666670000002,0,1,1,99.095,0,0,1,22.41,2.0,2
64.0,1,0,2,0,0,2,7.0,0,0,3.0,2,0,0,1,0,9,0,0.0,4.0,4.044,2,116.46666670000002,0,1,1,99.095,0,0,1,22.41,2.0,2
47.0,1,0,2,0,0,2,7.0,0,0,3.0,2,0,0,1,0,9,0,0.0,1.0,4.044,2,116.46666670000002,0,1,1,99.095,0,0,1,22.41,2.0,2
61.0,1,0,2,0,0,2,7.0,0,0,3.0,2,0,0,1,0,9,0,0.0,3.0,4.044,2,116.46666670000002,0,1,1,99.095,0,0,1,22.41,2.0,2
56.0,1,0,2,0,0,2,7.0,0,0,3.0,2,0,0,1,0,9,0,0.0,3.0,4.044,2,116.46666670000002,0,1,1,99.095,1,0,1,22.41,2.0,2
37.0,1,0,2,0,0,2,7.0,0,0,3.0,2,0,0,1,0,9,0,0.0,1.0,4.044,2,116.46666670000002,0,1,1,99.095,1,0,1,22.41,2.0,2
37.0,1,0,6,0,0,2,7.0,0,0,3.0,2,0,0,1,0,9,0,0.0,1.0,4.044,0,116.46666670000002,0,1,1,99.095,0,0,1,22.41,2.0,2
37.0,1,0,3,0,0,2,7.0,1,1,2.0,2,0,1,1,0,9,0,0.0,3.0,4.044,3,116.46666670000002,0,1,1,99.095,0,0,1,22.41,2.0,2
55.0,1,0,6,0,0,2,7.0,0,0,3.0,2,0,0,1,0,9,0,0.0,1.0,4.044,0,116.46666670000002,0,1,1,99.095,1,0,1,22.41,2.0,2
37.0,1,0,2,0,0,2,7.0,1,1,2.0,2,0,0,1,0,9,0,0.0,1.0,4.044,2,116.46666670000002,0,1,1,99.095,0,0,1,22.41,2.0,2
60.0,1,0,2,0,0,2,7.0,0,0,3.0,2,0,0,1,0,9,0,0.0,3.0,4.044,2,116.46666670000002,0,1,1,99.095,0,0,1,22.41,2.0,2
49.0,1,0,6,0,0,2,7.0,1,1,3.0,2,0,0,1,0,9,0,0.0,3.0,4.044,0,116.46666670000002,0,1,1,99.095,1,0,1,22.41,2.0,2
40.0,1,0,2,0,0,2,7.0,0,0,3.0,2,0,0,1,0,9,0,0.0,1.0,4.044,2,116.46666670000002,0,1,1,99.095,0,0,1,22.41,2.0,2
42.0,1,0,3,0,0,2,7.0,1,1,2.0,2,0,1,1,0,9,0,0.0,4.0,4.044,3,116.46666670000002,0,1,1,99.095,1,0,1,22.41,2.0,2
30.0,1,0,6,0,0,2,7.0,1,1,2.0,2,0,0,1,0,9,0,0.0,4.0,4.044,0,116.46666670000002,0,1,1,99.095,1,0,1,22.41,2.0,2
42.0,1,0,2,0,0,2,7.0,1,1,3.0,2,0,0,1,0,9,0,0.0,5.0,4.044,2,116.46666670000002,0,1,1,99.095,1,0,1,22.41,2.0,2
41.0,1,0,6,0,0,2,7.0,0,0,3.0,2,0,0,1,0,9,0,0.0,5.0,4.044,0,116.46666670000002,0,1,1,99.095,0,0,1,22.41,2.0,2
58.0,1,0,2,0,0,2,7.0,1,1,3.0,2,0,0,1,0,9,0,0.0,2.0,4.044,2,116.46666670000002,0,1,1,99.095,0,0,1,22.41,2.0,2
55.0,1,0,2,0,0,2,7.0,0,0,3.0,2,0,0,1,0,9,0,0.0,4.0,4.044,2,116.46666670000002,0,1,1,99.095,0,0,1,22.41,2.0,2
40.0,1,0,2,0,0,2,7.0,1,1,2.0,2,0,0,1,0,9,0,0.0,4.0,4.044,2,116.46666670000002,0,1,1,99.095,0,0,1,22.41,2.0,2
27.0,1,0,6,0,0,2,7.0,1,1,3.0,2,0,0,1,0,9,0,0.0,1.0,4.044,0,116.46666670000002,0,1,1,99.095,1,0,1,22.41,2.0,2
32.0,1,0,2,0,0,2,7.0,1,1,3.0,2,0,0,1,0,9,0,0.0,11.0,4.044,2,116.46666670000002,0,1,1,99.095,0,0,1,22.41,2.0,2
36.0,1,0,2,0,0,2,7.0,1,1,2.0,2,0,0,1,0,9,0,0.0,5.0,4.044,2,116.46666670000002,0,1,1,99.095,0,0,1,22.41,2.0,2
59.0,1,0,6,0,0,2,7.0,0,0,2.0,2,0,0,1,0,9,0,0.0,2.0,4.044,0,116.46666670000002,0,1,1,99.095,1,0,1,22.41,2.0,2
61.0,1,0,2,0,0,2,7.0,1,1,3.0,2,0,0,1,0,9,0,0.0,1.0,4.044,2,116.46666670000002,0,1,1,99.095,1,0,1,22.41,2.0,2
69.0,1,0,6,0,0,2,7.0,1,1,3.0,2,0,0,1,0,9,0,0.0,6.0,4.044,0,116.46666670000002,0,1,1,99.095,0,0,1,22.41,2.0,2
70.05,1,0,2,0,0,2,1.0,1,1,3.0,2,0,0,1,0,9,0,0.0,9.0,4.42,2,116.46666670000002,0,1,1,84.93,0,0,1,21.0,2.0,2
68.48,1,0,2,0,0,2,1.0,1,1,2.0,2,0,0,1,0,9,0,0.0,8.0,3.28,2,116.46666670000002,0,1,1,171.32,0,0,1,14.0,1.0,2
73.78,1,0,2,0,0,2,1.0,1,1,3.0,2,0,0,1,0,9,0,2.0,5.0,5.42,2,116.46666670000002,0,1,1,72.3,1,0,1,21.0,2.0,2
60.98,1,0,2,0,0,2,1.0,0,0,2.0,2,0,0,1,0,9,0,0.0,3.0,3.2,2,116.46666670000002,0,1,1,252.53,0,0,1,10.0,1.0,2
86.0,1,0,2,0,0,2,1.0,1,1,3.0,2,0,0,1,0,9,0,0.0,1.0,4.6,2,116.46666670000002,0,1,1,23.19,1,0,1,30.0,2.0,2
54.82,1,0,2,0,0,2,1.0,1,1,3.0,2,0,0,1,0,9,0,0.0,3.0,4.6,2,116.46666670000002,0,1,1,40.49,1,0,1,30.0,2.0,2
44.11,1,0,2,0,0,2,1.0,0,0,3.0,2,0,0,1,0,9,0,3.0,2.0,5.8,2,116.46666670000002,0,1,1,297.01,0,0,1,40.0,2.0,2
51.7,1,0,2,0,0,2,1.0,0,0,3.0,2,0,0,1,0,9,0,0.0,4.0,4.3,2,116.46666670000002,0,1,1,259.74,0,0,1,15.0,1.0,2
76.0,1,0,6,0,0,2,1.0,1,1,2.0,2,0,0,1,0,9,0,0.0,8.0,3.2,0,116.46666670000002,0,1,1,67.4,0,0,1,10.0,1.0,2
40.94,1,0,2,0,0,2,1.0,1,1,3.0,2,0,0,1,0,9,0,0.0,5.0,4.4,2,116.46666670000002,0,1,1,15.59,1,0,1,20.0,1.0,2
43.89,1,0,5,0,0,2,1.0,0,0,3.0,2,0,4,1,0,9,0,2.0,6.0,5.6,6,116.46666670000002,0,1,1,10.79,1,0,1,30.0,2.0,2
61.55,1,0,0,0,0,2,1.0,0,0,3.0,2,0,6,1,0,9,0,0.0,13.0,4.5,1,116.46666670000002,0,1,1,302.83,0,0,1,25.0,2.0,2
81.59,1,0,2,0,0,2,1.0,1,1,2.0,2,0,0,1,0,9,0,0.0,3.0,4.044,2,116.46666670000002,0,1,1,73.91,0,0,1,60.0,2.0,2
76.18,1,0,2,0,0,2,1.0,1,1,2.0,2,0,0,1,0,9,0,1.0,6.0,4.5,2,116.46666670000002,0,1,1,137.5,0,0,1,25.0,2.0,2
35.45,1,0,2,0,0,2,1.0,0,0,3.0,2,0,0,1,0,9,0,0.0,8.0,5.0,2,116.46666670000002,0,1,1,269.34,0,0,1,50.0,2.0,2
64.51,1,0,6,0,0,2,1.0,0,0,3.0,2,0,0,1,0,9,0,0.0,3.0,4.42,0,116.46666670000002,0,1,1,289.21,0,0,1,21.0,2.0,2
71.88,1,0,2,0,0,2,1.0,1,1,3.0,2,0,0,1,0,9,0,0.0,4.0,4.6,2,116.46666670000002,0,1,1,118.36,0,0,1,30.0,2.0,2
37.09,1,0,2,0,0,2,1.0,0,0,3.0,2,0,0,1,0,9,0,11.0,5.0,6.5,2,116.46666670000002,0,1,1,230.49,0,0,1,25.0,2.0,2
57.41,1,0,2,0,0,2,1.0,1,1,3.0,2,0,0,1,0,9,0,0.0,5.0,4.36,2,116.46666670000002,0,1,1,277.47,0,0,1,18.0,1.0,2
53.81,1,0,2,0,0,2,1.0,1,1,3.0,2,0,0,1,0,9,0,5.0,9.0,6.5,2,116.46666670000002,0,1,1,53.42,1,0,1,25.0,2.0,2
65.04,1,0,2,0,0,2,1.0,1,1,3.0,2,0,0,1,0,9,0,0.0,7.0,4.6,2,116.46666670000002,0,1,1,71.78,1,0,1,30.0,2.0,2
78.0,1,0,3,0,0,2,1.0,1,1,3.0,2,0,1,1,0,9,0,1.0,11.0,5.8,3,116.46666670000002,0,1,1,108.98,1,0,1,40.0,2.0,2
46.14,1,0,2,0,0,2,1.0,0,0,3.0,2,0,0,1,0,9,0,20.0,4.0,6.26,2,116.46666670000002,0,1,1,162.07,1,0,1,13.0,2.0,2
71.74,1,0,2,0,0,2,1.0,0,0,3.0,2,0,0,1,0,9,0,8.0,4.0,6.6,2,116.46666670000002,0,1,1,11.74,1,0,1,30.0,2.0,2
78.27,1,0,2,0,0,2,1.0,1,1,3.0,2,0,0,1,0,9,0,3.0,4.0,5.5,2,116.46666670000002,0,1,1,42.5,1,0,1,25.0,2.0,2
70.68,1,0,2,0,0,2,1.0,1,1,3.0,2,0,0,1,0,9,0,3.0,6.0,5.9,2,116.46666670000002,0,1,1,7.6,1,0,1,45.0,2.0,2
71.2,1,0,2,0,0,2,1.0,1,1,2.0,2,0,0,1,0,9,0,0.0,5.0,3.4,2,116.46666670000002,0,1,1,45.43,1,0,1,20.0,1.0,2
29.96,1,0,2,0,0,2,1.0,0,0,3.0,2,0,0,1,0,9,0,0.0,6.0,5.0,2,116.46666670000002,0,1,1,12.76,1,0,1,50.0,2.0,2
73.84,1,0,2,0,0,2,1.0,1,1,2.0,2,0,0,1,0,9,0,0.0,14.0,4.4,2,116.46666670000002,0,1,1,56.05,0,0,1,70.0,2.0,2
63.02,1,0,2,0,0,2,1.0,1,1,2.0,2,0,0,1,0,9,0,0.0,5.0,3.44,2,116.46666670000002,0,1,1,192.43,0,0,1,22.0,1.0,2
60.55,1,0,2,0,0,2,1.0,1,1,3.0,2,0,0,1,0,9,0,1.0,4.0,4.044,2,116.46666670000002,0,1,1,113.52,0,0,1,19.5,2.0,2
54.27,1,0,2,0,0,2,1.0,0,0,3.0,2,0,0,1,0,9,0,0.0,15.0,4.044,2,116.46666670000002,0,1,1,172.99,0,0,1,21.0,2.0,2
78.29,1,0,5,0,0,2,1.0,1,1,2.0,2,0,4,1,0,9,0,3.0,12.0,4.044,6,116.46666670000002,0,1,1,26.88,0,0,1,30.0,2.0,2
75.92,1,0,2,0,0,2,1.0,1,1,2.0,2,0,0,1,0,9,0,0.0,6.0,4.044,2,116.46666670000002,0,1,1,91.48,1,0,1,30.0,2.0,2
82.28,1,0,2,0,0,2,1.0,1,1,2.0,2,0,0,1,0,9,0,0.0,12.0,4.044,2,116.46666670000002,0,1,1,61.02,0,0,1,31.0,2.0,2
37.22,1,0,2,0,0,2,1.0,1,1,2.0,2,0,0,1,0,9,0,0.0,3.0,3.4,2,116.46666670000002,0,1,1,12.34,1,0,1,20.0,1.0,2
42.85,1,0,2,0,0,2,1.0,1,1,1.0,2,0,0,1,0,9,0,0.0,4.0,2.9,2,116.46666670000002,0,1,1,320.36,0,0,1,45.0,2.0,2
63.72,1,0,5,0,0,2,1.0,1,1,2.0,2,0,4,1,0,9,0,0.0,4.0,3.8,6,116.46666670000002,0,1,1,118.68,1,0,1,40.0,2.0,2
67.7,1,0,3,0,0,2,1.0,1,1,2.0,2,0,1,1,0,9,0,0.0,6.0,4.044,3,116.46666670000002,0,1,1,55.89,1,0,1,40.0,2.0,2
54.02,1,0,2,0,0,2,1.0,1,1,2.0,2,0,0,1,0,9,0,0.0,3.0,3.24,2,116.46666670000002,0,1,1,12.57,1,0,1,12.0,2.0,2
76.7,1,0,2,0,0,2,1.0,1,1,2.0,2,0,0,1,0,9,0,0.0,7.0,3.4,2,116.46666670000002,0,1,1,71.84,0,0,1,20.0,2.0,2
75.3,1,0,5,0,0,2,1.0,1,1,3.0,2,0,4,1,0,9,0,3.0,3.0,5.78,6,116.46666670000002,0,1,1,94.74,0,0,1,39.0,2.0,2
86.69,1,0,5,0,0,2,1.0,1,1,3.0,2,0,4,1,0,9,0,9.0,5.0,6.56,6,116.46666670000002,0,1,1,30.43,1,0,1,28.0,2.0,2
62.8,1,0,6,0,0,2,1.0,0,0,3.0,2,0,0,1,0,9,0,1.0,5.0,5.9,0,116.46666670000002,0,1,1,25.23,1,0,1,45.0,2.0,2
73.51,1,0,5,0,0,2,1.0,1,1,2.0,2,0,4,1,0,9,0,0.0,4.0,3.32,6,116.46666670000002,0,1,1,58.68,0,0,1,16.0,2.0,2
71.97,1,0,0,0,0,2,1.0,1,1,1.0,2,0,6,1,0,9,0,0.0,6.0,4.044,1,116.46666670000002,0,1,1,88.78,0,0,1,12.0,2.0,2
32.95,1,0,5,0,0,2,1.0,0,0,3.0,2,0,4,1,0,9,0,1.0,7.0,5.6,6,116.46666670000002,0,1,1,46.41,0,0,1,30.0,2.0,2
50.69,1,0,2,0,0,2,1.0,0,0,3.0,2,0,0,1,0,9,0,1.0,8.0,5.4,2,116.46666670000002,0,1,1,104.14,0,0,1,20.0,2.0,2
47.47,1,0,2,0,0,2,1.0,0,0,2.0,2,0,0,1,0,9,0,9.0,4.0,4.044,2,116.46666670000002,0,1,1,81.91,1,0,1,43.0,2.0,2
81.05,1,0,2,0,0,2,1.0,1,1,1.0,2,0,0,1,0,9,0,0.0,7.0,2.54,2,116.46666670000002,0,1,1,91.38,0,0,1,27.0,2.0,2
51.29,1,0,5,0,0,2,1.0,1,1,2.0,2,0,4,1,0,9,0,0.0,2.0,3.26,6,116.46666670000002,0,1,1,179.05,1,0,1,13.0,1.0,2
62.91,1,0,2,0,0,2,1.0,1,1,3.0,2,0,0,1,0,9,0,0.0,3.0,4.044,2,116.46666670000002,0,1,1,27.63,1,0,1,15.0,2.0,2
42.08,1,0,2,0,0,2,1.0,1,1,2.0,2,0,0,1,0,9,0,0.0,5.0,3.7,2,116.46666670000002,0,1,1,74.21,1,0,1,35.0,2.0,2
45.99,1,0,2,0,0,2,1.0,0,0,3.0,2,0,0,1,0,9,0,0.0,3.0,4.6,2,116.46666670000002,0,1,1,332.93,0,0,1,30.0,2.0,2
48.49,1,0,5,0,0,2,1.0,0,0,3.0,2,0,4,1,0,9,0,0.0,5.0,4.8,6,116.46666670000002,0,1,1,359.08,0,0,1,40.0,2.0,2
59.35,1,0,2,0,0,2,1.0,0,0,3.0,2,0,0,1,0,9,0,0.0,6.0,5.0,2,116.46666670000002,0,1,1,384.21,0,0,1,50.0,2.0,2
40.87,1,0,2,0,0,2,1.0,0,0,3.0,2,0,0,1,0,9,0,2.0,9.0,5.34,2,116.46666670000002,0,1,1,52.3,1,0,1,17.0,2.0,2
70.92,1,0,2,0,0,2,1.0,1,1,2.0,2,0,0,1,0,9,0,0.0,7.0,4.16,2,116.46666670000002,0,1,1,11.38,1,0,1,58.0,2.0,2
67.28,1,0,6,0,0,2,1.0,1,1,2.0,2,0,0,1,0,9,0,0.0,4.0,3.4,0,116.46666670000002,0,1,1,63.91,1,0,1,20.0,2.0,2
69.72,1,0,2,0,0,2,1.0,1,1,2.0,2,0,0,1,0,9,0,0.0,5.0,3.5,2,116.46666670000002,0,1,1,26.88,1,0,1,25.0,2.0,2
69.58,1,0,6,0,0,2,1.0,1,1,3.0,2,0,0,1,0,9,0,0.0,8.0,4.044,0,116.46666670000002,0,1,1,1.68,1,0,1,50.0,2.0,2
47.87,1,0,6,0,0,2,1.0,0,0,2.0,2,0,0,1,0,9,0,0.0,6.0,4.044,0,116.46666670000002,0,1,1,370.03,0,0,1,25.0,3.0,2
59.42,1,0,2,0,0,2,1.0,1,1,3.0,2,0,0,1,0,9,0,0.0,8.0,4.044,2,116.46666670000002,0,1,1,120.26,1,0,1,25.0,2.0,2
46.21,1,0,2,0,0,2,1.0,0,0,2.0,2,0,0,1,0,9,0,6.0,1.0,5.7,2,116.46666670000002,0,1,1,9.34,1,0,1,35.0,2.0,2
77.97,1,0,3,0,0,2,1.0,1,1,3.0,2,0,1,1,0,9,0,0.0,7.0,4.4,3,116.46666670000002,0,1,1,56.84,1,0,1,20.0,1.0,2
28.83,1,0,2,0,0,2,1.0,1,1,3.0,2,0,0,1,0,9,0,0.0,5.0,4.42,2,116.46666670000002,0,1,1,326.32,0,0,1,21.0,2.0,2
44.04,1,0,5,0,0,2,1.0,1,1,2.0,2,0,4,1,0,9,0,0.0,4.0,4.044,6,116.46666670000002,0,1,1,26.45,0,0,1,19.0,1.0,2
81.42,1,0,2,0,0,2,1.0,1,1,3.0,2,0,0,1,0,9,0,5.0,18.0,4.044,2,116.46666670000002,0,1,1,75.59,0,0,1,50.0,2.0,2
52.11,1,0,2,0,0,2,1.0,0,0,2.0,2,0,0,1,0,9,0,0.0,5.0,3.5,2,116.46666670000002,0,1,1,9.38,1,0,1,25.0,2.0,2
55.17,1,0,2,0,0,2,1.0,0,0,3.0,2,0,0,1,0,9,0,0.0,1.0,5.0,2,116.46666670000002,0,1,1,98.85,0,0,1,50.0,2.0,2
57.19,1,0,5,0,0,2,1.0,1,1,3.0,2,0,4,1,0,9,0,0.0,5.0,4.044,6,116.46666670000002,0,1,1,13.82,1,0,1,45.0,2.0,2
66.83,1,0,2,0,0,2,1.0,1,1,3.0,2,0,0,1,0,9,0,9.0,9.0,6.9,2,116.46666670000002,0,1,1,17.43,1,0,1,45.0,2.0,2
66.74,1,0,2,0,0,2,1.0,1,1,3.0,2,0,0,1,0,9,0,0.0,5.0,4.8,2,116.46666670000002,0,1,1,119.01,0,0,1,40.0,2.0,2
77.09,1,0,2,0,0,2,1.0,1,1,2.0,2,0,0,1,0,9,0,0.0,11.0,4.044,2,116.46666670000002,0,1,1,9.7,0,0,1,50.0,2.0,2
53.73,1,0,2,0,0,2,1.0,1,1,3.0,2,0,0,1,0,9,0,0.0,8.0,4.4,2,116.46666670000002,0,1,1,65.53,1,0,1,20.0,1.0,2
67.01,1,0,2,0,0,2,1.0,1,1,2.0,2,0,0,1,0,9,0,0.0,3.0,3.6,2,116.46666670000002,0,1,1,118.55,0,0,1,30.0,2.0,2
57.83,1,0,2,0,0,2,1.0,0,0,2.0,2,0,0,1,0,9,0,0.0,5.0,3.6,2,116.46666670000002,0,1,1,27.83,1,0,1,30.0,2.0,2
60.02,1,0,2,0,0,2,1.0,0,0,3.0,2,0,0,1,0,9,0,0.0,2.0,4.044,2,116.46666670000002,0,1,1,166.64,0,0,1,40.0,2.0,2
52.25,1,0,2,0,0,2,1.0,0,0,3.0,2,0,0,1,0,9,0,0.0,3.0,4.044,2,116.46666670000002,0,1,1,19.57,1,0,1,30.0,2.0,2
50.39,1,0,5,0,0,2,1.0,0,0,3.0,2,0,4,1,0,9,0,12.0,13.0,6.4,6,116.46666670000002,0,1,1,8.45,1,0,1,20.0,2.0,2
72.64,1,0,2,0,0,2,1.0,1,1,3.0,2,0,0,1,0,9,0,0.0,4.0,4.3,2,116.46666670000002,0,1,1,54.97,1,0,1,15.0,1.0,2
72.9,1,0,3,0,0,2,1.0,0,0,2.0,2,0,1,1,0,9,0,0.0,6.0,3.6,3,116.46666670000002,0,1,1,33.19,0,0,1,30.0,2.0,2
45.24,1,0,2,0,0,2,1.0,0,0,3.0,2,0,0,1,0,9,0,0.0,7.0,4.044,2,116.46666670000002,0,1,1,54.8,1,0,1,22.41,2.0,2
62.36,1,0,2,0,0,2,1.0,0,0,2.0,2,0,0,1,0,9,0,0.0,2.0,4.044,2,116.46666670000002,0,1,1,1.02,1,0,1,40.0,2.0,2
64.69,1,0,6,0,0,2,1.0,1,1,3.0,2,0,0,1,0,9,0,1.0,5.0,6.44,0,116.46666670000002,0,1,1,130.26,0,0,1,22.0,3.0,2
67.57,1,0,6,0,0,2,1.0,0,0,3.0,2,0,0,1,0,9,0,0.0,6.0,4.44,0,116.46666670000002,0,1,1,25.92,0,0,1,22.0,1.0,2
73.59,1,0,6,0,0,2,1.0,0,0,3.0,2,0,0,1,0,9,0,0.0,6.0,4.044,0,116.46666670000002,0,1,1,198.36,0,0,1,26.0,2.0,2
61.47,1,0,6,0,0,2,1.0,1,1,2.0,2,0,0,1,0,9,0,0.0,2.0,3.46,0,116.46666670000002,0,1,1,192.43,0,0,1,23.0,1.0,2
52.0,1,0,6,0,0,2,1.0,1,1,1.0,2,0,0,1,0,9,0,0.0,4.0,2.44,0,116.46666670000002,0,1,1,30.79,1,0,1,22.0,1.0,2
47.6,1,0,6,0,0,2,1.0,1,1,2.0,2,0,0,1,0,9,0,1.0,2.0,4.46,0,116.46666670000002,0,1,1,55.07,1,0,1,23.0,2.0,2
35.78,1,0,6,0,0,2,1.0,0,0,3.0,2,0,0,1,0,9,0,1.0,7.0,5.46,0,116.46666670000002,0,1,1,200.33,0,0,1,23.0,2.0,2
43.39,1,0,6,0,0,2,1.0,1,1,3.0,2,0,0,1,0,9,0,6.0,3.0,4.044,0,116.46666670000002,0,1,1,194.87,0,0,1,22.41,2.0,2
73.45,1,0,6,0,0,2,1.0,0,0,3.0,2,0,0,1,0,9,0,0.0,4.0,4.044,0,116.46666670000002,0,1,1,149.77,1,0,1,70.0,2.0,2
55.06,1,0,6,0,0,2,1.0,1,1,2.0,2,0,0,1,0,9,0,1.0,2.0,4.8,0,116.46666670000002,0,1,1,23.68,1,0,1,40.0,2.0,2
33.96,1,0,6,0,0,2,1.0,0,0,1.0,2,0,0,1,0,9,0,0.0,2.0,2.5,0,116.46666670000002,0,1,1,198.36,0,0,1,25.0,1.0,2
47.28,1,0,6,0,0,2,1.0,1,1,2.0,2,0,0,1,0,9,0,0.0,3.0,3.5,0,116.46666670000002,0,1,1,225.99,0,0,1,25.0,1.0,2
45.33,1,0,6,0,0,2,1.0,0,0,3.0,2,0,0,1,0,9,0,2.0,8.0,5.026,0,116.46666670000002,0,1,1,34.05,1,0,1,13.0,2.0,2
43.04,1,0,6,0,0,2,1.0,0,0,3.0,2,0,0,1,0,9,0,2.0,5.0,5.16,0,116.46666670000002,0,1,1,201.55,0,0,1,80.0,2.0,2
59.5,1,0,2,0,0,2,1.0,1,1,2.0,2,0,0,1,0,9,0,2.0,4.0,4.03,2,116.46666670000002,0,1,1,160.23,1,0,1,15.0,2.0,2
58.7,1,0,2,0,0,2,1.0,0,0,3.0,2,0,0,1,0,9,0,0.0,10.0,4.03,2,116.46666670000002,0,1,1,52.86,0,0,1,15.0,1.0,2
72.88,1,0,6,0,0,2,1.0,1,1,2.0,2,0,0,1,0,9,0,0.0,6.0,3.03,0,116.46666670000002,0,1,1,95.79,1,0,1,15.0,1.0,2
77.31,1,0,2,0,0,2,1.0,1,1,2.0,2,0,0,1,0,9,0,15.0,8.0,5.1,2,116.46666670000002,0,1,1,57.53,1,0,1,50.0,2.0,2
55.77,1,0,6,0,0,2,1.0,1,1,2.0,2,0,0,1,0,9,0,0.0,5.0,3.04,0,116.46666670000002,0,1,1,249.57,0,0,1,20.0,1.0,2
68.08,1,0,6,0,0,2,1.0,1,1,1.0,2,0,0,1,0,9,0,0.0,6.0,2.3,0,116.46666670000002,0,1,1,92.93,0,0,1,15.0,1.0,2
71.38,1,0,2,0,0,2,1.0,1,1,2.0,2,0,0,1,0,9,0,0.0,5.0,3.03,2,116.46666670000002,0,1,1,155.76,0,0,1,15.0,1.0,2
28.05,1,0,2,0,0,2,1.0,0,0,3.0,2,0,0,1,0,9,0,1.0,7.0,5.07,2,116.46666670000002,0,1,1,23.26,1,0,1,35.0,2.0,2
66.53,1,0,2,0,0,2,1.0,1,1,2.0,2,0,0,1,0,9,0,0.0,8.0,3.04,2,116.46666670000002,0,1,1,240.95,1,0,1,20.0,1.0,2
73.81,1,0,2,0,0,2,1.0,1,1,2.0,2,0,0,1,0,9,0,0.0,6.0,3.03,2,116.46666670000002,0,1,1,120.89,1,0,1,15.0,1.0,2
36.04,1,0,2,0,0,2,1.0,0,0,3.0,2,0,0,1,0,9,0,3.0,12.0,5.05,2,116.46666670000002,0,1,1,42.7,0,0,1,25.0,2.0,2
65.45,1,0,2,0,0,2,1.0,1,1,3.0,2,0,0,1,0,9,0,2.0,9.0,5.052,2,116.46666670000002,0,1,1,85.86,0,0,1,26.0,2.0,2
64.94,1,0,2,0,0,2,1.0,1,1,2.0,2,0,0,1,0,9,0,0.0,8.0,3.03,2,116.46666670000002,0,1,1,123.42,0,0,1,15.0,1.0,2
63.22,1,0,3,0,0,2,1.0,1,1,3.0,2,0,1,1,0,9,0,0.0,9.0,4.04,3,116.46666670000002,0,1,1,176.38,0,0,1,20.0,1.0,2
83.32,1,0,4,0,0,2,1.0,1,1,1.0,2,0,5,1,0,9,0,0.0,4.0,2.04,4,116.46666670000002,0,1,1,146.84,0,0,1,20.0,1.0,2
64.08,1,0,2,0,0,2,1.0,1,1,2.0,2,0,0,1,0,9,0,1.0,3.0,4.006,2,116.46666670000002,0,1,1,31.38,1,0,1,3.0,2.0,2
46.52,1,0,6,0,0,2,1.0,1,1,2.0,2,0,0,1,0,9,0,0.0,5.0,4.044,0,116.46666670000002,0,1,1,188.88,0,0,1,10.0,1.0,2
52.93,1,0,6,0,0,2,1.0,0,0,2.0,2,0,0,1,0,9,0,2.0,1.0,4.044,0,116.46666670000002,0,1,1,155.76,1,0,1,17.0,2.0,2
63.16,1,0,6,0,0,2,1.0,1,1,1.0,2,0,0,1,0,9,0,1.0,7.0,3.3,0,116.46666670000002,0,1,1,60.36,0,0,1,15.0,2.0,2
82.56,1,0,6,0,0,2,1.0,1,1,3.0,2,0,0,1,0,9,0,3.0,3.0,5.36,0,116.46666670000002,0,1,1,182.37,0,0,1,18.0,2.0,2
61.11,1,0,6,0,0,2,3.0,1,1,3.0,2,0,0,1,0,9,0,0.0,4.0,4.044,0,116.46666670000002,0,1,1,99.095,0,0,1,22.41,0.0,2
76.22,1,0,6,0,0,2,1.0,0,0,3.0,2,0,0,1,0,9,0,0.0,8.0,4.62,0,116.46666670000002,0,1,1,46.88,1,0,1,31.0,2.0,2
69.0,1,0,2,0,0,2,9.0,0,0,3.0,2,0,0,1,0,9,0,2.0,3.0,4.044,2,116.46666670000002,0,1,1,55.63,1,0,1,28.0,2.0,2
72.0,1,0,2,0,0,2,9.0,0,0,3.0,2,0,0,1,0,9,0,0.0,5.0,4.044,2,116.46666670000002,0,1,1,54.9,0,0,1,23.0,2.0,2
64.35,1,0,6,0,0,2,1.0,1,1,3.0,2,0,0,1,0,9,0,0.0,2.0,4.38,0,116.46666670000002,0,1,1,72.76,0,0,1,19.0,2.0,2
67.58,1,0,6,0,0,2,1.0,1,1,1.0,2,0,0,1,0,9,0,0.0,5.0,2.18,0,116.46666670000002,0,1,1,62.43,0,0,1,9.0,1.0,2
70.05,1,0,6,0,0,2,1.0,1,1,1.0,2,0,0,1,0,9,0,0.0,2.0,2.54,0,116.46666670000002,0,1,1,4.93,1,0,1,27.0,1.0,2
63.6,1,0,6,0,0,2,1.0,1,1,2.0,2,0,0,1,0,9,0,0.0,4.0,4.56,0,116.46666670000002,0,1,1,16.18,1,0,1,28.0,2.0,2
61.11,1,0,6,0,0,2,3.0,1,1,3.0,2,0,0,1,0,9,0,0.0,6.0,4.044,0,116.46666670000002,0,1,1,99.095,0,0,1,22.41,0.0,2
61.11,1,0,6,0,0,2,3.0,1,1,3.0,2,0,0,1,0,9,0,0.0,7.0,4.044,0,116.46666670000002,0,1,1,99.095,0,0,1,22.41,0.0,2
